issue_time,target_time,network,district_id,lead_minutes,architecture_id,architecture_name,regional_risk_prediction,site_risk_score,critical_load_coverage_ratio,estimated_backup_duration_hours
2026-08-03 21:00:00+00:00,2026-08-03 22:00:00+00:00,SEPD,ALDE,60,hvdc_2n,IT Power 2N + HVDC 2N,0.0073660374508564,0.06550226188287703,1.0,8.9
2026-08-03 21:00:00+00:00,2026-08-03 22:00:00+00:00,SEPD,ALDE,60,mains_2n,IT Power 2N + Direct Utility 2N,0.0073660374508564,0.19366965375216916,1.0,0.05
2026-08-03 21:00:00+00:00,2026-08-03 22:00:00+00:00,SEPD,ALDE,60,ups_2n,IT Power 2N + UPS 2N,0.0073660374508564,0.09016618038300066,1.0,9.0
2026-08-03 21:00:00+00:00,2026-08-03 22:00:00+00:00,SEPD,ALDE,60,ups_dr,IT Power 2N + UPS Distributed Redundancy,0.0073660374508564,0.13022468804628495,1.0,6.75
2026-07-31 09:00:00+00:00,2026-07-31 11:00:00+00:00,SEPD,ALDE,120,hvdc_2n,IT Power 2N + HVDC 2N,0.0131872158744012,0.0700996387318661,1.0,8.9
2026-07-31 09:00:00+00:00,2026-07-31 11:00:00+00:00,SEPD,ALDE,120,mains_2n,IT Power 2N + Direct Utility 2N,0.0131872158744012,0.20292249024786058,1.0,0.05
2026-07-31 09:00:00+00:00,2026-07-31 11:00:00+00:00,SEPD,ALDE,120,ups_2n,IT Power 2N + UPS 2N,0.0131872158744012,0.0960631764452802,1.0,9.0
2026-07-31 09:00:00+00:00,2026-07-31 11:00:00+00:00,SEPD,ALDE,120,ups_dr,IT Power 2N + UPS Distributed Redundancy,0.0131872158744012,0.1376507553966755,1.0,6.75
2026-08-03 16:00:00+00:00,2026-08-03 19:00:00+00:00,SEPD,ALDE,180,hvdc_2n,IT Power 2N + HVDC 2N,0.0154995756741521,0.0720073708007047,1.0,8.9
2026-08-03 16:00:00+00:00,2026-08-03 19:00:00+00:00,SEPD,ALDE,180,mains_2n,IT Power 2N + Direct Utility 2N,0.0154995756741521,0.2066883170768805,1.0,0.05
2026-08-03 16:00:00+00:00,2026-08-03 19:00:00+00:00,SEPD,ALDE,180,ups_2n,IT Power 2N + UPS 2N,0.0154995756741521,0.0984998581505829,1.0,9.0
2026-08-03 16:00:00+00:00,2026-08-03 19:00:00+00:00,SEPD,ALDE,180,ups_dr,IT Power 2N + UPS Distributed Redundancy,0.0154995756741521,0.14069800179294878,1.0,6.75
2026-08-01 17:00:00+00:00,2026-08-01 21:00:00+00:00,SEPD,ALDE,240,hvdc_2n,IT Power 2N + HVDC 2N,0.0115537994572946,0.06878032297715882,1.0,8.9
2026-08-01 17:00:00+00:00,2026-08-01 21:00:00+00:00,SEPD,ALDE,240,mains_2n,IT Power 2N + Direct Utility 2N,0.0115537994572946,0.20029333807868918,1.0,0.05
2026-08-01 17:00:00+00:00,2026-08-01 21:00:00+00:00,SEPD,ALDE,240,ups_2n,IT Power 2N + UPS 2N,0.0115537994572946,0.09437454693262792,1.0,9.0
2026-08-01 17:00:00+00:00,2026-08-01 21:00:00+00:00,SEPD,ALDE,240,ups_dr,IT Power 2N + UPS Distributed Redundancy,0.0115537994572946,0.13553180176641613,1.0,6.75
2026-08-03 20:00:00+00:00,2026-08-04 01:00:00+00:00,SEPD,ALDE,300,hvdc_2n,IT Power 2N + HVDC 2N,0.0148243639385308,0.07144541401130015,1.0,8.9
2026-08-03 20:00:00+00:00,2026-08-04 01:00:00+00:00,SEPD,ALDE,300,mains_2n,IT Power 2N + Direct Utility 2N,0.0148243639385308,0.20558337666991044,1.0,0.05
2026-08-03 20:00:00+00:00,2026-08-04 01:00:00+00:00,SEPD,ALDE,300,ups_2n,IT Power 2N + UPS 2N,0.0148243639385308,0.09778270861250256,1.0,9.0
2026-08-03 20:00:00+00:00,2026-08-04 01:00:00+00:00,SEPD,ALDE,300,ups_dr,IT Power 2N + UPS Distributed Redundancy,0.0148243639385308,0.13980241642556926,1.0,6.75
2026-08-02 11:00:00+00:00,2026-08-02 17:00:00+00:00,SEPD,ALDE,360,hvdc_2n,IT Power 2N + HVDC 2N,0.0136839991941291,0.07050551041678214,1.0,8.9
2026-08-02 11:00:00+00:00,2026-08-02 17:00:00+00:00,SEPD,ALDE,360,mains_2n,IT Power 2N + Direct Utility 2N,0.0136839991941291,0.2037271981541731,1.0,0.05
2026-08-02 11:00:00+00:00,2026-08-02 17:00:00+00:00,SEPD,ALDE,360,ups_2n,IT Power 2N + UPS 2N,0.0136839991941291,0.09658208285881327,1.0,9.0
2026-08-02 11:00:00+00:00,2026-08-02 17:00:00+00:00,SEPD,ALDE,360,ups_dr,IT Power 2N + UPS Distributed Redundancy,0.0136839991941291,0.13830070725941693,1.0,6.75
2026-08-01 14:00:00+00:00,2026-08-01 21:00:00+00:00,SEPD,ALDE,420,hvdc_2n,IT Power 2N + HVDC 2N,0.0174195843081708,0.07362767925888009,1.0,8.9
2026-08-01 14:00:00+00:00,2026-08-01 21:00:00+00:00,SEPD,ALDE,420,mains_2n,IT Power 2N + Direct Utility 2N,0.0174195843081708,0.20985425382385742,1.0,0.05
2026-08-01 14:00:00+00:00,2026-08-01 21:00:00+00:00,SEPD,ALDE,420,ups_2n,IT Power 2N + UPS 2N,0.0174195843081708,0.10056477527342192,1.0,9.0
2026-08-01 14:00:00+00:00,2026-08-01 21:00:00+00:00,SEPD,ALDE,420,ups_dr,IT Power 2N + UPS Distributed Redundancy,0.0174195843081708,0.1432708938139153,1.0,6.75
2026-07-31 22:00:00+00:00,2026-08-01 06:00:00+00:00,SEPD,ALDE,480,hvdc_2n,IT Power 2N + HVDC 2N,0.0154149516287491,0.07193671811718615,1.0,8.9
2026-07-31 22:00:00+00:00,2026-08-01 06:00:00+00:00,SEPD,ALDE,480,mains_2n,IT Power 2N + Direct Utility 2N,0.0154149516287491,0.2065495949457228,1.0,0.05
2026-07-31 22:00:00+00:00,2026-08-01 06:00:00+00:00,SEPD,ALDE,480,ups_2n,IT Power 2N + UPS 2N,0.0154149516287491,0.09840972192629854,1.0,9.0
2026-07-31 22:00:00+00:00,2026-08-01 06:00:00+00:00,SEPD,ALDE,480,ups_dr,IT Power 2N + UPS Distributed Redundancy,0.0154149516287491,0.14058549598125936,1.0,6.75
2026-08-02 12:00:00+00:00,2026-08-02 21:00:00+00:00,SEPD,ALDE,540,hvdc_2n,IT Power 2N + HVDC 2N,0.0196718116371943,0.07557108965590503,1.0,8.9
2026-08-02 12:00:00+00:00,2026-08-02 21:00:00+00:00,SEPD,ALDE,540,mains_2n,IT Power 2N + Direct Utility 2N,0.0196718116371943,0.21361319945970272,1.0,0.05
2026-08-02 12:00:00+00:00,2026-08-02 21:00:00+00:00,SEPD,ALDE,540,ups_2n,IT Power 2N + UPS 2N,0.0196718116371943,0.10303590992732968,1.0,9.0
2026-08-02 12:00:00+00:00,2026-08-02 21:00:00+00:00,SEPD,ALDE,540,ups_dr,IT Power 2N + UPS Distributed Redundancy,0.0196718116371943,0.1463387800660737,1.0,6.75
2026-08-01 20:00:00+00:00,2026-08-02 06:00:00+00:00,SEPD,ALDE,600,hvdc_2n,IT Power 2N + HVDC 2N,0.0184162604060737,0.07448195521966638,1.0,8.9
2026-08-01 20:00:00+00:00,2026-08-02 06:00:00+00:00,SEPD,ALDE,600,mains_2n,IT Power 2N + Direct Utility 2N,0.0184162604060737,0.21151167597579218,1.0,0.05
2026-08-01 20:00:00+00:00,2026-08-02 06:00:00+00:00,SEPD,ALDE,600,ups_2n,IT Power 2N + UPS 2N,0.0184162604060737,0.10165176537537687,1.0,9.0
2026-08-01 20:00:00+00:00,2026-08-02 06:00:00+00:00,SEPD,ALDE,600,ups_dr,IT Power 2N + UPS Distributed Redundancy,0.0184162604060737,0.14462186379550318,1.0,6.75
2026-08-03 12:00:00+00:00,2026-08-03 23:00:00+00:00,SEPD,ALDE,660,hvdc_2n,IT Power 2N + HVDC 2N,0.042930230019694,0.09855607842353341,1.0,8.9
2026-08-03 12:00:00+00:00,2026-08-03 23:00:00+00:00,SEPD,ALDE,660,mains_2n,IT Power 2N + Direct Utility 2N,0.042930230019694,0.2552704236068408,1.0,0.05
2026-08-03 12:00:00+00:00,2026-08-03 23:00:00+00:00,SEPD,ALDE,660,ups_2n,IT Power 2N + UPS 2N,0.042930230019694,0.131834245553333,1.0,9.0
2026-08-03 12:00:00+00:00,2026-08-03 23:00:00+00:00,SEPD,ALDE,660,ups_dr,IT Power 2N + UPS Distributed Redundancy,0.042930230019694,0.1812698897174534,1.0,6.75
2026-08-02 04:00:00+00:00,2026-08-02 16:00:00+00:00,SEPD,ALDE,720,hvdc_2n,IT Power 2N + HVDC 2N,0.0181976430358288,0.07429379593421377,1.0,8.9
2026-08-02 04:00:00+00:00,2026-08-02 16:00:00+00:00,SEPD,ALDE,720,mains_2n,IT Power 2N + Direct Utility 2N,0.0181976430358288,0.2111473079250867,1.0,0.05
2026-08-02 04:00:00+00:00,2026-08-02 16:00:00+00:00,SEPD,ALDE,720,ups_2n,IT Power 2N + UPS 2N,0.0181976430358288,0.10141244939850573,1.0,9.0
2026-08-02 04:00:00+00:00,2026-08-02 16:00:00+00:00,SEPD,ALDE,720,ups_dr,IT Power 2N + UPS Distributed Redundancy,0.0181976430358288,0.1443246299588056,1.0,6.75
2026-08-03 10:00:00+00:00,2026-08-03 23:00:00+00:00,SEPD,ALDE,780,hvdc_2n,IT Power 2N + HVDC 2N,0.0384784149872637,0.0937214339743085,1.0,8.9
2026-08-03 10:00:00+00:00,2026-08-03 23:00:00+00:00,SEPD,ALDE,780,mains_2n,IT Power 2N + Direct Utility 2N,0.0384784149872637,0.2468997721540736,1.0,0.05
2026-08-03 10:00:00+00:00,2026-08-03 23:00:00+00:00,SEPD,ALDE,780,ups_2n,IT Power 2N + UPS 2N,0.0384784149872637,0.12583924607206057,1.0,9.0
2026-08-03 10:00:00+00:00,2026-08-03 23:00:00+00:00,SEPD,ALDE,780,ups_dr,IT Power 2N + UPS Distributed Redundancy,0.0384784149872637,0.17411530241848375,1.0,6.75
2026-08-03 08:00:00+00:00,2026-08-03 22:00:00+00:00,SEPD,ALDE,840,hvdc_2n,IT Power 2N + HVDC 2N,0.0149507402512522,0.07155028407003156,1.0,8.9
2026-08-03 08:00:00+00:00,2026-08-03 22:00:00+00:00,SEPD,ALDE,840,mains_2n,IT Power 2N + Direct Utility 2N,0.0149507402512522,0.20578984980850332,1.0,0.05
2026-08-03 08:00:00+00:00,2026-08-03 22:00:00+00:00,SEPD,ALDE,840,ups_2n,IT Power 2N + UPS 2N,0.0149507402512522,0.09791657915982684,1.0,9.0
2026-08-03 08:00:00+00:00,2026-08-03 22:00:00+00:00,SEPD,ALDE,840,ups_dr,IT Power 2N + UPS Distributed Redundancy,0.0149507402512522,0.13996967512204256,1.0,6.75
2026-08-01 23:00:00+00:00,2026-08-02 14:00:00+00:00,SEPD,ALDE,900,hvdc_2n,IT Power 2N + HVDC 2N,0.018348899311074,0.07442393230931806,1.0,8.9
2026-08-01 23:00:00+00:00,2026-08-02 14:00:00+00:00,SEPD,ALDE,900,mains_2n,IT Power 2N + Direct Utility 2N,0.018348899311074,0.21139935668636542,1.0,0.05
2026-08-01 23:00:00+00:00,2026-08-02 14:00:00+00:00,SEPD,ALDE,900,ups_2n,IT Power 2N + UPS 2N,0.018348899311074,0.1015779732217716,1.0,9.0
2026-08-01 23:00:00+00:00,2026-08-02 14:00:00+00:00,SEPD,ALDE,900,ups_dr,IT Power 2N + UPS Distributed Redundancy,0.018348899311074,0.14453022496092047,1.0,6.75
2026-08-02 05:00:00+00:00,2026-08-02 21:00:00+00:00,SEPD,ALDE,960,hvdc_2n,IT Power 2N + HVDC 2N,0.0174089519233158,0.07361861478142702,1.0,8.9
2026-08-02 05:00:00+00:00,2026-08-02 21:00:00+00:00,SEPD,ALDE,960,mains_2n,IT Power 2N + Direct Utility 2N,0.0174089519233158,0.20983662423137137,1.0,0.05
2026-08-02 05:00:00+00:00,2026-08-02 21:00:00+00:00,SEPD,ALDE,960,ups_2n,IT Power 2N + UPS 2N,0.0174089519233158,0.10055323527949106,1.0,9.0
2026-08-02 05:00:00+00:00,2026-08-02 21:00:00+00:00,SEPD,ALDE,960,ups_dr,IT Power 2N + UPS Distributed Redundancy,0.0174089519233158,0.1432565386966119,1.0,6.75
2026-08-02 06:00:00+00:00,2026-08-02 23:00:00+00:00,SEPD,ALDE,1020,hvdc_2n,IT Power 2N + HVDC 2N,0.0149420272754173,0.07154304927874336,1.0,8.9
2026-08-02 06:00:00+00:00,2026-08-02 23:00:00+00:00,SEPD,ALDE,1020,mains_2n,IT Power 2N + Direct Utility 2N,0.0149420272754173,0.2057756096520816,1.0,0.05
2026-08-02 06:00:00+00:00,2026-08-02 23:00:00+00:00,SEPD,ALDE,1020,ups_2n,IT Power 2N + UPS 2N,0.0149420272754173,0.09790734425484514,1.0,9.0
2026-08-02 06:00:00+00:00,2026-08-02 23:00:00+00:00,SEPD,ALDE,1020,ups_dr,IT Power 2N + UPS Distributed Redundancy,0.0149420272754173,0.1399581381476638,1.0,6.75
2026-08-03 08:00:00+00:00,2026-08-04 02:00:00+00:00,SEPD,ALDE,1080,hvdc_2n,IT Power 2N + HVDC 2N,0.0145701308822621,0.07123487508899357,1.0,8.9
2026-08-03 08:00:00+00:00,2026-08-04 02:00:00+00:00,SEPD,ALDE,1080,mains_2n,IT Power 2N + Direct Utility 2N,0.0145701308822621,0.2051684769389837,1.0,0.05
2026-08-03 08:00:00+00:00,2026-08-04 02:00:00+00:00,SEPD,ALDE,1080,ups_2n,IT Power 2N + UPS 2N,0.0145701308822621,0.09751389358166397,1.0,9.0
2026-08-03 08:00:00+00:00,2026-08-04 02:00:00+00:00,SEPD,ALDE,1080,ups_dr,IT Power 2N + UPS Distributed Redundancy,0.0145701308822621,0.13946644676104686,1.0,6.75
2026-08-02 11:00:00+00:00,2026-08-03 06:00:00+00:00,SEPD,ALDE,1140,hvdc_2n,IT Power 2N + HVDC 2N,0.0172425836760528,0.0734769138062756,1.0,8.9
2026-08-02 11:00:00+00:00,2026-08-03 06:00:00+00:00,SEPD,ALDE,1140,mains_2n,IT Power 2N + Direct Utility 2N,0.0172425836760528,0.2095609101624295,1.0,0.05
2026-08-02 11:00:00+00:00,2026-08-03 06:00:00+00:00,SEPD,ALDE,1140,ups_2n,IT Power 2N + UPS 2N,0.0172425836760528,0.10037281852759082,1.0,9.0
2026-08-02 11:00:00+00:00,2026-08-03 06:00:00+00:00,SEPD,ALDE,1140,ups_dr,IT Power 2N + UPS Distributed Redundancy,0.0172425836760528,0.14303207566866574,1.0,6.75
2026-08-02 08:00:00+00:00,2026-08-03 04:00:00+00:00,SEPD,ALDE,1200,hvdc_2n,IT Power 2N + HVDC 2N,0.0141805182300783,0.07091333520837202,1.0,8.9
2026-08-02 08:00:00+00:00,2026-08-03 04:00:00+00:00,SEPD,ALDE,1200,mains_2n,IT Power 2N + Direct Utility 2N,0.0141805182300783,0.20453384835050492,1.0,0.05
2026-08-02 08:00:00+00:00,2026-08-03 04:00:00+00:00,SEPD,ALDE,1200,ups_2n,IT Power 2N + UPS 2N,0.0141805182300783,0.09710321310400301,1.0,9.0
2026-08-02 08:00:00+00:00,2026-08-03 04:00:00+00:00,SEPD,ALDE,1200,ups_dr,IT Power 2N + UPS Distributed Redundancy,0.0141805182300783,0.1389528857033315,1.0,6.75
2026-07-31 17:00:00+00:00,2026-08-01 14:00:00+00:00,SEPD,ALDE,1260,hvdc_2n,IT Power 2N + HVDC 2N,0.0202879037205212,0.07611085444099347,1.0,8.9
2026-07-31 17:00:00+00:00,2026-08-01 14:00:00+00:00,SEPD,ALDE,1260,mains_2n,IT Power 2N + Direct Utility 2N,0.0202879037205212,0.21464995293775085,1.0,0.05
2026-07-31 17:00:00+00:00,2026-08-01 14:00:00+00:00,SEPD,ALDE,1260,ups_2n,IT Power 2N + UPS 2N,0.0202879037205212,0.10372118509996522,1.0,9.0
2026-07-31 17:00:00+00:00,2026-08-01 14:00:00+00:00,SEPD,ALDE,1260,ups_dr,IT Power 2N + UPS Distributed Redundancy,0.0202879037205212,0.14718742062127357,1.0,6.75
2026-07-31 15:00:00+00:00,2026-08-01 13:00:00+00:00,SEPD,ALDE,1320,hvdc_2n,IT Power 2N + HVDC 2N,0.0967302157533415,0.17640850335912392,1.0,8.9
2026-07-31 15:00:00+00:00,2026-08-01 13:00:00+00:00,SEPD,ALDE,1320,mains_2n,IT Power 2N + Direct Utility 2N,0.0967302157533415,0.3698878792190296,1.0,0.05
2026-07-31 15:00:00+00:00,2026-08-01 13:00:00+00:00,SEPD,ALDE,1320,ups_2n,IT Power 2N + UPS 2N,0.0967302157533415,0.22456875328471776,1.0,9.0
2026-07-31 15:00:00+00:00,2026-08-01 13:00:00+00:00,SEPD,ALDE,1320,ups_dr,IT Power 2N + UPS Distributed Redundancy,0.0967302157533415,0.28578023010824966,1.0,6.75
2026-08-02 20:00:00+00:00,2026-08-03 19:00:00+00:00,SEPD,ALDE,1380,hvdc_2n,IT Power 2N + HVDC 2N,0.0213637494324994,0.07706190293256145,1.0,8.9
2026-08-02 20:00:00+00:00,2026-08-03 19:00:00+00:00,SEPD,ALDE,1380,mains_2n,IT Power 2N + Direct Utility 2N,0.0213637494324994,0.21646913081438524,1.0,0.05
2026-08-02 20:00:00+00:00,2026-08-03 19:00:00+00:00,SEPD,ALDE,1380,ups_2n,IT Power 2N + UPS 2N,0.0213637494324994,0.10492750735301472,1.0,9.0
2026-08-02 20:00:00+00:00,2026-08-03 19:00:00+00:00,SEPD,ALDE,1380,ups_dr,IT Power 2N + UPS Distributed Redundancy,0.0213637494324994,0.14867911201074394,1.0,6.75
2026-08-03 01:00:00+00:00,2026-08-04 01:00:00+00:00,SEPD,ALDE,1440,hvdc_2n,IT Power 2N + HVDC 2N,0.0133151823790843,0.07020398025549422,1.0,8.9
2026-08-03 01:00:00+00:00,2026-08-04 01:00:00+00:00,SEPD,ALDE,1440,mains_2n,IT Power 2N + Direct Utility 2N,0.0133151823790843,0.20312954829784305,1.0,0.05
2026-08-03 01:00:00+00:00,2026-08-04 01:00:00+00:00,SEPD,ALDE,1440,ups_2n,IT Power 2N + UPS 2N,0.0133151823790843,0.09619660290402926,1.0,9.0
2026-08-03 01:00:00+00:00,2026-08-04 01:00:00+00:00,SEPD,ALDE,1440,ups_dr,IT Power 2N + UPS Distributed Redundancy,0.0133151823790843,0.13781793076073245,1.0,6.75
2026-08-02 23:00:00+00:00,2026-08-04 00:00:00+00:00,SEPD,ALDE,1500,hvdc_2n,IT Power 2N + HVDC 2N,0.0129093120107434,0.06987353471812353,1.0,8.9
2026-08-02 23:00:00+00:00,2026-08-04 00:00:00+00:00,SEPD,ALDE,1500,mains_2n,IT Power 2N + Direct Utility 2N,0.0129093120107434,0.2024733658552512,1.0,0.05
2026-08-02 23:00:00+00:00,2026-08-04 00:00:00+00:00,SEPD,ALDE,1500,ups_2n,IT Power 2N + UPS 2N,0.0129093120107434,0.09577398474796218,1.0,9.0
2026-08-02 23:00:00+00:00,2026-08-04 00:00:00+00:00,SEPD,ALDE,1500,ups_dr,IT Power 2N + UPS Distributed Redundancy,0.0129093120107434,0.13728828885434333,1.0,6.75
2026-08-02 19:00:00+00:00,2026-08-03 21:00:00+00:00,SEPD,ALDE,1560,hvdc_2n,IT Power 2N + HVDC 2N,0.0233427772580801,0.07883985321352863,1.0,8.9
2026-08-02 19:00:00+00:00,2026-08-03 21:00:00+00:00,SEPD,ALDE,1560,mains_2n,IT Power 2N + Direct Utility 2N,0.0233427772580801,0.21984459486596442,1.0,0.05
2026-08-02 19:00:00+00:00,2026-08-03 21:00:00+00:00,SEPD,ALDE,1560,ups_2n,IT Power 2N + UPS 2N,0.0233427772580801,0.10717891445440934,1.0,9.0
2026-08-02 19:00:00+00:00,2026-08-03 21:00:00+00:00,SEPD,ALDE,1560,ups_dr,IT Power 2N + UPS Distributed Redundancy,0.0233427772580801,0.15145565758733817,1.0,6.75
2026-08-01 06:00:00+00:00,2026-08-02 09:00:00+00:00,SEPD,ALDE,1620,hvdc_2n,IT Power 2N + HVDC 2N,0.0181880435081102,0.0742855438544298,1.0,8.9
2026-08-01 06:00:00+00:00,2026-08-02 09:00:00+00:00,SEPD,ALDE,1620,mains_2n,IT Power 2N + Direct Utility 2N,0.0181880435081102,0.21113131899936027,1.0,0.05
2026-08-01 06:00:00+00:00,2026-08-02 09:00:00+00:00,SEPD,ALDE,1620,ups_2n,IT Power 2N + UPS 2N,0.0181880435081102,0.10140195245543025,1.0,9.0
2026-08-01 06:00:00+00:00,2026-08-02 09:00:00+00:00,SEPD,ALDE,1620,ups_dr,IT Power 2N + UPS Distributed Redundancy,0.0181880435081102,0.1443115900148445,1.0,6.75
2026-08-02 15:00:00+00:00,2026-08-03 19:00:00+00:00,SEPD,ALDE,1680,hvdc_2n,IT Power 2N + HVDC 2N,0.0264813442477861,0.0817365398576813,1.0,8.9
2026-08-02 15:00:00+00:00,2026-08-03 19:00:00+00:00,SEPD,ALDE,1680,mains_2n,IT Power 2N + Direct Utility 2N,0.0264813442477861,0.22527494625122713,1.0,0.05
2026-08-02 15:00:00+00:00,2026-08-03 19:00:00+00:00,SEPD,ALDE,1680,ups_2n,IT Power 2N + UPS 2N,0.0264813442477861,0.11083661053961726,1.0,9.0
2026-08-02 15:00:00+00:00,2026-08-03 19:00:00+00:00,SEPD,ALDE,1680,ups_dr,IT Power 2N + UPS Distributed Redundancy,0.0264813442477861,0.1559461930755198,1.0,6.75
2026-08-02 19:00:00+00:00,2026-08-04 00:00:00+00:00,SEPD,ALDE,1740,hvdc_2n,IT Power 2N + HVDC 2N,0.0223126140990001,0.07790972661824569,1.0,8.9
2026-08-02 19:00:00+00:00,2026-08-04 00:00:00+00:00,SEPD,ALDE,1740,mains_2n,IT Power 2N + Direct Utility 2N,0.0223126140990001,0.21808283178297966,1.0,0.05
2026-08-02 19:00:00+00:00,2026-08-04 00:00:00+00:00,SEPD,ALDE,1740,ups_2n,IT Power 2N + UPS 2N,0.0223126140990001,0.10600171052600359,1.0,9.0
2026-08-02 19:00:00+00:00,2026-08-04 00:00:00+00:00,SEPD,ALDE,1740,ups_dr,IT Power 2N + UPS Distributed Redundancy,0.0223126140990001,0.15000507590655654,1.0,6.75
2026-07-31 18:00:00+00:00,2026-08-02 00:00:00+00:00,SEPD,ALDE,1800,hvdc_2n,IT Power 2N + HVDC 2N,0.0194699956270543,0.07539504216124382,1.0,8.9
2026-07-31 18:00:00+00:00,2026-08-02 00:00:00+00:00,SEPD,ALDE,1800,mains_2n,IT Power 2N + Direct Utility 2N,0.0194699956270543,0.2132743796218896,1.0,0.05
2026-07-31 18:00:00+00:00,2026-08-02 00:00:00+00:00,SEPD,ALDE,1800,ups_2n,IT Power 2N + UPS 2N,0.0194699956270543,0.10281230415917106,1.0,9.0
2026-07-31 18:00:00+00:00,2026-08-02 00:00:00+00:00,SEPD,ALDE,1800,ups_dr,IT Power 2N + UPS Distributed Redundancy,0.0194699956270543,0.14606167002244097,1.0,6.75
2026-08-01 23:00:00+00:00,2026-08-03 06:00:00+00:00,SEPD,ALDE,1860,hvdc_2n,IT Power 2N + HVDC 2N,0.015693012134213,0.0721691114892175,1.0,8.9
2026-08-01 23:00:00+00:00,2026-08-03 06:00:00+00:00,SEPD,ALDE,1860,mains_2n,IT Power 2N + Direct Utility 2N,0.015693012134213,0.207005671427122,1.0,0.05
2026-08-01 23:00:00+00:00,2026-08-03 06:00:00+00:00,SEPD,ALDE,1860,ups_2n,IT Power 2N + UPS 2N,0.015693012134213,0.09870617074123106,1.0,9.0
2026-08-01 23:00:00+00:00,2026-08-03 06:00:00+00:00,SEPD,ALDE,1860,ups_dr,IT Power 2N + UPS Distributed Redundancy,0.015693012134213,0.14095545408553098,1.0,6.75
2026-08-02 10:00:00+00:00,2026-08-03 18:00:00+00:00,SEPD,ALDE,1920,hvdc_2n,IT Power 2N + HVDC 2N,0.0181846741457792,0.07428264763611579,1.0,8.9
2026-08-02 10:00:00+00:00,2026-08-03 18:00:00+00:00,SEPD,ALDE,1920,mains_2n,IT Power 2N + Direct Utility 2N,0.0181846741457792,0.2111257072164202,1.0,0.05
2026-08-02 10:00:00+00:00,2026-08-03 18:00:00+00:00,SEPD,ALDE,1920,ups_2n,IT Power 2N + UPS 2N,0.0181846741457792,0.10139826833557243,1.0,9.0
2026-08-02 10:00:00+00:00,2026-08-03 18:00:00+00:00,SEPD,ALDE,1920,ups_dr,IT Power 2N + UPS Distributed Redundancy,0.0181846741457792,0.14430701332441445,1.0,6.75
2026-08-02 15:00:00+00:00,2026-08-04 00:00:00+00:00,SEPD,ALDE,1980,hvdc_2n,IT Power 2N + HVDC 2N,0.0235778629004287,0.07905352863671902,1.0,8.9
2026-08-02 15:00:00+00:00,2026-08-04 00:00:00+00:00,SEPD,ALDE,1980,mains_2n,IT Power 2N + Direct Utility 2N,0.0235778629004287,0.2202480627239594,1.0,0.05
2026-08-02 15:00:00+00:00,2026-08-04 00:00:00+00:00,SEPD,ALDE,1980,ups_2n,IT Power 2N + UPS 2N,0.0235778629004287,0.10744916239314835,1.0,9.0
2026-08-02 15:00:00+00:00,2026-08-04 00:00:00+00:00,SEPD,ALDE,1980,ups_dr,IT Power 2N + UPS Distributed Redundancy,0.0235778629004287,0.15178829431888038,1.0,6.75
2026-07-29 20:00:00+00:00,2026-07-31 06:00:00+00:00,SEPD,ALDE,2040,hvdc_2n,IT Power 2N + HVDC 2N,0.0192633659826944,0.07521518597645471,1.0,8.9
2026-07-29 20:00:00+00:00,2026-07-31 06:00:00+00:00,SEPD,ALDE,2040,mains_2n,IT Power 2N + Direct Utility 2N,0.0192633659826944,0.21292788441709692,1.0,0.05
2026-07-29 20:00:00+00:00,2026-07-31 06:00:00+00:00,SEPD,ALDE,2040,ups_2n,IT Power 2N + UPS 2N,0.0192633659826944,0.10258381029131751,1.0,9.0
2026-07-29 20:00:00+00:00,2026-07-31 06:00:00+00:00,SEPD,ALDE,2040,ups_dr,IT Power 2N + UPS Distributed Redundancy,0.0192633659826944,0.14577840127814384,1.0,6.75
2026-07-30 20:00:00+00:00,2026-08-01 07:00:00+00:00,SEPD,ALDE,2100,hvdc_2n,IT Power 2N + HVDC 2N,0.018379851588299,0.07445058854743054,1.0,8.9
2026-07-30 20:00:00+00:00,2026-08-01 07:00:00+00:00,SEPD,ALDE,2100,mains_2n,IT Power 2N + Direct Utility 2N,0.018379851588299,0.2114509617345639,1.0,0.05
2026-07-30 20:00:00+00:00,2026-08-01 07:00:00+00:00,SEPD,ALDE,2100,ups_2n,IT Power 2N + UPS 2N,0.018379851588299,0.10161187465472904,1.0,9.0
2026-07-30 20:00:00+00:00,2026-08-01 07:00:00+00:00,SEPD,ALDE,2100,ups_dr,IT Power 2N + UPS Distributed Redundancy,0.018379851588299,0.14457232681301865,1.0,6.75
2026-07-31 10:00:00+00:00,2026-08-01 22:00:00+00:00,SEPD,ALDE,2160,hvdc_2n,IT Power 2N + HVDC 2N,0.0152077430271034,0.07176398941380105,1.0,8.9
2026-07-31 10:00:00+00:00,2026-08-01 22:00:00+00:00,SEPD,ALDE,2160,mains_2n,IT Power 2N + Direct Utility 2N,0.0152077430271034,0.20621021375898538,1.0,0.05
2026-07-31 10:00:00+00:00,2026-08-01 22:00:00+00:00,SEPD,ALDE,2160,ups_2n,IT Power 2N + UPS 2N,0.0152077430271034,0.09818932650071126,1.0,9.0
2026-07-31 10:00:00+00:00,2026-08-01 22:00:00+00:00,SEPD,ALDE,2160,ups_dr,IT Power 2N + UPS Distributed Redundancy,0.0152077430271034,0.14031033437244342,1.0,6.75
2026-07-31 16:00:00+00:00,2026-08-02 05:00:00+00:00,SEPD,ALDE,2220,hvdc_2n,IT Power 2N + HVDC 2N,0.0925450775415206,0.16893604658764486,1.0,8.9
2026-07-31 16:00:00+00:00,2026-08-02 05:00:00+00:00,SEPD,ALDE,2220,mains_2n,IT Power 2N + Direct Utility 2N,0.0925450775415206,0.3601877790545476,1.0,0.05
2026-07-31 16:00:00+00:00,2026-08-02 05:00:00+00:00,SEPD,ALDE,2220,ups_2n,IT Power 2N + UPS 2N,0.0925450775415206,0.21594438299419855,1.0,9.0
2026-07-31 16:00:00+00:00,2026-08-02 05:00:00+00:00,SEPD,ALDE,2220,ups_dr,IT Power 2N + UPS Distributed Redundancy,0.0925450775415206,0.27647711073490683,1.0,6.75
2026-07-31 18:00:00+00:00,2026-08-02 08:00:00+00:00,SEPD,ALDE,2280,hvdc_2n,IT Power 2N + HVDC 2N,0.020069369485597,0.07591899061686973,1.0,8.9
2026-07-31 18:00:00+00:00,2026-08-02 08:00:00+00:00,SEPD,ALDE,2280,mains_2n,IT Power 2N + Direct Utility 2N,0.020069369485597,0.21428178781466092,1.0,0.05
2026-07-31 18:00:00+00:00,2026-08-02 08:00:00+00:00,SEPD,ALDE,2280,ups_2n,IT Power 2N + UPS 2N,0.020069369485597,0.10347765088024241,1.0,9.0
2026-07-31 18:00:00+00:00,2026-08-02 08:00:00+00:00,SEPD,ALDE,2280,ups_dr,IT Power 2N + UPS Distributed Redundancy,0.020069369485597,0.14688593397989996,1.0,6.75
2026-08-02 06:00:00+00:00,2026-08-03 21:00:00+00:00,SEPD,ALDE,2340,hvdc_2n,IT Power 2N + HVDC 2N,0.0149169946228155,0.07152226725296294,1.0,8.9
2026-08-02 06:00:00+00:00,2026-08-03 21:00:00+00:00,SEPD,ALDE,2340,mains_2n,IT Power 2N + Direct Utility 2N,0.0149169946228155,0.20573470129845026,1.0,0.05
2026-08-02 06:00:00+00:00,2026-08-03 21:00:00+00:00,SEPD,ALDE,2340,ups_2n,IT Power 2N + UPS 2N,0.0149169946228155,0.09788081640324196,1.0,9.0
2026-08-02 06:00:00+00:00,2026-08-03 21:00:00+00:00,SEPD,ALDE,2340,ups_dr,IT Power 2N + UPS Distributed Redundancy,0.0149169946228155,0.1399249964884142,1.0,6.75
2026-08-01 18:00:00+00:00,2026-08-03 10:00:00+00:00,SEPD,ALDE,2400,hvdc_2n,IT Power 2N + HVDC 2N,0.0216267553616865,0.07729605162864424,1.0,8.9
2026-08-01 18:00:00+00:00,2026-08-03 10:00:00+00:00,SEPD,ALDE,2400,mains_2n,IT Power 2N + Direct Utility 2N,0.0216267553616865,0.21691554845609268,1.0,0.05
2026-08-01 18:00:00+00:00,2026-08-03 10:00:00+00:00,SEPD,ALDE,2400,ups_2n,IT Power 2N + UPS 2N,0.0216267553616865,0.1052242881799403,1.0,9.0
2026-08-01 18:00:00+00:00,2026-08-03 10:00:00+00:00,SEPD,ALDE,2400,ups_dr,IT Power 2N + UPS Distributed Redundancy,0.0216267553616865,0.1490456701000583,1.0,6.75
2026-08-02 06:00:00+00:00,2026-08-03 23:00:00+00:00,SEPD,ALDE,2460,hvdc_2n,IT Power 2N + HVDC 2N,0.0144529996624759,0.07113806767581446,1.0,8.9
2026-08-02 06:00:00+00:00,2026-08-03 23:00:00+00:00,SEPD,ALDE,2460,mains_2n,IT Power 2N + Direct Utility 2N,0.0144529996624759,0.2049775318994639,1.0,0.05
2026-08-02 06:00:00+00:00,2026-08-03 23:00:00+00:00,SEPD,ALDE,2460,ups_2n,IT Power 2N + UPS 2N,0.0144529996624759,0.09739026603772225,1.0,9.0
2026-08-02 06:00:00+00:00,2026-08-03 23:00:00+00:00,SEPD,ALDE,2460,ups_dr,IT Power 2N + UPS Distributed Redundancy,0.0144529996624759,0.13931188532598388,1.0,6.75
2026-07-28 18:00:00+00:00,2026-07-30 12:00:00+00:00,SEPD,ALDE,2520,hvdc_2n,IT Power 2N + HVDC 2N,0.0214771915980353,0.07716281829670676,1.0,8.9
2026-07-28 18:00:00+00:00,2026-07-30 12:00:00+00:00,SEPD,ALDE,2520,mains_2n,IT Power 2N + Direct Utility 2N,0.0214771915980353,0.21666160223721878,1.0,0.05
2026-07-28 18:00:00+00:00,2026-07-30 12:00:00+00:00,SEPD,ALDE,2520,ups_2n,IT Power 2N + UPS 2N,0.0214771915980353,0.10505542689227776,1.0,9.0
2026-07-28 18:00:00+00:00,2026-07-30 12:00:00+00:00,SEPD,ALDE,2520,ups_dr,IT Power 2N + UPS Distributed Redundancy,0.0214771915980353,0.14883712792264042,1.0,6.75
2026-08-02 05:00:00+00:00,2026-08-04 00:00:00+00:00,SEPD,ALDE,2580,hvdc_2n,IT Power 2N + HVDC 2N,0.0160403050547858,0.0724603392714536,1.0,8.9
2026-08-02 05:00:00+00:00,2026-08-04 00:00:00+00:00,SEPD,ALDE,2580,mains_2n,IT Power 2N + Direct Utility 2N,0.0160403050547858,0.20757634788861168,1.0,0.05
2026-08-02 05:00:00+00:00,2026-08-04 00:00:00+00:00,SEPD,ALDE,2580,ups_2n,IT Power 2N + UPS 2N,0.0160403050547858,0.09907754702820609,1.0,9.0
2026-08-02 05:00:00+00:00,2026-08-04 00:00:00+00:00,SEPD,ALDE,2580,ups_dr,IT Power 2N + UPS Distributed Redundancy,0.0160403050547858,0.1414186681707578,1.0,6.75
2026-07-30 21:00:00+00:00,2026-08-01 17:00:00+00:00,SEPD,ALDE,2640,hvdc_2n,IT Power 2N + HVDC 2N,0.0170515609487199,0.07331452356760298,1.0,8.9
2026-07-30 21:00:00+00:00,2026-08-01 17:00:00+00:00,SEPD,ALDE,2640,mains_2n,IT Power 2N + Direct Utility 2N,0.0170515609487199,0.20924466585765922,1.0,0.05
2026-07-30 21:00:00+00:00,2026-08-01 17:00:00+00:00,SEPD,ALDE,2640,ups_2n,IT Power 2N + UPS 2N,0.0170515609487199,0.10016602014842378,1.0,9.0
2026-07-30 21:00:00+00:00,2026-08-01 17:00:00+00:00,SEPD,ALDE,2640,ups_dr,IT Power 2N + UPS Distributed Redundancy,0.0170515609487199,0.14277471039805223,1.0,6.75
2026-08-02 00:00:00+00:00,2026-08-03 21:00:00+00:00,SEPD,ALDE,2700,hvdc_2n,IT Power 2N + HVDC 2N,0.0213071610488821,0.07701160852707294,1.0,8.9
2026-08-02 00:00:00+00:00,2026-08-03 21:00:00+00:00,SEPD,ALDE,2700,mains_2n,IT Power 2N + Direct Utility 2N,0.0213071610488821,0.21637316651720467,1.0,0.05
2026-08-02 00:00:00+00:00,2026-08-03 21:00:00+00:00,SEPD,ALDE,2700,ups_2n,IT Power 2N + UPS 2N,0.0213071610488821,0.104863748633152,1.0,9.0
2026-08-02 00:00:00+00:00,2026-08-03 21:00:00+00:00,SEPD,ALDE,2700,ups_dr,IT Power 2N + UPS Distributed Redundancy,0.0213071610488821,0.14860034066888192,1.0,6.75
2026-08-02 01:00:00+00:00,2026-08-03 23:00:00+00:00,SEPD,ALDE,2760,hvdc_2n,IT Power 2N + HVDC 2N,0.0166636893260848,0.0729858066695802,1.0,8.9
2026-08-02 01:00:00+00:00,2026-08-03 23:00:00+00:00,SEPD,ALDE,2760,mains_2n,IT Power 2N + Direct Utility 2N,0.0166636893260848,0.2086036120470615,1.0,0.05
2026-08-02 01:00:00+00:00,2026-08-03 23:00:00+00:00,SEPD,ALDE,2760,ups_2n,IT Power 2N + UPS 2N,0.0166636893260848,0.09974728077159835,1.0,9.0
2026-08-02 01:00:00+00:00,2026-08-03 23:00:00+00:00,SEPD,ALDE,2760,ups_dr,IT Power 2N + UPS Distributed Redundancy,0.0166636893260848,0.14225331777936878,1.0,6.75
2026-07-29 15:00:00+00:00,2026-07-31 14:00:00+00:00,SEPD,ALDE,2820,hvdc_2n,IT Power 2N + HVDC 2N,0.0178877329261821,0.07402781205363962,1.0,8.9
2026-07-29 15:00:00+00:00,2026-07-31 14:00:00+00:00,SEPD,ALDE,2820,mains_2n,IT Power 2N + Direct Utility 2N,0.0178877329261821,0.21063157096319218,1.0,0.05
2026-07-29 15:00:00+00:00,2026-07-31 14:00:00+00:00,SEPD,ALDE,2820,ups_2n,IT Power 2N + UPS 2N,0.0178877329261821,0.10107405366817271,1.0,9.0
2026-07-29 15:00:00+00:00,2026-07-31 14:00:00+00:00,SEPD,ALDE,2820,ups_dr,IT Power 2N + UPS Distributed Redundancy,0.0178877329261821,0.1439041442604124,1.0,6.75
2026-08-01 00:00:00+00:00,2026-08-03 00:00:00+00:00,SEPD,ALDE,2880,hvdc_2n,IT Power 2N + HVDC 2N,0.0154065300921551,0.07192969046928832,1.0,8.9
2026-08-01 00:00:00+00:00,2026-08-03 00:00:00+00:00,SEPD,ALDE,2880,mains_2n,IT Power 2N + Direct Utility 2N,0.0154065300921551,0.20653579349493809,1.0,0.05
2026-08-01 00:00:00+00:00,2026-08-03 00:00:00+00:00,SEPD,ALDE,2880,ups_2n,IT Power 2N + UPS 2N,0.0154065300921551,0.09840075585505559,1.0,9.0
2026-08-01 00:00:00+00:00,2026-08-03 00:00:00+00:00,SEPD,ALDE,2880,ups_dr,IT Power 2N + UPS Distributed Redundancy,0.0154065300921551,0.14057430385085665,1.0,6.75
2026-08-02 10:00:00+00:00,2026-08-02 11:00:00+00:00,SEPD,ANDO,60,hvdc_2n,IT Power 2N + HVDC 2N,0.0728178277358311,0.1370776503930299,1.0,8.9
2026-08-02 10:00:00+00:00,2026-08-02 11:00:00+00:00,SEPD,ANDO,60,mains_2n,IT Power 2N + Direct Utility 2N,0.0728178277358311,0.31608516288698935,1.0,0.05
2026-08-02 10:00:00+00:00,2026-08-02 11:00:00+00:00,SEPD,ANDO,60,ups_2n,IT Power 2N + UPS 2N,0.0728178277358311,0.1785523951528059,1.0,9.0
2026-08-02 10:00:00+00:00,2026-08-02 11:00:00+00:00,SEPD,ANDO,60,ups_dr,IT Power 2N + UPS Distributed Redundancy,0.0728178277358311,0.23523134584868785,1.0,6.75
2026-08-01 10:00:00+00:00,2026-08-01 12:00:00+00:00,SEPD,ANDO,120,hvdc_2n,IT Power 2N + HVDC 2N,0.0127400965063207,0.06973619069092589,1.0,8.9
2026-08-01 10:00:00+00:00,2026-08-01 12:00:00+00:00,SEPD,ANDO,120,mains_2n,IT Power 2N + Direct Utility 2N,0.0127400965063207,0.20220025777338294,1.0,0.05
2026-08-01 10:00:00+00:00,2026-08-01 12:00:00+00:00,SEPD,ANDO,120,ups_2n,IT Power 2N + UPS 2N,0.0127400965063207,0.09559827758151922,1.0,9.0
2026-08-01 10:00:00+00:00,2026-08-01 12:00:00+00:00,SEPD,ANDO,120,ups_dr,IT Power 2N + UPS Distributed Redundancy,0.0127400965063207,0.13706797653258337,1.0,6.75
2026-08-02 18:00:00+00:00,2026-08-02 21:00:00+00:00,SEPD,ANDO,180,hvdc_2n,IT Power 2N + HVDC 2N,0.0222353437163117,0.07784036628948711,1.0,8.9
2026-08-02 18:00:00+00:00,2026-08-02 21:00:00+00:00,SEPD,ANDO,180,mains_2n,IT Power 2N + Direct Utility 2N,0.0222353437163117,0.21795109693566048,1.0,0.05
2026-08-02 18:00:00+00:00,2026-08-02 21:00:00+00:00,SEPD,ANDO,180,ups_2n,IT Power 2N + UPS 2N,0.0222353437163117,0.10591387196623643,1.0,9.0
2026-08-02 18:00:00+00:00,2026-08-02 21:00:00+00:00,SEPD,ANDO,180,ups_dr,IT Power 2N + UPS Distributed Redundancy,0.0222353437163117,0.14989673341175472,1.0,6.75
2026-08-02 18:00:00+00:00,2026-08-02 22:00:00+00:00,SEPD,ANDO,240,hvdc_2n,IT Power 2N + HVDC 2N,0.0208492263422951,0.07660571273145775,1.0,8.9
2026-08-02 18:00:00+00:00,2026-08-02 22:00:00+00:00,SEPD,ANDO,240,mains_2n,IT Power 2N + Direct Utility 2N,0.0208492263422951,0.21559772009832448,1.0,0.05
2026-08-02 18:00:00+00:00,2026-08-02 22:00:00+00:00,SEPD,ANDO,240,ups_2n,IT Power 2N + UPS 2N,0.0208492263422951,0.10434904616303388,1.0,9.0
2026-08-02 18:00:00+00:00,2026-08-02 22:00:00+00:00,SEPD,ANDO,240,ups_dr,IT Power 2N + UPS Distributed Redundancy,0.0208492263422951,0.14796415989429743,1.0,6.75
2026-07-31 01:00:00+00:00,2026-07-31 06:00:00+00:00,SEPD,ANDO,300,hvdc_2n,IT Power 2N + HVDC 2N,0.0459023147470269,0.1019062612447713,1.0,8.9
2026-07-31 01:00:00+00:00,2026-07-31 06:00:00+00:00,SEPD,ANDO,300,mains_2n,IT Power 2N + Direct Utility 2N,0.0459023147470269,0.2609615535432858,1.0,0.05
2026-07-31 01:00:00+00:00,2026-07-31 06:00:00+00:00,SEPD,ANDO,300,ups_2n,IT Power 2N + UPS 2N,0.0459023147470269,0.1359701168031784,1.0,9.0
2026-07-31 01:00:00+00:00,2026-07-31 06:00:00+00:00,SEPD,ANDO,300,ups_dr,IT Power 2N + UPS Distributed Redundancy,0.0459023147470269,0.18617253424481783,1.0,6.75
2026-08-01 08:00:00+00:00,2026-08-01 14:00:00+00:00,SEPD,ANDO,360,hvdc_2n,IT Power 2N + HVDC 2N,0.0168371641963364,0.07313265652812606,1.0,8.9
2026-08-01 08:00:00+00:00,2026-08-01 14:00:00+00:00,SEPD,ANDO,360,mains_2n,IT Power 2N + Direct Utility 2N,0.0168371641963364,0.2088901432620851,1.0,0.05
2026-08-01 08:00:00+00:00,2026-08-01 14:00:00+00:00,SEPD,ANDO,360,ups_2n,IT Power 2N + UPS 2N,0.0168371641963364,0.09993436844524892,1.0,9.0
2026-08-01 08:00:00+00:00,2026-08-01 14:00:00+00:00,SEPD,ANDO,360,ups_dr,IT Power 2N + UPS Distributed Redundancy,0.0168371641963364,0.1424863130752117,1.0,6.75
2026-08-03 15:00:00+00:00,2026-08-03 22:00:00+00:00,SEPD,ANDO,420,hvdc_2n,IT Power 2N + HVDC 2N,0.0179609221015275,0.07409054836398678,1.0,8.9
2026-08-03 15:00:00+00:00,2026-08-03 22:00:00+00:00,SEPD,ANDO,420,mains_2n,IT Power 2N + Direct Utility 2N,0.0179609221015275,0.2107532853852902,1.0,0.05
2026-08-03 15:00:00+00:00,2026-08-03 22:00:00+00:00,SEPD,ANDO,420,ups_2n,IT Power 2N + UPS 2N,0.0179609221015275,0.10115387957481385,1.0,9.0
2026-08-03 15:00:00+00:00,2026-08-03 22:00:00+00:00,SEPD,ANDO,420,ups_dr,IT Power 2N + UPS Distributed Redundancy,0.0179609221015275,0.1440033552394619,1.0,6.75
2026-08-01 03:00:00+00:00,2026-08-01 11:00:00+00:00,SEPD,ANDO,480,hvdc_2n,IT Power 2N + HVDC 2N,0.0173555250563234,0.0735730820696174,1.0,8.9
2026-08-01 03:00:00+00:00,2026-08-01 11:00:00+00:00,SEPD,ANDO,480,mains_2n,IT Power 2N + Direct Utility 2N,0.0173555250563234,0.2097480534323059,1.0,0.05
2026-08-01 03:00:00+00:00,2026-08-01 11:00:00+00:00,SEPD,ANDO,480,ups_2n,IT Power 2N + UPS 2N,0.0173555250563234,0.10049526555384151,1.0,9.0
2026-08-01 03:00:00+00:00,2026-08-01 11:00:00+00:00,SEPD,ANDO,480,ups_dr,IT Power 2N + UPS Distributed Redundancy,0.0173555250563234,0.14318442353364993,1.0,6.75
2026-08-02 20:00:00+00:00,2026-08-03 05:00:00+00:00,SEPD,ANDO,540,hvdc_2n,IT Power 2N + HVDC 2N,0.0212673411670741,0.07697623560180603,1.0,8.9
2026-08-02 20:00:00+00:00,2026-08-03 05:00:00+00:00,SEPD,ANDO,540,mains_2n,IT Power 2N + Direct Utility 2N,0.0212673411670741,0.21630565721573322,1.0,0.05
2026-08-02 20:00:00+00:00,2026-08-03 05:00:00+00:00,SEPD,ANDO,540,ups_2n,IT Power 2N + UPS 2N,0.0212673411670741,0.10481890366326663,1.0,9.0
2026-08-02 20:00:00+00:00,2026-08-03 05:00:00+00:00,SEPD,ANDO,540,ups_dr,IT Power 2N + UPS Distributed Redundancy,0.0212673411670741,0.14854493182601147,1.0,6.75
2026-08-03 04:00:00+00:00,2026-08-03 14:00:00+00:00,SEPD,ANDO,600,hvdc_2n,IT Power 2N + HVDC 2N,0.020075783161603,0.07592461522494942,1.0,8.9
2026-08-03 04:00:00+00:00,2026-08-03 14:00:00+00:00,SEPD,ANDO,600,mains_2n,IT Power 2N + Direct Utility 2N,0.020075783161603,0.21429258640476984,1.0,0.05
2026-08-03 04:00:00+00:00,2026-08-03 14:00:00+00:00,SEPD,ANDO,600,ups_2n,IT Power 2N + UPS 2N,0.020075783161603,0.1034847910608707,1.0,9.0
2026-08-03 04:00:00+00:00,2026-08-03 14:00:00+00:00,SEPD,ANDO,600,ups_dr,IT Power 2N + UPS Distributed Redundancy,0.020075783161603,0.1468947749074857,1.0,6.75
2026-08-03 02:00:00+00:00,2026-08-03 13:00:00+00:00,SEPD,ANDO,660,hvdc_2n,IT Power 2N + HVDC 2N,0.0197168804680869,0.07561045548043496,1.0,8.9
2026-08-03 02:00:00+00:00,2026-08-03 13:00:00+00:00,SEPD,ANDO,660,mains_2n,IT Power 2N + Direct Utility 2N,0.0197168804680869,0.21368891702551449,1.0,0.05
2026-08-03 02:00:00+00:00,2026-08-03 13:00:00+00:00,SEPD,ANDO,660,ups_2n,IT Power 2N + UPS 2N,0.0197168804680869,0.10308590353101582,1.0,9.0
2026-08-03 02:00:00+00:00,2026-08-03 13:00:00+00:00,SEPD,ANDO,660,ups_dr,IT Power 2N + UPS Distributed Redundancy,0.0197168804680869,0.14640072276201135,1.0,6.75
2026-08-03 14:00:00+00:00,2026-08-04 02:00:00+00:00,SEPD,ANDO,720,hvdc_2n,IT Power 2N + HVDC 2N,0.0179541227969679,0.07408471807457305,1.0,8.9
2026-08-03 14:00:00+00:00,2026-08-04 02:00:00+00:00,SEPD,ANDO,720,mains_2n,IT Power 2N + Direct Utility 2N,0.0179541227969679,0.21074197589349603,1.0,0.05
2026-08-03 14:00:00+00:00,2026-08-04 02:00:00+00:00,SEPD,ANDO,720,ups_2n,IT Power 2N + UPS 2N,0.0179541227969679,0.10114646135838018,1.0,9.0
2026-08-03 14:00:00+00:00,2026-08-04 02:00:00+00:00,SEPD,ANDO,720,ups_dr,IT Power 2N + UPS Distributed Redundancy,0.0179541227969679,0.14399413610201084,1.0,6.75
2026-08-03 07:00:00+00:00,2026-08-03 20:00:00+00:00,SEPD,ANDO,780,hvdc_2n,IT Power 2N + HVDC 2N,0.0193227625435767,0.07526684598899394,1.0,8.9
2026-08-03 07:00:00+00:00,2026-08-03 20:00:00+00:00,SEPD,ANDO,780,mains_2n,IT Power 2N + Direct Utility 2N,0.0193227625435767,0.21302744384921116,1.0,0.05
2026-08-03 07:00:00+00:00,2026-08-03 20:00:00+00:00,SEPD,ANDO,780,ups_2n,IT Power 2N + UPS 2N,0.0193227625435767,0.10264944571454718,1.0,9.0
2026-08-03 07:00:00+00:00,2026-08-03 20:00:00+00:00,SEPD,ANDO,780,ups_dr,IT Power 2N + UPS Distributed Redundancy,0.0193227625435767,0.14585978137890646,1.0,6.75
2026-08-02 23:00:00+00:00,2026-08-03 13:00:00+00:00,SEPD,ANDO,840,hvdc_2n,IT Power 2N + HVDC 2N,0.0213512185042573,0.07705076314811438,1.0,8.9
2026-08-02 23:00:00+00:00,2026-08-03 13:00:00+00:00,SEPD,ANDO,840,mains_2n,IT Power 2N + Direct Utility 2N,0.0213512185042573,0.21644787783126648,1.0,0.05
2026-08-02 23:00:00+00:00,2026-08-03 13:00:00+00:00,SEPD,ANDO,840,ups_2n,IT Power 2N + UPS 2N,0.0213512185042573,0.10491338567661994,1.0,9.0
2026-08-02 23:00:00+00:00,2026-08-03 13:00:00+00:00,SEPD,ANDO,840,ups_dr,IT Power 2N + UPS Distributed Redundancy,0.0213512185042573,0.14866166591929011,1.0,6.75
2026-08-03 06:00:00+00:00,2026-08-03 21:00:00+00:00,SEPD,ANDO,900,hvdc_2n,IT Power 2N + HVDC 2N,0.0197584555720196,0.07564678636903345,1.0,8.9
2026-08-03 06:00:00+00:00,2026-08-03 21:00:00+00:00,SEPD,ANDO,900,mains_2n,IT Power 2N + Direct Utility 2N,0.0197584555720196,0.21375878230993114,1.0,0.05
2026-08-03 06:00:00+00:00,2026-08-03 21:00:00+00:00,SEPD,ANDO,900,ups_2n,IT Power 2N + UPS 2N,0.0197584555720196,0.10313204067638614,1.0,9.0
2026-08-03 06:00:00+00:00,2026-08-03 21:00:00+00:00,SEPD,ANDO,900,ups_dr,IT Power 2N + UPS Distributed Redundancy,0.0197584555720196,0.1464578829325914,1.0,6.75
2026-08-02 21:00:00+00:00,2026-08-03 13:00:00+00:00,SEPD,ANDO,960,hvdc_2n,IT Power 2N + HVDC 2N,0.0219774624952568,0.0776092930083194,1.0,8.9
2026-08-02 21:00:00+00:00,2026-08-03 13:00:00+00:00,SEPD,ANDO,960,mains_2n,IT Power 2N + Direct Utility 2N,0.0219774624952568,0.21751186219980004,1.0,0.05
2026-08-02 21:00:00+00:00,2026-08-03 13:00:00+00:00,SEPD,ANDO,960,ups_2n,IT Power 2N + UPS 2N,0.0219774624952568,0.10562118491605878,1.0,9.0
2026-08-02 21:00:00+00:00,2026-08-03 13:00:00+00:00,SEPD,ANDO,960,ups_dr,IT Power 2N + UPS Distributed Redundancy,0.0219774624952568,0.14953561896221346,1.0,6.75
2026-08-02 21:00:00+00:00,2026-08-03 14:00:00+00:00,SEPD,ANDO,1020,hvdc_2n,IT Power 2N + HVDC 2N,0.0214925347529894,0.07717647648417046,1.0,8.9
2026-08-02 21:00:00+00:00,2026-08-03 14:00:00+00:00,SEPD,ANDO,1020,mains_2n,IT Power 2N + Direct Utility 2N,0.0214925347529894,0.21668764367248697,1.0,0.05
2026-08-02 21:00:00+00:00,2026-08-03 14:00:00+00:00,SEPD,ANDO,1020,ups_2n,IT Power 2N + UPS 2N,0.0214925347529894,0.10507273868836937,1.0,9.0
2026-08-02 21:00:00+00:00,2026-08-03 14:00:00+00:00,SEPD,ANDO,1020,ups_dr,IT Power 2N + UPS Distributed Redundancy,0.0214925347529894,0.14885851035209094,1.0,6.75
2026-07-31 21:00:00+00:00,2026-08-01 15:00:00+00:00,SEPD,ANDO,1080,hvdc_2n,IT Power 2N + HVDC 2N,0.0192029084318391,0.07516263662367945,1.0,8.9
2026-07-31 21:00:00+00:00,2026-08-01 15:00:00+00:00,SEPD,ANDO,1080,mains_2n,IT Power 2N + Direct Utility 2N,0.0192029084318391,0.21282658143407798,1.0,0.05
2026-07-31 21:00:00+00:00,2026-08-01 15:00:00+00:00,SEPD,ANDO,1080,ups_2n,IT Power 2N + UPS 2N,0.0192029084318391,0.1025170406098176,1.0,9.0
2026-07-31 21:00:00+00:00,2026-08-01 15:00:00+00:00,SEPD,ANDO,1080,ups_dr,IT Power 2N + UPS Distributed Redundancy,0.0192029084318391,0.1456956061741361,1.0,6.75
2026-08-02 04:00:00+00:00,2026-08-02 23:00:00+00:00,SEPD,ANDO,1140,hvdc_2n,IT Power 2N + HVDC 2N,0.0403662951584253,0.0957451456557537,1.0,8.9
2026-08-02 04:00:00+00:00,2026-08-02 23:00:00+00:00,SEPD,ANDO,1140,mains_2n,IT Power 2N + Direct Utility 2N,0.0403662951584253,0.2504268501598441,1.0,0.05
2026-08-02 04:00:00+00:00,2026-08-02 23:00:00+00:00,SEPD,ANDO,1140,ups_2n,IT Power 2N + UPS 2N,0.0403662951584253,0.12835252862348828,1.0,9.0
2026-08-02 04:00:00+00:00,2026-08-02 23:00:00+00:00,SEPD,ANDO,1140,ups_dr,IT Power 2N + UPS Distributed Redundancy,0.0403662951584253,0.1771217722809422,1.0,6.75
2026-08-02 03:00:00+00:00,2026-08-02 23:00:00+00:00,SEPD,ANDO,1200,hvdc_2n,IT Power 2N + HVDC 2N,0.0396188281009986,0.0949392677364148,1.0,8.9
2026-08-02 03:00:00+00:00,2026-08-02 23:00:00+00:00,SEPD,ANDO,1200,mains_2n,IT Power 2N + Direct Utility 2N,0.0396188281009986,0.24902637458244348,1.0,0.05
2026-08-02 03:00:00+00:00,2026-08-02 23:00:00+00:00,SEPD,ANDO,1200,ups_2n,IT Power 2N + UPS 2N,0.0396188281009986,0.12735236655838908,1.0,9.0
2026-08-02 03:00:00+00:00,2026-08-02 23:00:00+00:00,SEPD,ANDO,1200,ups_dr,IT Power 2N + UPS Distributed Redundancy,0.0396188281009986,0.17592657827197944,1.0,6.75
2026-08-03 04:00:00+00:00,2026-08-04 01:00:00+00:00,SEPD,ANDO,1260,hvdc_2n,IT Power 2N + HVDC 2N,0.0153713007387964,0.07190029896001428,1.0,8.9
2026-08-03 04:00:00+00:00,2026-08-04 01:00:00+00:00,SEPD,ANDO,1260,mains_2n,IT Power 2N + Direct Utility 2N,0.0153713007387964,0.20647806603645552,1.0,0.05
2026-08-03 04:00:00+00:00,2026-08-04 01:00:00+00:00,SEPD,ANDO,1260,ups_2n,IT Power 2N + UPS 2N,0.0153713007387964,0.09836325646897875,1.0,9.0
2026-08-03 04:00:00+00:00,2026-08-04 01:00:00+00:00,SEPD,ANDO,1260,ups_dr,IT Power 2N + UPS Distributed Redundancy,0.0153713007387964,0.1405274925035813,1.0,6.75
2026-08-01 13:00:00+00:00,2026-08-02 11:00:00+00:00,SEPD,ANDO,1320,hvdc_2n,IT Power 2N + HVDC 2N,0.0177534546095873,0.07391283842129603,1.0,8.9
2026-08-01 13:00:00+00:00,2026-08-02 11:00:00+00:00,SEPD,ANDO,1320,mains_2n,IT Power 2N + Direct Utility 2N,0.0177534546095873,0.21040839864427427,1.0,0.05
2026-08-01 13:00:00+00:00,2026-08-02 11:00:00+00:00,SEPD,ANDO,1320,ups_2n,IT Power 2N + UPS 2N,0.0177534546095873,0.1009277444927037,1.0,9.0
2026-08-01 13:00:00+00:00,2026-08-02 11:00:00+00:00,SEPD,ANDO,1320,ups_dr,IT Power 2N + UPS Distributed Redundancy,0.0177534546095873,0.143722272269065,1.0,6.75
2026-07-29 08:00:00+00:00,2026-07-30 07:00:00+00:00,SEPD,ANDO,1380,hvdc_2n,IT Power 2N + HVDC 2N,0.0322340182814439,0.08729856620782472,1.0,8.9
2026-07-29 08:00:00+00:00,2026-07-30 07:00:00+00:00,SEPD,ANDO,1380,mains_2n,IT Power 2N + Direct Utility 2N,0.0322340182814439,0.23547322819289307,1.0,0.05
2026-07-29 08:00:00+00:00,2026-07-30 07:00:00+00:00,SEPD,ANDO,1380,ups_2n,IT Power 2N + UPS 2N,0.0322340182814439,0.11782481244581913,1.0,9.0
2026-07-29 08:00:00+00:00,2026-07-30 07:00:00+00:00,SEPD,ANDO,1380,ups_dr,IT Power 2N + UPS Distributed Redundancy,0.0322340182814439,0.1644579448582142,1.0,6.75
2026-08-02 19:00:00+00:00,2026-08-03 19:00:00+00:00,SEPD,ANDO,1440,hvdc_2n,IT Power 2N + HVDC 2N,0.0205040117858634,0.07630102565119441,1.0,8.9
2026-08-02 19:00:00+00:00,2026-08-03 19:00:00+00:00,SEPD,ANDO,1440,mains_2n,IT Power 2N + Direct Utility 2N,0.0205040117858634,0.21501448251723373,1.0,0.05
2026-08-02 19:00:00+00:00,2026-08-03 19:00:00+00:00,SEPD,ANDO,1440,ups_2n,IT Power 2N + UPS 2N,0.0205040117858634,0.10396251388122629,1.0,9.0
2026-08-02 19:00:00+00:00,2026-08-03 19:00:00+00:00,SEPD,ANDO,1440,ups_dr,IT Power 2N + UPS Distributed Redundancy,0.0205040117858634,0.14748606348729895,1.0,6.75
2026-08-02 10:00:00+00:00,2026-08-03 11:00:00+00:00,SEPD,ANDO,1500,hvdc_2n,IT Power 2N + HVDC 2N,0.0467200712497112,0.10284560302201186,1.0,8.9
2026-08-02 10:00:00+00:00,2026-08-03 11:00:00+00:00,SEPD,ANDO,1500,mains_2n,IT Power 2N + Direct Utility 2N,0.0467200712497112,0.26254176392762885,1.0,0.05
2026-08-02 10:00:00+00:00,2026-08-03 11:00:00+00:00,SEPD,ANDO,1500,ups_2n,IT Power 2N + UPS 2N,0.0467200712497112,0.137127102996009,1.0,9.0
2026-08-02 10:00:00+00:00,2026-08-03 11:00:00+00:00,SEPD,ANDO,1500,ups_dr,IT Power 2N + UPS Distributed Redundancy,0.0467200712497112,0.18753928538828518,1.0,6.75
2026-08-01 15:00:00+00:00,2026-08-02 17:00:00+00:00,SEPD,ANDO,1560,hvdc_2n,IT Power 2N + HVDC 2N,0.0174098811075356,0.0736194069022875,1.0,8.9
2026-08-01 15:00:00+00:00,2026-08-02 17:00:00+00:00,SEPD,ANDO,1560,mains_2n,IT Power 2N + Direct Utility 2N,0.0174098811075356,0.2098381648714219,1.0,0.05
2026-08-01 15:00:00+00:00,2026-08-02 17:00:00+00:00,SEPD,ANDO,1560,ups_2n,IT Power 2N + UPS 2N,0.0174098811075356,0.10055424373447917,1.0,9.0
2026-08-01 15:00:00+00:00,2026-08-02 17:00:00+00:00,SEPD,ANDO,1560,ups_dr,IT Power 2N + UPS Distributed Redundancy,0.0174098811075356,0.14325779316969334,1.0,6.75
2026-08-01 07:00:00+00:00,2026-08-02 10:00:00+00:00,SEPD,ANDO,1620,hvdc_2n,IT Power 2N + HVDC 2N,0.0175166633947809,0.07371049007874765,1.0,8.9
2026-08-01 07:00:00+00:00,2026-08-02 10:00:00+00:00,SEPD,ANDO,1620,mains_2n,IT Power 2N + Direct Utility 2N,0.0175166633947809,0.21001527128554726,1.0,0.05
2026-08-01 07:00:00+00:00,2026-08-02 10:00:00+00:00,SEPD,ANDO,1620,ups_2n,IT Power 2N + UPS 2N,0.0175166633947809,0.10067019570539593,1.0,9.0
2026-08-01 07:00:00+00:00,2026-08-02 10:00:00+00:00,SEPD,ANDO,1620,ups_dr,IT Power 2N + UPS Distributed Redundancy,0.0175166633947809,0.14340201874990305,1.0,6.75
2026-08-02 15:00:00+00:00,2026-08-03 19:00:00+00:00,SEPD,ANDO,1680,hvdc_2n,IT Power 2N + HVDC 2N,0.0229520025950086,0.07848583633511849,1.0,8.9
2026-08-02 15:00:00+00:00,2026-08-03 19:00:00+00:00,SEPD,ANDO,1680,mains_2n,IT Power 2N + Direct Utility 2N,0.0229520025950086,0.2191750995171141,1.0,0.05
2026-08-02 15:00:00+00:00,2026-08-03 19:00:00+00:00,SEPD,ANDO,1680,ups_2n,IT Power 2N + UPS 2N,0.0229520025950086,0.10673101412354058,1.0,9.0
2026-08-02 15:00:00+00:00,2026-08-03 19:00:00+00:00,SEPD,ANDO,1680,ups_dr,IT Power 2N + UPS Distributed Redundancy,0.0229520025950086,0.1509040524861426,1.0,6.75
2026-08-01 22:00:00+00:00,2026-08-03 03:00:00+00:00,SEPD,ANDO,1740,hvdc_2n,IT Power 2N + HVDC 2N,0.0376217932140896,0.09281588823022748,1.0,8.9
2026-08-01 22:00:00+00:00,2026-08-03 03:00:00+00:00,SEPD,ANDO,1740,mains_2n,IT Power 2N + Direct Utility 2N,0.0376217932140896,0.24531042288175806,1.0,0.05
2026-08-01 22:00:00+00:00,2026-08-03 03:00:00+00:00,SEPD,ANDO,1740,ups_2n,IT Power 2N + UPS 2N,0.0376217932140896,0.12471280937390435,1.0,9.0
2026-08-01 22:00:00+00:00,2026-08-03 03:00:00+00:00,SEPD,ANDO,1740,ups_dr,IT Power 2N + UPS Distributed Redundancy,0.0376217932140896,0.17276446407062096,1.0,6.75
2026-08-02 20:00:00+00:00,2026-08-04 02:00:00+00:00,SEPD,ANDO,1800,hvdc_2n,IT Power 2N + HVDC 2N,0.0196299805616247,0.07553456872272678,1.0,8.9
2026-08-02 20:00:00+00:00,2026-08-04 02:00:00+00:00,SEPD,ANDO,1800,mains_2n,IT Power 2N + Direct Utility 2N,0.0196299805616247,0.21354293894929458,1.0,0.05
2026-08-02 20:00:00+00:00,2026-08-04 02:00:00+00:00,SEPD,ANDO,1800,ups_2n,IT Power 2N + UPS 2N,0.0196299805616247,0.10298952708011005,1.0,9.0
2026-08-02 20:00:00+00:00,2026-08-04 02:00:00+00:00,SEPD,ANDO,1800,ups_dr,IT Power 2N + UPS Distributed Redundancy,0.0196299805616247,0.1462813067807747,1.0,6.75
2026-08-02 13:00:00+00:00,2026-08-03 20:00:00+00:00,SEPD,ANDO,1860,hvdc_2n,IT Power 2N + HVDC 2N,0.0223260881522441,0.07792182714476964,1.0,8.9
2026-08-02 13:00:00+00:00,2026-08-03 20:00:00+00:00,SEPD,ANDO,1860,mains_2n,IT Power 2N + Direct Utility 2N,0.0223260881522441,0.21810580897652312,1.0,0.05
2026-08-02 13:00:00+00:00,2026-08-03 20:00:00+00:00,SEPD,ANDO,1860,ups_2n,IT Power 2N + UPS 2N,0.0223260881522441,0.10601703398226983,1.0,9.0
2026-08-02 13:00:00+00:00,2026-08-03 20:00:00+00:00,SEPD,ANDO,1860,ups_dr,IT Power 2N + UPS Distributed Redundancy,0.0223260881522441,0.15002397477318566,1.0,6.75
2026-07-31 01:00:00+00:00,2026-08-01 09:00:00+00:00,SEPD,ANDO,1920,hvdc_2n,IT Power 2N + HVDC 2N,0.0350275218573652,0.09012119967118279,1.0,8.9
2026-07-31 01:00:00+00:00,2026-08-01 09:00:00+00:00,SEPD,ANDO,1920,mains_2n,IT Power 2N + Direct Utility 2N,0.0350275218573652,0.24053935643767455,1.0,0.05
2026-07-31 01:00:00+00:00,2026-08-01 09:00:00+00:00,SEPD,ANDO,1920,ups_2n,IT Power 2N + UPS 2N,0.0350275218573652,0.12135404844564952,1.0,9.0
2026-07-31 01:00:00+00:00,2026-08-01 09:00:00+00:00,SEPD,ANDO,1920,ups_dr,IT Power 2N + UPS Distributed Redundancy,0.0350275218573652,0.16872405137578392,1.0,6.75
2026-08-02 07:00:00+00:00,2026-08-03 16:00:00+00:00,SEPD,ANDO,1980,hvdc_2n,IT Power 2N + HVDC 2N,0.0386514238550273,0.09390528268553265,1.0,8.9
2026-08-02 07:00:00+00:00,2026-08-03 16:00:00+00:00,SEPD,ANDO,1980,mains_2n,IT Power 2N + Direct Utility 2N,0.0386514238550273,0.24722160616426597,1.0,0.05
2026-08-02 07:00:00+00:00,2026-08-03 16:00:00+00:00,SEPD,ANDO,1980,ups_2n,IT Power 2N + UPS 2N,0.0386514238550273,0.1260678029821939,1.0,9.0
2026-08-02 07:00:00+00:00,2026-08-03 16:00:00+00:00,SEPD,ANDO,1980,ups_dr,IT Power 2N + UPS Distributed Redundancy,0.0386514238550273,0.17438913600060144,1.0,6.75
2026-08-01 14:00:00+00:00,2026-08-03 00:00:00+00:00,SEPD,ANDO,2040,hvdc_2n,IT Power 2N + HVDC 2N,0.0150762764072608,0.0716545975862387,1.0,8.9
2026-08-01 14:00:00+00:00,2026-08-03 00:00:00+00:00,SEPD,ANDO,2040,mains_2n,IT Power 2N + Direct Utility 2N,0.0150762764072608,0.20599510236941562,1.0,0.05
2026-08-01 14:00:00+00:00,2026-08-03 00:00:00+00:00,SEPD,ANDO,2040,ups_2n,IT Power 2N + UPS 2N,0.0150762764072608,0.09804972146156894,1.0,9.0
2026-08-01 14:00:00+00:00,2026-08-03 00:00:00+00:00,SEPD,ANDO,2040,ups_dr,IT Power 2N + UPS Distributed Redundancy,0.0150762764072608,0.14013598771377145,1.0,6.75
2026-08-01 23:00:00+00:00,2026-08-03 10:00:00+00:00,SEPD,ANDO,2100,hvdc_2n,IT Power 2N + HVDC 2N,0.0394480641820625,0.09475601341560258,1.0,8.9
2026-08-01 23:00:00+00:00,2026-08-03 10:00:00+00:00,SEPD,ANDO,2100,mains_2n,IT Power 2N + Direct Utility 2N,0.0394480641820625,0.24870716203690393,1.0,0.05
2026-08-01 23:00:00+00:00,2026-08-03 10:00:00+00:00,SEPD,ANDO,2100,ups_2n,IT Power 2N + UPS 2N,0.0394480641820625,0.12712480880677463,1.0,9.0
2026-08-01 23:00:00+00:00,2026-08-03 10:00:00+00:00,SEPD,ANDO,2100,ups_dr,IT Power 2N + UPS Distributed Redundancy,0.0394480641820625,0.1756544198729077,1.0,6.75
2026-08-01 10:00:00+00:00,2026-08-02 22:00:00+00:00,SEPD,ANDO,2160,hvdc_2n,IT Power 2N + HVDC 2N,0.0159379436962406,0.0723743901714301,1.0,8.9
2026-08-01 10:00:00+00:00,2026-08-02 22:00:00+00:00,SEPD,ANDO,2160,mains_2n,IT Power 2N + Direct Utility 2N,0.0159379436962406,0.20740802571822936,1.0,0.05
2026-08-01 10:00:00+00:00,2026-08-02 22:00:00+00:00,SEPD,ANDO,2160,ups_2n,IT Power 2N + UPS 2N,0.0159379436962406,0.09896795825487031,1.0,9.0
2026-08-01 10:00:00+00:00,2026-08-02 22:00:00+00:00,SEPD,ANDO,2160,ups_dr,IT Power 2N + UPS Distributed Redundancy,0.0159379436962406,0.1412820081280153,1.0,6.75
2026-08-01 12:00:00+00:00,2026-08-03 01:00:00+00:00,SEPD,ANDO,2220,hvdc_2n,IT Power 2N + HVDC 2N,0.0153525266995741,0.0718846404861475,1.0,8.9
2026-08-01 12:00:00+00:00,2026-08-03 01:00:00+00:00,SEPD,ANDO,2220,mains_2n,IT Power 2N + Direct Utility 2N,0.0153525266995741,0.20644730743056575,1.0,0.05
2026-08-01 12:00:00+00:00,2026-08-03 01:00:00+00:00,SEPD,ANDO,2220,ups_2n,IT Power 2N + UPS 2N,0.0153525266995741,0.0983432779095352,1.0,9.0
2026-08-01 12:00:00+00:00,2026-08-03 01:00:00+00:00,SEPD,ANDO,2220,ups_dr,IT Power 2N + UPS Distributed Redundancy,0.0153525266995741,0.1405025516420361,1.0,6.75
2026-08-02 02:00:00+00:00,2026-08-03 16:00:00+00:00,SEPD,ANDO,2280,hvdc_2n,IT Power 2N + HVDC 2N,0.04079772021515,0.09621306366689979,1.0,8.9
2026-08-02 02:00:00+00:00,2026-08-03 16:00:00+00:00,SEPD,ANDO,2280,mains_2n,IT Power 2N + Direct Utility 2N,0.04079772021515,0.25123756377940926,1.0,0.05
2026-08-02 02:00:00+00:00,2026-08-03 16:00:00+00:00,SEPD,ANDO,2280,ups_2n,IT Power 2N + UPS 2N,0.04079772021515,0.12893284837811175,1.0,9.0
2026-08-02 02:00:00+00:00,2026-08-03 16:00:00+00:00,SEPD,ANDO,2280,ups_dr,IT Power 2N + UPS Distributed Redundancy,0.04079772021515,0.17781451301186754,1.0,6.75
2026-08-01 22:00:00+00:00,2026-08-03 13:00:00+00:00,SEPD,ANDO,2340,hvdc_2n,IT Power 2N + HVDC 2N,0.04042703705826,0.09581090224815067,1.0,8.9
2026-08-01 22:00:00+00:00,2026-08-03 13:00:00+00:00,SEPD,ANDO,2340,mains_2n,IT Power 2N + Direct Utility 2N,0.04042703705826,0.25054088803392927,1.0,0.05
2026-08-01 22:00:00+00:00,2026-08-03 13:00:00+00:00,SEPD,ANDO,2340,ups_2n,IT Power 2N + UPS 2N,0.04042703705826,0.1284340990185677,1.0,9.0
2026-08-01 22:00:00+00:00,2026-08-03 13:00:00+00:00,SEPD,ANDO,2340,ups_dr,IT Power 2N + UPS Distributed Redundancy,0.04042703705826,0.17721917750809388,1.0,6.75
2026-08-02 09:00:00+00:00,2026-08-04 01:00:00+00:00,SEPD,ANDO,2400,hvdc_2n,IT Power 2N + HVDC 2N,0.040584163614999,0.09598118810112885,1.0,8.9
2026-08-02 09:00:00+00:00,2026-08-04 01:00:00+00:00,SEPD,ANDO,2400,mains_2n,IT Power 2N + Direct Utility 2N,0.040584163614999,0.250836040436631,1.0,0.05
2026-08-02 09:00:00+00:00,2026-08-04 01:00:00+00:00,SEPD,ANDO,2400,ups_2n,IT Power 2N + UPS 2N,0.040584163614999,0.12864530959206713,1.0,9.0
2026-08-02 09:00:00+00:00,2026-08-04 01:00:00+00:00,SEPD,ANDO,2400,ups_dr,IT Power 2N + UPS Distributed Redundancy,0.040584163614999,0.1774713393711897,1.0,6.75
2026-08-01 19:00:00+00:00,2026-08-03 12:00:00+00:00,SEPD,ANDO,2460,hvdc_2n,IT Power 2N + HVDC 2N,0.0177079283243855,0.07387389459078852,1.0,8.9
2026-08-01 19:00:00+00:00,2026-08-03 12:00:00+00:00,SEPD,ANDO,2460,mains_2n,IT Power 2N + Direct Utility 2N,0.0177079283243855,0.21033277274624043,1.0,0.05
2026-08-01 19:00:00+00:00,2026-08-03 12:00:00+00:00,SEPD,ANDO,2460,ups_2n,IT Power 2N + UPS 2N,0.0177079283243855,0.10087818190883918,1.0,9.0
2026-08-01 19:00:00+00:00,2026-08-03 12:00:00+00:00,SEPD,ANDO,2460,ups_dr,IT Power 2N + UPS Distributed Redundancy,0.0177079283243855,0.14366065305798828,1.0,6.75
2026-08-01 02:00:00+00:00,2026-08-02 20:00:00+00:00,SEPD,ANDO,2520,hvdc_2n,IT Power 2N + HVDC 2N,0.0160485756778693,0.07246728791910144,1.0,8.9
2026-08-01 02:00:00+00:00,2026-08-02 20:00:00+00:00,SEPD,ANDO,2520,mains_2n,IT Power 2N + Direct Utility 2N,0.0160485756778693,0.20758995243384906,1.0,0.05
2026-08-01 02:00:00+00:00,2026-08-02 20:00:00+00:00,SEPD,ANDO,2520,ups_2n,IT Power 2N + UPS 2N,0.0160485756778693,0.09908640632828966,1.0,9.0
2026-08-01 02:00:00+00:00,2026-08-02 20:00:00+00:00,SEPD,ANDO,2520,ups_dr,IT Power 2N + UPS Distributed Redundancy,0.0160485756778693,0.14142971488872907,1.0,6.75
2026-08-02 07:00:00+00:00,2026-08-04 02:00:00+00:00,SEPD,ANDO,2580,hvdc_2n,IT Power 2N + HVDC 2N,0.0361085015091945,0.09123534892214398,1.0,8.9
2026-08-02 07:00:00+00:00,2026-08-04 02:00:00+00:00,SEPD,ANDO,2580,mains_2n,IT Power 2N + Direct Utility 2N,0.0361085015091945,0.24251962676557667,1.0,0.05
2026-08-02 07:00:00+00:00,2026-08-04 02:00:00+00:00,SEPD,ANDO,2580,ups_2n,IT Power 2N + UPS 2N,0.0361085015091945,0.12274399854234187,1.0,9.0
2026-08-02 07:00:00+00:00,2026-08-04 02:00:00+00:00,SEPD,ANDO,2580,ups_dr,IT Power 2N + UPS Distributed Redundancy,0.0361085015091945,0.17039838267954455,1.0,6.75
2026-07-31 11:00:00+00:00,2026-08-02 07:00:00+00:00,SEPD,ANDO,2640,hvdc_2n,IT Power 2N + HVDC 2N,0.0168359127693535,0.07313159619688331,1.0,8.9
2026-07-31 11:00:00+00:00,2026-08-02 07:00:00+00:00,SEPD,ANDO,2640,mains_2n,IT Power 2N + Direct Utility 2N,0.0168359127693535,0.20888807522331634,1.0,0.05
2026-07-31 11:00:00+00:00,2026-08-02 07:00:00+00:00,SEPD,ANDO,2640,ups_2n,IT Power 2N + UPS 2N,0.0168359127693535,0.09993301770076486,1.0,9.0
2026-07-31 11:00:00+00:00,2026-08-02 07:00:00+00:00,SEPD,ANDO,2640,ups_dr,IT Power 2N + UPS Distributed Redundancy,0.0168359127693535,0.14248463113609022,1.0,6.75
2026-08-01 10:00:00+00:00,2026-08-03 07:00:00+00:00,SEPD,ANDO,2700,hvdc_2n,IT Power 2N + HVDC 2N,0.0172072105461186,0.07344681780824247,1.0,8.9
2026-08-01 10:00:00+00:00,2026-08-03 07:00:00+00:00,SEPD,ANDO,2700,mains_2n,IT Power 2N + Direct Utility 2N,0.0172072105461186,0.2095023223133369,1.0,0.05
2026-08-01 10:00:00+00:00,2026-08-03 07:00:00+00:00,SEPD,ANDO,2700,ups_2n,IT Power 2N + UPS 2N,0.0172072105461186,0.10033449550519859,1.0,9.0
2026-08-01 10:00:00+00:00,2026-08-03 07:00:00+00:00,SEPD,ANDO,2700,ups_dr,IT Power 2N + UPS Distributed Redundancy,0.0172072105461186,0.14298438824515342,1.0,6.75
2026-08-02 02:00:00+00:00,2026-08-04 00:00:00+00:00,SEPD,ANDO,2760,hvdc_2n,IT Power 2N + HVDC 2N,0.0373900824227557,0.09257229689150533,1.0,8.9
2026-08-02 02:00:00+00:00,2026-08-04 00:00:00+00:00,SEPD,ANDO,2760,mains_2n,IT Power 2N + Direct Utility 2N,0.0373900824227557,0.24488170243256802,1.0,0.05
2026-08-02 02:00:00+00:00,2026-08-04 00:00:00+00:00,SEPD,ANDO,2760,ups_2n,IT Power 2N + UPS 2N,0.0373900824227557,0.12440960468468067,1.0,9.0
2026-08-02 02:00:00+00:00,2026-08-04 00:00:00+00:00,SEPD,ANDO,2760,ups_dr,IT Power 2N + UPS Distributed Redundancy,0.0373900824227557,0.17240049856001874,1.0,6.75
2026-08-01 17:00:00+00:00,2026-08-03 16:00:00+00:00,SEPD,ANDO,2820,hvdc_2n,IT Power 2N + HVDC 2N,0.0189431714403078,0.07493725827593113,1.0,8.9
2026-08-01 17:00:00+00:00,2026-08-03 16:00:00+00:00,SEPD,ANDO,2820,mains_2n,IT Power 2N + Direct Utility 2N,0.0189431714403078,0.21239176491615855,1.0,0.05
2026-08-01 17:00:00+00:00,2026-08-03 16:00:00+00:00,SEPD,ANDO,2820,ups_2n,IT Power 2N + UPS 2N,0.0189431714403078,0.10223062329965699,1.0,9.0
2026-08-01 17:00:00+00:00,2026-08-03 16:00:00+00:00,SEPD,ANDO,2820,ups_dr,IT Power 2N + UPS Distributed Redundancy,0.0189431714403078,0.14534034652463726,1.0,6.75
2026-07-27 20:00:00+00:00,2026-07-29 20:00:00+00:00,SEPD,ANDO,2880,hvdc_2n,IT Power 2N + HVDC 2N,0.0199102541173052,0.07577957343244814,1.0,8.9
2026-07-27 20:00:00+00:00,2026-07-29 20:00:00+00:00,SEPD,ANDO,2880,mains_2n,IT Power 2N + Direct Utility 2N,0.0199102541173052,0.21401401485245217,1.0,0.05
2026-07-27 20:00:00+00:00,2026-07-29 20:00:00+00:00,SEPD,ANDO,2880,ups_2n,IT Power 2N + UPS 2N,0.0199102541173052,0.10330065129932667,1.0,9.0
2026-07-27 20:00:00+00:00,2026-07-29 20:00:00+00:00,SEPD,ANDO,2880,ups_dr,IT Power 2N + UPS Distributed Redundancy,0.0199102541173052,0.14666674249238382,1.0,6.75
2026-08-03 21:00:00+00:00,2026-08-03 22:00:00+00:00,SEPD,BASI,60,hvdc_2n,IT Power 2N + HVDC 2N,0.0043142106111153,0.06320551487204032,1.0,8.9
2026-08-03 21:00:00+00:00,2026-08-03 22:00:00+00:00,SEPD,BASI,60,mains_2n,IT Power 2N + Direct Utility 2N,0.0043142106111153,0.1889483726371073,1.0,0.05
2026-08-03 21:00:00+00:00,2026-08-03 22:00:00+00:00,SEPD,BASI,60,ups_2n,IT Power 2N + UPS 2N,0.0043142106111153,0.08720660630694846,1.0,9.0
2026-08-03 21:00:00+00:00,2026-08-03 22:00:00+00:00,SEPD,BASI,60,ups_dr,IT Power 2N + UPS Distributed Redundancy,0.0043142106111153,0.12646930007470114,1.0,6.75
2026-08-04 00:00:00+00:00,2026-08-04 02:00:00+00:00,SEPD,BASI,120,hvdc_2n,IT Power 2N + HVDC 2N,0.0069888826812861,0.06521427370346718,1.0,8.9
2026-08-04 00:00:00+00:00,2026-08-04 02:00:00+00:00,SEPD,BASI,120,mains_2n,IT Power 2N + Direct Utility 2N,0.0069888826812861,0.19308136275402285,1.0,0.05
2026-08-04 00:00:00+00:00,2026-08-04 02:00:00+00:00,SEPD,BASI,120,ups_2n,IT Power 2N + UPS 2N,0.0069888826812861,0.08979558410418627,1.0,9.0
2026-08-04 00:00:00+00:00,2026-08-04 02:00:00+00:00,SEPD,BASI,120,ups_dr,IT Power 2N + UPS Distributed Redundancy,0.0069888826812861,0.12975550065325028,1.0,6.75
2026-08-03 22:00:00+00:00,2026-08-04 01:00:00+00:00,SEPD,BASI,180,hvdc_2n,IT Power 2N + HVDC 2N,0.0067548381644504,0.06503615446013607,1.0,8.9
2026-08-03 22:00:00+00:00,2026-08-04 01:00:00+00:00,SEPD,BASI,180,mains_2n,IT Power 2N + Direct Utility 2N,0.0067548381644504,0.19271698108435584,1.0,0.05
2026-08-03 22:00:00+00:00,2026-08-04 01:00:00+00:00,SEPD,BASI,180,ups_2n,IT Power 2N + UPS 2N,0.0067548381644504,0.08956630034218074,1.0,9.0
2026-08-03 22:00:00+00:00,2026-08-04 01:00:00+00:00,SEPD,BASI,180,ups_dr,IT Power 2N + UPS Distributed Redundancy,0.0067548381644504,0.1294650688222513,1.0,6.75
2026-08-02 00:00:00+00:00,2026-08-02 04:00:00+00:00,SEPD,BASI,240,hvdc_2n,IT Power 2N + HVDC 2N,0.0068979411540146,0.06514500894143678,1.0,8.9
2026-08-02 00:00:00+00:00,2026-08-02 04:00:00+00:00,SEPD,BASI,240,mains_2n,IT Power 2N + Direct Utility 2N,0.0068979411540146,0.1929397145366048,1.0,0.05
2026-08-02 00:00:00+00:00,2026-08-02 04:00:00+00:00,SEPD,BASI,240,ups_2n,IT Power 2N + UPS 2N,0.0068979411540146,0.08970642966065481,1.0,9.0
2026-08-02 00:00:00+00:00,2026-08-02 04:00:00+00:00,SEPD,BASI,240,ups_dr,IT Power 2N + UPS Distributed Redundancy,0.0068979411540146,0.12964258318445027,1.0,6.75
2026-08-02 17:00:00+00:00,2026-08-02 22:00:00+00:00,SEPD,BASI,300,hvdc_2n,IT Power 2N + HVDC 2N,0.0097353906432678,0.06733866149753469,1.0,8.9
2026-08-02 17:00:00+00:00,2026-08-02 22:00:00+00:00,SEPD,BASI,300,mains_2n,IT Power 2N + Direct Utility 2N,0.0097353906432678,0.19739655208226517,1.0,0.05
2026-08-02 17:00:00+00:00,2026-08-02 22:00:00+00:00,SEPD,BASI,300,ups_2n,IT Power 2N + UPS 2N,0.0097353906432678,0.09252599304824742,1.0,9.0
2026-08-02 17:00:00+00:00,2026-08-02 22:00:00+00:00,SEPD,BASI,300,ups_dr,IT Power 2N + UPS Distributed Redundancy,0.0097353906432678,0.13320528905089227,1.0,6.75
2026-08-02 18:00:00+00:00,2026-08-03 00:00:00+00:00,SEPD,BASI,360,hvdc_2n,IT Power 2N + HVDC 2N,0.0103498609096201,0.06782265870571076,1.0,8.9
2026-08-02 18:00:00+00:00,2026-08-03 00:00:00+00:00,SEPD,BASI,360,mains_2n,IT Power 2N + Direct Utility 2N,0.0103498609096201,0.19837187486637808,1.0,0.05
2026-08-02 18:00:00+00:00,2026-08-03 00:00:00+00:00,SEPD,BASI,360,ups_2n,IT Power 2N + UPS 2N,0.0103498609096201,0.09314698350442306,1.0,9.0
2026-08-02 18:00:00+00:00,2026-08-03 00:00:00+00:00,SEPD,BASI,360,ups_dr,IT Power 2N + UPS Distributed Redundancy,0.0103498609096201,0.13398765091808237,1.0,6.75
2026-08-03 16:00:00+00:00,2026-08-03 23:00:00+00:00,SEPD,BASI,420,hvdc_2n,IT Power 2N + HVDC 2N,0.0124073648504549,0.06946685657548701,1.0,8.9
2026-08-03 16:00:00+00:00,2026-08-03 23:00:00+00:00,SEPD,BASI,420,mains_2n,IT Power 2N + Direct Utility 2N,0.0124073648504549,0.20166404247601882,1.0,0.05
2026-08-03 16:00:00+00:00,2026-08-03 23:00:00+00:00,SEPD,BASI,420,ups_2n,IT Power 2N + UPS 2N,0.0124073648504549,0.0952536218099649,1.0,9.0
2026-08-03 16:00:00+00:00,2026-08-03 23:00:00+00:00,SEPD,BASI,420,ups_dr,IT Power 2N + UPS Distributed Redundancy,0.0124073648504549,0.1366356395390573,1.0,6.75
2026-08-03 16:00:00+00:00,2026-08-04 00:00:00+00:00,SEPD,BASI,480,hvdc_2n,IT Power 2N + HVDC 2N,0.0127654955921341,0.0697567899581376,1.0,8.9
2026-08-03 16:00:00+00:00,2026-08-04 00:00:00+00:00,SEPD,BASI,480,mains_2n,IT Power 2N + Direct Utility 2N,0.0127654955921341,0.20224123348741413,1.0,0.05
2026-08-03 16:00:00+00:00,2026-08-04 00:00:00+00:00,SEPD,BASI,480,ups_2n,IT Power 2N + UPS 2N,0.0127654955921341,0.09562463265974662,1.0,9.0
2026-08-03 16:00:00+00:00,2026-08-04 00:00:00+00:00,SEPD,BASI,480,ups_dr,IT Power 2N + UPS Distributed Redundancy,0.0127654955921341,0.13710102622292691,1.0,6.75
2026-08-02 12:00:00+00:00,2026-08-02 21:00:00+00:00,SEPD,BASI,540,hvdc_2n,IT Power 2N + HVDC 2N,0.0165786660100703,0.0729139320172006,1.0,8.9
2026-08-02 12:00:00+00:00,2026-08-02 21:00:00+00:00,SEPD,BASI,540,mains_2n,IT Power 2N + Direct Utility 2N,0.0165786660100703,0.2084632834073186,1.0,0.05
2026-08-02 12:00:00+00:00,2026-08-02 21:00:00+00:00,SEPD,BASI,540,ups_2n,IT Power 2N + UPS 2N,0.0165786660100703,0.09965569933795503,1.0,9.0
2026-08-02 12:00:00+00:00,2026-08-02 21:00:00+00:00,SEPD,BASI,540,ups_dr,IT Power 2N + UPS Distributed Redundancy,0.0165786660100703,0.1421392384762435,1.0,6.75
2026-08-01 18:00:00+00:00,2026-08-02 04:00:00+00:00,SEPD,BASI,600,hvdc_2n,IT Power 2N + HVDC 2N,0.014163087089243,0.0708989809962545,1.0,8.9
2026-08-01 18:00:00+00:00,2026-08-02 04:00:00+00:00,SEPD,BASI,600,mains_2n,IT Power 2N + Direct Utility 2N,0.014163087089243,0.20450548938802765,1.0,0.05
2026-08-01 18:00:00+00:00,2026-08-02 04:00:00+00:00,SEPD,BASI,600,ups_2n,IT Power 2N + UPS 2N,0.014163087089243,0.09708487551791342,1.0,9.0
2026-08-01 18:00:00+00:00,2026-08-02 04:00:00+00:00,SEPD,BASI,600,ups_dr,IT Power 2N + UPS Distributed Redundancy,0.014163087089243,0.13892994625775185,1.0,6.75
2026-08-03 11:00:00+00:00,2026-08-03 22:00:00+00:00,SEPD,BASI,660,hvdc_2n,IT Power 2N + HVDC 2N,0.0142112781777792,0.07093867198695068,1.0,8.9
2026-08-03 11:00:00+00:00,2026-08-03 22:00:00+00:00,SEPD,BASI,660,mains_2n,IT Power 2N + Direct Utility 2N,0.0142112781777792,0.20458389925800158,1.0,0.05
2026-08-03 11:00:00+00:00,2026-08-03 22:00:00+00:00,SEPD,BASI,660,ups_2n,IT Power 2N + UPS 2N,0.0142112781777792,0.09713558015513588,1.0,9.0
2026-08-03 11:00:00+00:00,2026-08-03 22:00:00+00:00,SEPD,BASI,660,ups_dr,IT Power 2N + UPS Distributed Redundancy,0.0142112781777792,0.138993373656131,1.0,6.75
2026-08-02 04:00:00+00:00,2026-08-02 16:00:00+00:00,SEPD,BASI,720,hvdc_2n,IT Power 2N + HVDC 2N,0.0136435057095258,0.0704723461323524,1.0,8.9
2026-08-02 04:00:00+00:00,2026-08-02 16:00:00+00:00,SEPD,BASI,720,mains_2n,IT Power 2N + Direct Utility 2N,0.0136435057095258,0.2036615165215193,1.0,0.05
2026-08-02 04:00:00+00:00,2026-08-02 16:00:00+00:00,SEPD,BASI,720,ups_2n,IT Power 2N + UPS 2N,0.0136435057095258,0.09653969255504517,1.0,9.0
2026-08-02 04:00:00+00:00,2026-08-02 16:00:00+00:00,SEPD,BASI,720,ups_dr,IT Power 2N + UPS Distributed Redundancy,0.0136435057095258,0.1382476325038884,1.0,6.75
2026-08-03 02:00:00+00:00,2026-08-03 15:00:00+00:00,SEPD,BASI,780,hvdc_2n,IT Power 2N + HVDC 2N,0.0152985356117908,0.07183962678986221,1.0,8.9
2026-08-03 02:00:00+00:00,2026-08-03 15:00:00+00:00,SEPD,BASI,780,mains_2n,IT Power 2N + Direct Utility 2N,0.0152985356117908,0.20635886956902438,1.0,0.05
2026-08-03 02:00:00+00:00,2026-08-03 15:00:00+00:00,SEPD,BASI,780,ups_2n,IT Power 2N + UPS 2N,0.0152985356117908,0.09828584296434588,1.0,9.0
2026-08-03 02:00:00+00:00,2026-08-03 15:00:00+00:00,SEPD,BASI,780,ups_dr,IT Power 2N + UPS Distributed Redundancy,0.0152985356117908,0.14043084641117887,1.0,6.75
2026-08-02 23:00:00+00:00,2026-08-03 13:00:00+00:00,SEPD,BASI,840,hvdc_2n,IT Power 2N + HVDC 2N,0.0152847947020405,0.0718281748079892,1.0,8.9
2026-08-02 23:00:00+00:00,2026-08-03 13:00:00+00:00,SEPD,BASI,840,mains_2n,IT Power 2N + Direct Utility 2N,0.0152847947020405,0.20633636631769237,1.0,0.05
2026-08-02 23:00:00+00:00,2026-08-03 13:00:00+00:00,SEPD,BASI,840,ups_2n,IT Power 2N + UPS 2N,0.0152847947020405,0.09827123035341867,1.0,9.0
2026-08-02 23:00:00+00:00,2026-08-03 13:00:00+00:00,SEPD,BASI,840,ups_dr,IT Power 2N + UPS Distributed Redundancy,0.0152847947020405,0.14041260208180148,1.0,6.75
2026-07-30 22:00:00+00:00,2026-07-31 13:00:00+00:00,SEPD,BASI,900,hvdc_2n,IT Power 2N + HVDC 2N,0.0207334182095627,0.07650337607182411,1.0,8.9
2026-07-30 22:00:00+00:00,2026-07-31 13:00:00+00:00,SEPD,BASI,900,mains_2n,IT Power 2N + Direct Utility 2N,0.0207334182095627,0.21540193528297402,1.0,0.05
2026-07-30 22:00:00+00:00,2026-07-31 13:00:00+00:00,SEPD,BASI,900,ups_2n,IT Power 2N + UPS 2N,0.0207334182095627,0.10421923597261823,1.0,9.0
2026-07-30 22:00:00+00:00,2026-07-31 13:00:00+00:00,SEPD,BASI,900,ups_dr,IT Power 2N + UPS Distributed Redundancy,0.0207334182095627,0.14780363168398336,1.0,6.75
2026-08-02 03:00:00+00:00,2026-08-02 19:00:00+00:00,SEPD,BASI,960,hvdc_2n,IT Power 2N + HVDC 2N,0.0135963653424343,0.07043375619274686,1.0,8.9
2026-08-02 03:00:00+00:00,2026-08-02 19:00:00+00:00,SEPD,BASI,960,mains_2n,IT Power 2N + Direct Utility 2N,0.0135963653424343,0.20358507330289918,1.0,0.05
2026-08-02 03:00:00+00:00,2026-08-02 19:00:00+00:00,SEPD,BASI,960,ups_2n,IT Power 2N + UPS 2N,0.0135963653424343,0.09649036494491936,1.0,9.0
2026-08-02 03:00:00+00:00,2026-08-02 19:00:00+00:00,SEPD,BASI,960,ups_dr,IT Power 2N + UPS Distributed Redundancy,0.0135963653424343,0.1381858672310437,1.0,6.75
2026-08-03 05:00:00+00:00,2026-08-03 22:00:00+00:00,SEPD,BASI,1020,hvdc_2n,IT Power 2N + HVDC 2N,0.0245321253405702,0.0799263281081024,1.0,8.9
2026-08-03 05:00:00+00:00,2026-08-03 22:00:00+00:00,SEPD,BASI,1020,mains_2n,IT Power 2N + Direct Utility 2N,0.0245321253405702,0.22189127629926175,1.0,0.05
2026-08-03 05:00:00+00:00,2026-08-03 22:00:00+00:00,SEPD,BASI,1020,ups_2n,IT Power 2N + UPS 2N,0.0245321253405702,0.10855231838661847,1.0,9.0
2026-08-03 05:00:00+00:00,2026-08-03 22:00:00+00:00,SEPD,BASI,1020,ups_dr,IT Power 2N + UPS Distributed Redundancy,0.0245321253405702,0.1531446992822921,1.0,6.75
2026-08-02 14:00:00+00:00,2026-08-03 08:00:00+00:00,SEPD,BASI,1080,hvdc_2n,IT Power 2N + HVDC 2N,0.0154458824381726,0.07196253485637755,1.0,8.9
2026-08-02 14:00:00+00:00,2026-08-03 08:00:00+00:00,SEPD,BASI,1080,mains_2n,IT Power 2N + Direct Utility 2N,0.0154458824381726,0.20660029107910025,1.0,0.05
2026-08-02 14:00:00+00:00,2026-08-03 08:00:00+00:00,SEPD,BASI,1080,ups_2n,IT Power 2N + UPS 2N,0.0154458824381726,0.09844265896050368,1.0,9.0
2026-08-02 14:00:00+00:00,2026-08-03 08:00:00+00:00,SEPD,BASI,1080,ups_dr,IT Power 2N + UPS Distributed Redundancy,0.0154458824381726,0.14062660908594513,1.0,6.75
2026-08-02 22:00:00+00:00,2026-08-03 17:00:00+00:00,SEPD,BASI,1140,hvdc_2n,IT Power 2N + HVDC 2N,0.0145481516851093,0.07121670030554737,1.0,8.9
2026-08-02 22:00:00+00:00,2026-08-03 17:00:00+00:00,SEPD,BASI,1140,mains_2n,IT Power 2N + Direct Utility 2N,0.0145481516851093,0.20513263682367544,1.0,0.05
2026-08-02 22:00:00+00:00,2026-08-03 17:00:00+00:00,SEPD,BASI,1140,ups_2n,IT Power 2N + UPS 2N,0.0145481516851093,0.09749068471198136,1.0,9.0
2026-08-02 22:00:00+00:00,2026-08-03 17:00:00+00:00,SEPD,BASI,1140,ups_dr,IT Power 2N + UPS Distributed Redundancy,0.0145481516851093,0.13943743298874756,1.0,6.75
2026-08-03 04:00:00+00:00,2026-08-04 00:00:00+00:00,SEPD,BASI,1200,hvdc_2n,IT Power 2N + HVDC 2N,0.0132188721687996,0.07012543733342425,1.0,8.9
2026-08-03 04:00:00+00:00,2026-08-04 00:00:00+00:00,SEPD,BASI,1200,mains_2n,IT Power 2N + Direct Utility 2N,0.0132188721687996,0.20297369752171548,1.0,0.05
2026-08-03 04:00:00+00:00,2026-08-04 00:00:00+00:00,SEPD,BASI,1200,ups_2n,IT Power 2N + UPS 2N,0.0132188721687996,0.09609616801536135,1.0,9.0
2026-08-03 04:00:00+00:00,2026-08-04 00:00:00+00:00,SEPD,BASI,1200,ups_dr,IT Power 2N + UPS Distributed Redundancy,0.0132188721687996,0.13769209528933724,1.0,6.75
2026-08-03 02:00:00+00:00,2026-08-03 23:00:00+00:00,SEPD,BASI,1260,hvdc_2n,IT Power 2N + HVDC 2N,0.0117493822093937,0.0689370755927263,1.0,8.9
2026-08-03 02:00:00+00:00,2026-08-03 23:00:00+00:00,SEPD,BASI,1260,mains_2n,IT Power 2N + Direct Utility 2N,0.0117493822093937,0.2006067981873786,1.0,0.05
2026-08-03 02:00:00+00:00,2026-08-03 23:00:00+00:00,SEPD,BASI,1260,ups_2n,IT Power 2N + UPS 2N,0.0117493822093937,0.09457533076738203,1.0,9.0
2026-08-03 02:00:00+00:00,2026-08-03 23:00:00+00:00,SEPD,BASI,1260,ups_dr,IT Power 2N + UPS Distributed Redundancy,0.0117493822093937,0.13578406501048257,1.0,6.75
2026-08-01 20:00:00+00:00,2026-08-02 18:00:00+00:00,SEPD,BASI,1320,hvdc_2n,IT Power 2N + HVDC 2N,0.0130215088832653,0.0699647373705937,1.0,8.9
2026-08-01 20:00:00+00:00,2026-08-02 18:00:00+00:00,SEPD,BASI,1320,mains_2n,IT Power 2N + Direct Utility 2N,0.0130215088832653,0.2026545994906798,1.0,0.05
2026-08-01 20:00:00+00:00,2026-08-02 18:00:00+00:00,SEPD,BASI,1320,ups_2n,IT Power 2N + UPS 2N,0.0130215088832653,0.09589064499959415,1.0,9.0
2026-08-01 20:00:00+00:00,2026-08-02 18:00:00+00:00,SEPD,BASI,1320,ups_dr,IT Power 2N + UPS Distributed Redundancy,0.0130215088832653,0.13743452913795082,1.0,6.75
2026-08-02 17:00:00+00:00,2026-08-03 16:00:00+00:00,SEPD,BASI,1380,hvdc_2n,IT Power 2N + HVDC 2N,0.0177305150717293,0.07389321325432444,1.0,8.9
2026-08-02 17:00:00+00:00,2026-08-03 16:00:00+00:00,SEPD,BASI,1380,mains_2n,IT Power 2N + Direct Utility 2N,0.0177305150717293,0.21037029018381617,1.0,0.05
2026-08-02 17:00:00+00:00,2026-08-03 16:00:00+00:00,SEPD,BASI,1380,ups_2n,IT Power 2N + UPS 2N,0.0177305150717293,0.10090276846514547,1.0,9.0
2026-08-02 17:00:00+00:00,2026-08-03 16:00:00+00:00,SEPD,BASI,1380,ups_dr,IT Power 2N + UPS Distributed Redundancy,0.0177305150717293,0.14369122116633554,1.0,6.75
2026-08-02 05:00:00+00:00,2026-08-03 05:00:00+00:00,SEPD,BASI,1440,hvdc_2n,IT Power 2N + HVDC 2N,0.0106384588519738,0.06805108902541455,1.0,8.9
2026-08-02 05:00:00+00:00,2026-08-03 05:00:00+00:00,SEPD,BASI,1440,mains_2n,IT Power 2N + Direct Utility 2N,0.0106384588519738,0.1988312042066001,1.0,0.05
2026-08-02 05:00:00+00:00,2026-08-03 05:00:00+00:00,SEPD,BASI,1440,ups_2n,IT Power 2N + UPS 2N,0.0106384588519738,0.09343993255355011,1.0,9.0
2026-08-02 05:00:00+00:00,2026-08-03 05:00:00+00:00,SEPD,BASI,1440,ups_dr,IT Power 2N + UPS Distributed Redundancy,0.0106384588519738,0.13435644107706035,1.0,6.75
2026-07-31 01:00:00+00:00,2026-08-01 02:00:00+00:00,SEPD,BASI,1500,hvdc_2n,IT Power 2N + HVDC 2N,0.0147909504420973,0.0714177104247429,1.0,8.9
2026-07-31 01:00:00+00:00,2026-08-01 02:00:00+00:00,SEPD,BASI,1500,mains_2n,IT Power 2N + Direct Utility 2N,0.0147909504420973,0.2055288114995035,1.0,0.05
2026-07-31 01:00:00+00:00,2026-08-01 02:00:00+00:00,SEPD,BASI,1500,ups_2n,IT Power 2N + UPS 2N,0.0147909504420973,0.09774734095158377,1.0,9.0
2026-07-31 01:00:00+00:00,2026-08-01 02:00:00+00:00,SEPD,BASI,1500,ups_dr,IT Power 2N + UPS Distributed Redundancy,0.0147909504420973,0.13975822174418379,1.0,6.75
2026-08-02 22:00:00+00:00,2026-08-04 00:00:00+00:00,SEPD,BASI,1560,hvdc_2n,IT Power 2N + HVDC 2N,0.0116717738353526,0.06887483569373168,1.0,8.9
2026-08-02 22:00:00+00:00,2026-08-04 00:00:00+00:00,SEPD,BASI,1560,mains_2n,IT Power 2N + Direct Utility 2N,0.0116717738353526,0.20048237143626874,1.0,0.05
2026-08-02 22:00:00+00:00,2026-08-04 00:00:00+00:00,SEPD,BASI,1560,ups_2n,IT Power 2N + UPS 2N,0.0116717738353526,0.09449561283155349,1.0,9.0
2026-08-02 22:00:00+00:00,2026-08-04 00:00:00+00:00,SEPD,BASI,1560,ups_dr,IT Power 2N + UPS Distributed Redundancy,0.0116717738353526,0.1356839181576163,1.0,6.75
2026-07-28 11:00:00+00:00,2026-07-29 14:00:00+00:00,SEPD,BASI,1620,hvdc_2n,IT Power 2N + HVDC 2N,0.020282930305329,0.07610648304905228,1.0,8.9
2026-07-28 11:00:00+00:00,2026-07-29 14:00:00+00:00,SEPD,BASI,1620,mains_2n,IT Power 2N + Direct Utility 2N,0.020282930305329,0.2146415691046338,1.0,0.05
2026-07-28 11:00:00+00:00,2026-07-29 14:00:00+00:00,SEPD,BASI,1620,ups_2n,IT Power 2N + UPS 2N,0.020282930305329,0.10371563710200107,1.0,9.0
2026-07-28 11:00:00+00:00,2026-07-29 14:00:00+00:00,SEPD,BASI,1620,ups_dr,IT Power 2N + UPS Distributed Redundancy,0.020282930305329,0.147180553680343,1.0,6.75
2026-08-01 12:00:00+00:00,2026-08-02 16:00:00+00:00,SEPD,BASI,1680,hvdc_2n,IT Power 2N + HVDC 2N,0.0149374148480265,0.0715392196379059,1.0,8.9
2026-08-01 12:00:00+00:00,2026-08-02 16:00:00+00:00,SEPD,BASI,1680,mains_2n,IT Power 2N + Direct Utility 2N,0.0149374148480265,0.20576807157167326,1.0,0.05
2026-08-01 12:00:00+00:00,2026-08-02 16:00:00+00:00,SEPD,BASI,1680,ups_2n,IT Power 2N + UPS 2N,0.0149374148480265,0.09790245584578126,1.0,9.0
2026-08-01 12:00:00+00:00,2026-08-02 16:00:00+00:00,SEPD,BASI,1680,ups_dr,IT Power 2N + UPS Distributed Redundancy,0.0149374148480265,0.13995203108970858,1.0,6.75
2026-08-02 19:00:00+00:00,2026-08-04 00:00:00+00:00,SEPD,BASI,1740,hvdc_2n,IT Power 2N + HVDC 2N,0.0130813669946783,0.07001343988564676,1.0,8.9
2026-08-02 19:00:00+00:00,2026-08-04 00:00:00+00:00,SEPD,BASI,1740,mains_2n,IT Power 2N + Direct Utility 2N,0.0130813669946783,0.2027513388619742,1.0,0.05
2026-08-02 19:00:00+00:00,2026-08-04 00:00:00+00:00,SEPD,BASI,1740,ups_2n,IT Power 2N + UPS 2N,0.0130813669946783,0.09595293631783969,1.0,9.0
2026-08-02 19:00:00+00:00,2026-08-04 00:00:00+00:00,SEPD,BASI,1740,ups_dr,IT Power 2N + UPS Distributed Redundancy,0.0130813669946783,0.1375126032939234,1.0,6.75
2026-08-02 19:00:00+00:00,2026-08-04 01:00:00+00:00,SEPD,BASI,1800,hvdc_2n,IT Power 2N + HVDC 2N,0.0135751004774614,0.07041635479044504,1.0,8.9
2026-08-02 19:00:00+00:00,2026-08-04 01:00:00+00:00,SEPD,BASI,1800,mains_2n,IT Power 2N + Direct Utility 2N,0.0135751004774614,0.20355059700871217,1.0,0.05
2026-08-02 19:00:00+00:00,2026-08-04 01:00:00+00:00,SEPD,BASI,1800,ups_2n,IT Power 2N + UPS 2N,0.0135751004774614,0.09646812079084044,1.0,9.0
2026-08-02 19:00:00+00:00,2026-08-04 01:00:00+00:00,SEPD,BASI,1800,ups_dr,IT Power 2N + UPS Distributed Redundancy,0.0135751004774614,0.13815801270337033,1.0,6.75
2026-08-02 15:00:00+00:00,2026-08-03 22:00:00+00:00,SEPD,BASI,1860,hvdc_2n,IT Power 2N + HVDC 2N,0.0157193434651442,0.07219115415753802,1.0,8.9
2026-08-02 15:00:00+00:00,2026-08-03 22:00:00+00:00,SEPD,BASI,1860,mains_2n,IT Power 2N + Direct Utility 2N,0.0157193434651442,0.2070488987799712,1.0,0.05
2026-08-02 15:00:00+00:00,2026-08-03 22:00:00+00:00,SEPD,BASI,1860,ups_2n,IT Power 2N + UPS 2N,0.0157193434651442,0.09873428455910546,1.0,9.0
2026-08-02 15:00:00+00:00,2026-08-03 22:00:00+00:00,SEPD,BASI,1860,ups_dr,IT Power 2N + UPS Distributed Redundancy,0.0157193434651442,0.1409905299376329,1.0,6.75
2026-07-31 23:00:00+00:00,2026-08-02 07:00:00+00:00,SEPD,BASI,1920,hvdc_2n,IT Power 2N + HVDC 2N,0.0140284925870988,0.07078823532947034,1.0,8.9
2026-07-31 23:00:00+00:00,2026-08-02 07:00:00+00:00,SEPD,BASI,1920,mains_2n,IT Power 2N + Direct Utility 2N,0.0140284925870988,0.20428661410589394,1.0,0.05
2026-07-31 23:00:00+00:00,2026-08-02 07:00:00+00:00,SEPD,BASI,1920,ups_2n,IT Power 2N + UPS 2N,0.0140284925870988,0.09694338594110712,1.0,9.0
2026-07-31 23:00:00+00:00,2026-08-02 07:00:00+00:00,SEPD,BASI,1920,ups_dr,IT Power 2N + UPS Distributed Redundancy,0.0140284925870988,0.13875292632267403,1.0,6.75
2026-07-31 12:00:00+00:00,2026-08-01 21:00:00+00:00,SEPD,BASI,1980,hvdc_2n,IT Power 2N + HVDC 2N,0.0508990878157071,0.10776646325131428,1.0,8.9
2026-07-31 12:00:00+00:00,2026-08-01 21:00:00+00:00,SEPD,BASI,1980,mains_2n,IT Power 2N + Direct Utility 2N,0.0508990878157071,0.2707128032767728,1.0,0.05
2026-07-31 12:00:00+00:00,2026-08-01 21:00:00+00:00,SEPD,BASI,1980,ups_2n,IT Power 2N + UPS 2N,0.0508990878157071,0.14316949102610463,1.0,9.0
2026-07-31 12:00:00+00:00,2026-08-01 21:00:00+00:00,SEPD,BASI,1980,ups_dr,IT Power 2N + UPS Distributed Redundancy,0.0508990878157071,0.1946443343070741,1.0,6.75
2026-07-31 16:00:00+00:00,2026-08-02 02:00:00+00:00,SEPD,BASI,2040,hvdc_2n,IT Power 2N + HVDC 2N,0.0128718122055903,0.06984307638181877,1.0,8.9
2026-07-31 16:00:00+00:00,2026-08-02 02:00:00+00:00,SEPD,BASI,2040,mains_2n,IT Power 2N + Direct Utility 2N,0.0128718122055903,0.2024128187127152,1.0,0.05
2026-07-31 16:00:00+00:00,2026-08-02 02:00:00+00:00,SEPD,BASI,2040,ups_2n,IT Power 2N + UPS 2N,0.0128718122055903,0.09573502144069587,1.0,9.0
2026-07-31 16:00:00+00:00,2026-08-02 02:00:00+00:00,SEPD,BASI,2040,ups_dr,IT Power 2N + UPS Distributed Redundancy,0.0128718122055903,0.13723943982905304,1.0,6.75
2026-07-31 12:00:00+00:00,2026-08-01 23:00:00+00:00,SEPD,BASI,2100,hvdc_2n,IT Power 2N + HVDC 2N,0.0497985965015314,0.1064508900900867,1.0,8.9
2026-07-31 12:00:00+00:00,2026-08-01 23:00:00+00:00,SEPD,BASI,2100,mains_2n,IT Power 2N + Direct Utility 2N,0.0497985965015314,0.2685456223808729,1.0,0.05
2026-07-31 12:00:00+00:00,2026-08-01 23:00:00+00:00,SEPD,BASI,2100,ups_2n,IT Power 2N + UPS 2N,0.0497985965015314,0.14155711890010472,1.0,9.0
2026-07-31 12:00:00+00:00,2026-08-01 23:00:00+00:00,SEPD,BASI,2100,ups_dr,IT Power 2N + UPS Distributed Redundancy,0.0497985965015314,0.1927537279416029,1.0,6.75
2026-08-02 03:00:00+00:00,2026-08-03 15:00:00+00:00,SEPD,BASI,2160,hvdc_2n,IT Power 2N + HVDC 2N,0.0143224219510418,0.07103029012770999,1.0,8.9
2026-08-02 03:00:00+00:00,2026-08-03 15:00:00+00:00,SEPD,BASI,2160,mains_2n,IT Power 2N + Direct Utility 2N,0.0143224219510418,0.20476482215768924,1.0,0.05
2026-08-02 03:00:00+00:00,2026-08-03 15:00:00+00:00,SEPD,BASI,2160,ups_2n,IT Power 2N + UPS 2N,0.0143224219510418,0.0972526110724378,1.0,9.0
2026-08-02 03:00:00+00:00,2026-08-03 15:00:00+00:00,SEPD,BASI,2160,ups_dr,IT Power 2N + UPS Distributed Redundancy,0.0143224219510418,0.13913974972533444,1.0,6.75
2026-07-29 15:00:00+00:00,2026-07-31 04:00:00+00:00,SEPD,BASI,2220,hvdc_2n,IT Power 2N + HVDC 2N,0.0186653164032862,0.07469684626881877,1.0,8.9
2026-07-29 15:00:00+00:00,2026-07-31 04:00:00+00:00,SEPD,BASI,2220,mains_2n,IT Power 2N + Direct Utility 2N,0.0186653164032862,0.21192733627325644,1.0,0.05
2026-07-29 15:00:00+00:00,2026-07-31 04:00:00+00:00,SEPD,BASI,2220,ups_2n,IT Power 2N + UPS 2N,0.0186653164032862,0.10192501207178539,1.0,9.0
2026-07-29 15:00:00+00:00,2026-07-31 04:00:00+00:00,SEPD,BASI,2220,ups_dr,IT Power 2N + UPS Distributed Redundancy,0.0186653164032862,0.14496110184035488,1.0,6.75
2026-08-02 05:00:00+00:00,2026-08-03 19:00:00+00:00,SEPD,BASI,2280,hvdc_2n,IT Power 2N + HVDC 2N,0.0145472428719231,0.07121594889244663,1.0,8.9
2026-08-02 05:00:00+00:00,2026-08-03 19:00:00+00:00,SEPD,BASI,2280,mains_2n,IT Power 2N + Direct Utility 2N,0.0145472428719231,0.20513115497831783,1.0,0.05
2026-08-02 05:00:00+00:00,2026-08-03 19:00:00+00:00,SEPD,BASI,2280,ups_2n,IT Power 2N + UPS 2N,0.0145472428719231,0.09748972515941094,1.0,9.0
2026-08-02 05:00:00+00:00,2026-08-03 19:00:00+00:00,SEPD,BASI,2280,ups_dr,IT Power 2N + UPS Distributed Redundancy,0.0145472428719231,0.13943623341329656,1.0,6.75
2026-08-01 16:00:00+00:00,2026-08-03 07:00:00+00:00,SEPD,BASI,2340,hvdc_2n,IT Power 2N + HVDC 2N,0.0120947606404558,0.06921469218105387,1.0,8.9
2026-08-01 16:00:00+00:00,2026-08-03 07:00:00+00:00,SEPD,BASI,2340,mains_2n,IT Power 2N + Direct Utility 2N,0.0120947606404558,0.2011612326113981,1.0,0.05
2026-08-01 16:00:00+00:00,2026-08-03 07:00:00+00:00,SEPD,BASI,2340,ups_2n,IT Power 2N + UPS 2N,0.0120947606404558,0.09493082813245815,1.0,9.0
2026-08-01 16:00:00+00:00,2026-08-03 07:00:00+00:00,SEPD,BASI,2340,ups_dr,IT Power 2N + UPS Distributed Redundancy,0.0120947606404558,0.1362305016255348,1.0,6.75
2026-08-01 09:00:00+00:00,2026-08-03 01:00:00+00:00,SEPD,BASI,2400,hvdc_2n,IT Power 2N + HVDC 2N,0.0128813450515256,0.0698508180478422,1.0,8.9
2026-08-01 09:00:00+00:00,2026-08-03 01:00:00+00:00,SEPD,BASI,2400,mains_2n,IT Power 2N + Direct Utility 2N,0.0128813450515256,0.2024282091540054,1.0,0.05
2026-08-01 09:00:00+00:00,2026-08-03 01:00:00+00:00,SEPD,BASI,2400,ups_2n,IT Power 2N + UPS 2N,0.0128813450515256,0.0957449249805736,1.0,9.0
2026-08-01 09:00:00+00:00,2026-08-03 01:00:00+00:00,SEPD,BASI,2400,ups_dr,IT Power 2N + UPS Distributed Redundancy,0.0128813450515256,0.13725185638072374,1.0,6.75
2026-07-29 21:00:00+00:00,2026-07-31 14:00:00+00:00,SEPD,BASI,2460,hvdc_2n,IT Power 2N + HVDC 2N,0.0263803000389498,0.0816417906553023,1.0,8.9
2026-07-29 21:00:00+00:00,2026-07-31 14:00:00+00:00,SEPD,BASI,2460,mains_2n,IT Power 2N + Direct Utility 2N,0.0263803000389498,0.22509864664362877,1.0,0.05
2026-07-29 21:00:00+00:00,2026-07-31 14:00:00+00:00,SEPD,BASI,2460,ups_2n,IT Power 2N + UPS 2N,0.0263803000389498,0.11071716978286267,1.0,9.0
2026-07-29 21:00:00+00:00,2026-07-31 14:00:00+00:00,SEPD,BASI,2460,ups_dr,IT Power 2N + UPS Distributed Redundancy,0.0263803000389498,0.1557999474342083,1.0,6.75
2026-07-31 15:00:00+00:00,2026-08-02 09:00:00+00:00,SEPD,BASI,2520,hvdc_2n,IT Power 2N + HVDC 2N,0.0146240434803804,0.07127947400787857,1.0,8.9
2026-07-31 15:00:00+00:00,2026-08-02 09:00:00+00:00,SEPD,BASI,2520,mains_2n,IT Power 2N + Direct Utility 2N,0.0146240434803804,0.20525640854505456,1.0,0.05
2026-07-31 15:00:00+00:00,2026-08-02 09:00:00+00:00,SEPD,BASI,2520,ups_2n,IT Power 2N + UPS 2N,0.0146240434803804,0.09757084330451181,1.0,9.0
2026-07-31 15:00:00+00:00,2026-08-02 09:00:00+00:00,SEPD,BASI,2520,ups_dr,IT Power 2N + UPS Distributed Redundancy,0.0146240434803804,0.139537635835329,1.0,6.75
2026-07-30 14:00:00+00:00,2026-08-01 09:00:00+00:00,SEPD,BASI,2580,hvdc_2n,IT Power 2N + HVDC 2N,0.0447003084129823,0.1005393470985247,1.0,8.9
2026-07-30 14:00:00+00:00,2026-08-01 09:00:00+00:00,SEPD,BASI,2580,mains_2n,IT Power 2N + Direct Utility 2N,0.0447003084129823,0.2586500261057011,1.0,0.05
2026-07-30 14:00:00+00:00,2026-08-01 09:00:00+00:00,SEPD,BASI,2580,ups_2n,IT Power 2N + UPS 2N,0.0447003084129823,0.13428442443476324,1.0,9.0
2026-07-30 14:00:00+00:00,2026-08-01 09:00:00+00:00,SEPD,BASI,2580,ups_dr,IT Power 2N + UPS Distributed Redundancy,0.0447003084129823,0.18417753498144407,1.0,6.75
2026-07-31 09:00:00+00:00,2026-08-02 05:00:00+00:00,SEPD,BASI,2640,hvdc_2n,IT Power 2N + HVDC 2N,0.01173991574712,0.06892948094807709,1.0,8.9
2026-07-31 09:00:00+00:00,2026-08-02 05:00:00+00:00,SEPD,BASI,2640,mains_2n,IT Power 2N + Direct Utility 2N,0.01173991574712,0.20059161784745533,1.0,0.05
2026-07-31 09:00:00+00:00,2026-08-02 05:00:00+00:00,SEPD,BASI,2640,ups_2n,IT Power 2N + UPS 2N,0.01173991574712,0.09456560376225141,1.0,9.0
2026-07-31 09:00:00+00:00,2026-08-02 05:00:00+00:00,SEPD,BASI,2640,ups_dr,IT Power 2N + UPS Distributed Redundancy,0.01173991574712,0.13577184602923204,1.0,6.75
2026-08-01 15:00:00+00:00,2026-08-03 12:00:00+00:00,SEPD,BASI,2700,hvdc_2n,IT Power 2N + HVDC 2N,0.0141997143552613,0.07092914595721839,1.0,8.9
2026-08-01 15:00:00+00:00,2026-08-03 12:00:00+00:00,SEPD,BASI,2700,mains_2n,IT Power 2N + Direct Utility 2N,0.0141997143552613,0.20456508217023278,1.0,0.05
2026-08-01 15:00:00+00:00,2026-08-03 12:00:00+00:00,SEPD,BASI,2700,ups_2n,IT Power 2N + UPS 2N,0.0141997143552613,0.09712341103266682,1.0,9.0
2026-08-01 15:00:00+00:00,2026-08-03 12:00:00+00:00,SEPD,BASI,2700,ups_dr,IT Power 2N + UPS Distributed Redundancy,0.0141997143552613,0.13897815154986443,1.0,6.75
2026-08-01 03:00:00+00:00,2026-08-03 01:00:00+00:00,SEPD,BASI,2760,hvdc_2n,IT Power 2N + HVDC 2N,0.0128946500133597,0.06986162439263643,1.0,8.9
2026-08-01 03:00:00+00:00,2026-08-03 01:00:00+00:00,SEPD,BASI,2760,mains_2n,IT Power 2N + Direct Utility 2N,0.0128946500133597,0.20244969100230717,1.0,0.05
2026-08-01 03:00:00+00:00,2026-08-03 01:00:00+00:00,SEPD,BASI,2760,ups_2n,IT Power 2N + UPS 2N,0.0128946500133597,0.09575874885015657,1.0,9.0
2026-08-01 03:00:00+00:00,2026-08-03 01:00:00+00:00,SEPD,BASI,2760,ups_dr,IT Power 2N + UPS Distributed Redundancy,0.0128946500133597,0.1372691877004983,1.0,6.75
2026-08-02 00:00:00+00:00,2026-08-03 23:00:00+00:00,SEPD,BASI,2820,hvdc_2n,IT Power 2N + HVDC 2N,0.0121026884535286,0.0692210767233111,1.0,8.9
2026-08-02 00:00:00+00:00,2026-08-03 23:00:00+00:00,SEPD,BASI,2820,mains_2n,IT Power 2N + Direct Utility 2N,0.0121026884535286,0.2011739725434414,1.0,0.05
2026-08-02 00:00:00+00:00,2026-08-03 23:00:00+00:00,SEPD,BASI,2820,ups_2n,IT Power 2N + UPS 2N,0.0121026884535286,0.09493900224146994,1.0,9.0
2026-08-02 00:00:00+00:00,2026-08-03 23:00:00+00:00,SEPD,BASI,2820,ups_dr,IT Power 2N + UPS Distributed Redundancy,0.0121026884535286,0.13624076362726475,1.0,6.75
2026-08-01 19:00:00+00:00,2026-08-03 19:00:00+00:00,SEPD,BASI,2880,hvdc_2n,IT Power 2N + HVDC 2N,0.013689955123198,0.07051038955697783,1.0,8.9
2026-08-01 19:00:00+00:00,2026-08-03 19:00:00+00:00,SEPD,BASI,2880,mains_2n,IT Power 2N + Direct Utility 2N,0.013689955123198,0.20373686017734358,1.0,0.05
2026-08-01 19:00:00+00:00,2026-08-03 19:00:00+00:00,SEPD,BASI,2880,ups_2n,IT Power 2N + UPS 2N,0.013689955123198,0.09658831918110637,1.0,9.0
2026-08-01 19:00:00+00:00,2026-08-03 19:00:00+00:00,SEPD,BASI,2880,ups_dr,IT Power 2N + UPS Distributed Redundancy,0.013689955123198,0.13830851513044626,1.0,6.75
2026-08-02 10:00:00+00:00,2026-08-02 11:00:00+00:00,SEPD,BOUR,60,hvdc_2n,IT Power 2N + HVDC 2N,0.009747966630218,0.06734853497372828,1.0,8.9
2026-08-02 10:00:00+00:00,2026-08-02 11:00:00+00:00,SEPD,BOUR,60,mains_2n,IT Power 2N + Direct Utility 2N,0.009747966630218,0.19741647712165872,1.0,0.05
2026-08-02 10:00:00+00:00,2026-08-02 11:00:00+00:00,SEPD,BOUR,60,ups_2n,IT Power 2N + UPS 2N,0.009747966630218,0.0925386651303829,1.0,9.0
2026-08-02 10:00:00+00:00,2026-08-02 11:00:00+00:00,SEPD,BOUR,60,ups_dr,IT Power 2N + UPS Distributed Redundancy,0.009747966630218,0.13322126234622506,1.0,6.75
2026-08-03 03:00:00+00:00,2026-08-03 05:00:00+00:00,SEPD,BOUR,120,hvdc_2n,IT Power 2N + HVDC 2N,0.0062343945828088,0.06464169294711508,1.0,8.9
2026-08-03 03:00:00+00:00,2026-08-03 05:00:00+00:00,SEPD,BOUR,120,mains_2n,IT Power 2N + Direct Utility 2N,0.0062343945828088,0.19190858445268877,1.0,0.05
2026-08-03 03:00:00+00:00,2026-08-03 05:00:00+00:00,SEPD,BOUR,120,ups_2n,IT Power 2N + UPS 2N,0.0062343945828088,0.08905833432808079,1.0,9.0
2026-08-03 03:00:00+00:00,2026-08-03 05:00:00+00:00,SEPD,BOUR,120,ups_dr,IT Power 2N + UPS Distributed Redundancy,0.0062343945828088,0.12882122032226415,1.0,6.75
2026-08-03 22:00:00+00:00,2026-08-04 01:00:00+00:00,SEPD,BOUR,180,hvdc_2n,IT Power 2N + HVDC 2N,0.0089036553454858,0.06668863580529351,1.0,8.9
2026-08-03 22:00:00+00:00,2026-08-04 01:00:00+00:00,SEPD,BOUR,180,mains_2n,IT Power 2N + Direct Utility 2N,0.0089036553454858,0.19608214002563368,1.0,0.05
2026-08-03 22:00:00+00:00,2026-08-04 01:00:00+00:00,SEPD,BOUR,180,ups_2n,IT Power 2N + UPS 2N,0.0089036553454858,0.09169135519822125,1.0,9.0
2026-08-03 22:00:00+00:00,2026-08-04 01:00:00+00:00,SEPD,BOUR,180,ups_dr,IT Power 2N + UPS Distributed Redundancy,0.0089036553454858,0.13215246077815473,1.0,6.75
2026-08-03 20:00:00+00:00,2026-08-04 00:00:00+00:00,SEPD,BOUR,240,hvdc_2n,IT Power 2N + HVDC 2N,0.0114052656972447,0.06866149906501819,1.0,8.9
2026-08-03 20:00:00+00:00,2026-08-04 00:00:00+00:00,SEPD,BOUR,240,mains_2n,IT Power 2N + Direct Utility 2N,0.0114052656972447,0.20005552867505325,1.0,0.05
2026-08-03 20:00:00+00:00,2026-08-04 00:00:00+00:00,SEPD,BOUR,240,ups_2n,IT Power 2N + UPS 2N,0.0114052656972447,0.09422231844615946,1.0,9.0
2026-08-03 20:00:00+00:00,2026-08-04 00:00:00+00:00,SEPD,BOUR,240,ups_dr,IT Power 2N + UPS Distributed Redundancy,0.0114052656972447,0.1353404865761621,1.0,6.75
2026-08-02 16:00:00+00:00,2026-08-02 21:00:00+00:00,SEPD,BOUR,300,hvdc_2n,IT Power 2N + HVDC 2N,0.0488346206705962,0.1053101570221382,1.0,8.9
2026-08-02 16:00:00+00:00,2026-08-02 21:00:00+00:00,SEPD,BOUR,300,mains_2n,IT Power 2N + Direct Utility 2N,0.0488346206705962,0.26665632550056007,1.0,0.05
2026-08-02 16:00:00+00:00,2026-08-02 21:00:00+00:00,SEPD,BOUR,300,ups_2n,IT Power 2N + UPS 2N,0.0488346206705962,0.14015724580334538,1.0,9.0
2026-08-02 16:00:00+00:00,2026-08-02 21:00:00+00:00,SEPD,BOUR,300,ups_dr,IT Power 2N + UPS Distributed Redundancy,0.0488346206705962,0.19110916312252804,1.0,6.75
2026-08-03 01:00:00+00:00,2026-08-03 07:00:00+00:00,SEPD,BOUR,360,hvdc_2n,IT Power 2N + HVDC 2N,0.0137838646160048,0.0705873621510245,1.0,8.9
2026-08-03 01:00:00+00:00,2026-08-03 07:00:00+00:00,SEPD,BOUR,360,mains_2n,IT Power 2N + Direct Utility 2N,0.0137838646160048,0.20388925019869233,1.0,0.05
2026-08-03 01:00:00+00:00,2026-08-03 07:00:00+00:00,SEPD,BOUR,360,ups_2n,IT Power 2N + UPS 2N,0.0137838646160048,0.09668669729336742,1.0,9.0
2026-08-03 01:00:00+00:00,2026-08-03 07:00:00+00:00,SEPD,BOUR,360,ups_dr,IT Power 2N + UPS Distributed Redundancy,0.0137838646160048,0.1384316738477028,1.0,6.75
2026-08-03 01:00:00+00:00,2026-08-03 08:00:00+00:00,SEPD,BOUR,420,hvdc_2n,IT Power 2N + HVDC 2N,0.014070702998441,0.0708229492557398,1.0,8.9
2026-08-03 01:00:00+00:00,2026-08-03 08:00:00+00:00,SEPD,BOUR,420,mains_2n,IT Power 2N + Direct Utility 2N,0.014070702998441,0.20435523721096402,1.0,0.05
2026-08-03 01:00:00+00:00,2026-08-03 08:00:00+00:00,SEPD,BOUR,420,ups_2n,IT Power 2N + UPS 2N,0.014070702998441,0.09698773890603181,1.0,9.0
2026-08-03 01:00:00+00:00,2026-08-03 08:00:00+00:00,SEPD,BOUR,420,ups_dr,IT Power 2N + UPS Distributed Redundancy,0.014070702998441,0.1388084214719033,1.0,6.75
2026-08-01 20:00:00+00:00,2026-08-02 04:00:00+00:00,SEPD,BOUR,480,hvdc_2n,IT Power 2N + HVDC 2N,0.0136104266202792,0.0704452649594802,1.0,8.9
2026-08-01 20:00:00+00:00,2026-08-02 04:00:00+00:00,SEPD,BOUR,480,mains_2n,IT Power 2N + Direct Utility 2N,0.0136104266202792,0.2036078729547066,1.0,0.05
2026-08-01 20:00:00+00:00,2026-08-02 04:00:00+00:00,SEPD,BOUR,480,ups_2n,IT Power 2N + UPS 2N,0.0136104266202792,0.09650507628863948,1.0,9.0
2026-08-01 20:00:00+00:00,2026-08-02 04:00:00+00:00,SEPD,BOUR,480,ups_dr,IT Power 2N + UPS Distributed Redundancy,0.0136104266202792,0.13820428847777613,1.0,6.75
2026-08-03 17:00:00+00:00,2026-08-04 02:00:00+00:00,SEPD,BOUR,540,hvdc_2n,IT Power 2N + HVDC 2N,0.018923927413579,0.07492058463105415,1.0,8.9
2026-08-03 17:00:00+00:00,2026-08-04 02:00:00+00:00,SEPD,BOUR,540,mains_2n,IT Power 2N + Direct Utility 2N,0.018923927413579,0.212359575000715,1.0,0.05
2026-08-03 17:00:00+00:00,2026-08-04 02:00:00+00:00,SEPD,BOUR,540,ups_2n,IT Power 2N + UPS 2N,0.018923927413579,0.10220943075530223,1.0,9.0
2026-08-03 17:00:00+00:00,2026-08-04 02:00:00+00:00,SEPD,BOUR,540,ups_dr,IT Power 2N + UPS Distributed Redundancy,0.018923927413579,0.14531405381018417,1.0,6.75
2026-08-03 03:00:00+00:00,2026-08-03 13:00:00+00:00,SEPD,BOUR,600,hvdc_2n,IT Power 2N + HVDC 2N,0.0163907448856674,0.07275530377558699,1.0,8.9
2026-08-03 03:00:00+00:00,2026-08-03 13:00:00+00:00,SEPD,BOUR,600,mains_2n,IT Power 2N + Direct Utility 2N,0.0163907448856674,0.20815337151169302,1.0,0.05
2026-08-03 03:00:00+00:00,2026-08-03 13:00:00+00:00,SEPD,BOUR,600,ups_2n,IT Power 2N + UPS 2N,0.0163907448856674,0.09945354851103944,1.0,9.0
2026-08-03 03:00:00+00:00,2026-08-03 13:00:00+00:00,SEPD,BOUR,600,ups_dr,IT Power 2N + UPS Distributed Redundancy,0.0163907448856674,0.14188736770481034,1.0,6.75
2026-08-03 12:00:00+00:00,2026-08-03 23:00:00+00:00,SEPD,BOUR,660,hvdc_2n,IT Power 2N + HVDC 2N,0.0188767429932355,0.07487971695620481,1.0,8.9
2026-08-03 12:00:00+00:00,2026-08-03 23:00:00+00:00,SEPD,BOUR,660,mains_2n,IT Power 2N + Direct Utility 2N,0.0188767429932355,0.21228066364179538,1.0,0.05
2026-08-03 12:00:00+00:00,2026-08-03 23:00:00+00:00,SEPD,BOUR,660,ups_2n,IT Power 2N + UPS 2N,0.0188767429932355,0.1021574852398318,1.0,9.0
2026-08-03 12:00:00+00:00,2026-08-03 23:00:00+00:00,SEPD,BOUR,660,ups_dr,IT Power 2N + UPS Distributed Redundancy,0.0188767429932355,0.14524960342192986,1.0,6.75
2026-08-03 12:00:00+00:00,2026-08-04 00:00:00+00:00,SEPD,BOUR,720,hvdc_2n,IT Power 2N + HVDC 2N,0.0188767429932355,0.07487971695620481,1.0,8.9
2026-08-03 12:00:00+00:00,2026-08-04 00:00:00+00:00,SEPD,BOUR,720,mains_2n,IT Power 2N + Direct Utility 2N,0.0188767429932355,0.21228066364179538,1.0,0.05
2026-08-03 12:00:00+00:00,2026-08-04 00:00:00+00:00,SEPD,BOUR,720,ups_2n,IT Power 2N + UPS 2N,0.0188767429932355,0.1021574852398318,1.0,9.0
2026-08-03 12:00:00+00:00,2026-08-04 00:00:00+00:00,SEPD,BOUR,720,ups_dr,IT Power 2N + UPS Distributed Redundancy,0.0188767429932355,0.14524960342192986,1.0,6.75
2026-07-31 20:00:00+00:00,2026-08-01 09:00:00+00:00,SEPD,BOUR,780,hvdc_2n,IT Power 2N + HVDC 2N,0.024323675776338,0.07973492537888875,1.0,8.9
2026-07-31 20:00:00+00:00,2026-08-01 09:00:00+00:00,SEPD,BOUR,780,mains_2n,IT Power 2N + Direct Utility 2N,0.024323675776338,0.2215315852321521,1.0,0.05
2026-07-31 20:00:00+00:00,2026-08-01 09:00:00+00:00,SEPD,BOUR,780,ups_2n,IT Power 2N + UPS 2N,0.024323675776338,0.1083104985427067,1.0,9.0
2026-07-31 20:00:00+00:00,2026-08-01 09:00:00+00:00,SEPD,BOUR,780,ups_dr,IT Power 2N + UPS Distributed Redundancy,0.024323675776338,0.15284756045819123,1.0,6.75
2026-08-03 02:00:00+00:00,2026-08-03 16:00:00+00:00,SEPD,BOUR,840,hvdc_2n,IT Power 2N + HVDC 2N,0.0180141965427796,0.07413624491490588,1.0,8.9
2026-08-03 02:00:00+00:00,2026-08-03 16:00:00+00:00,SEPD,BOUR,840,mains_2n,IT Power 2N + Direct Utility 2N,0.0180141965427796,0.21084191379506462,1.0,0.05
2026-08-03 02:00:00+00:00,2026-08-03 16:00:00+00:00,SEPD,BOUR,840,ups_2n,IT Power 2N + UPS 2N,0.0180141965427796,0.10121202007683178,1.0,9.0
2026-08-03 02:00:00+00:00,2026-08-03 16:00:00+00:00,SEPD,BOUR,840,ups_dr,IT Power 2N + UPS Distributed Redundancy,0.0180141965427796,0.14407560673849898,1.0,6.75
2026-07-30 12:00:00+00:00,2026-07-31 03:00:00+00:00,SEPD,BOUR,900,hvdc_2n,IT Power 2N + HVDC 2N,0.0142824612119892,0.0709973370782961,1.0,8.9
2026-07-30 12:00:00+00:00,2026-07-31 03:00:00+00:00,SEPD,BOUR,900,mains_2n,IT Power 2N + Direct Utility 2N,0.0142824612119892,0.20469975928967746,1.0,0.05
2026-07-30 12:00:00+00:00,2026-07-31 03:00:00+00:00,SEPD,BOUR,900,ups_2n,IT Power 2N + UPS 2N,0.0142824612119892,0.09721051918562872,1.0,9.0
2026-07-30 12:00:00+00:00,2026-07-31 03:00:00+00:00,SEPD,BOUR,900,ups_dr,IT Power 2N + UPS Distributed Redundancy,0.0142824612119892,0.1390871066588532,1.0,6.75
2026-08-02 19:00:00+00:00,2026-08-03 11:00:00+00:00,SEPD,BOUR,960,hvdc_2n,IT Power 2N + HVDC 2N,0.0362317372324574,0.09136315004248638,1.0,8.9
2026-08-02 19:00:00+00:00,2026-08-03 11:00:00+00:00,SEPD,BOUR,960,mains_2n,IT Power 2N + Direct Utility 2N,0.0362317372324574,0.2427460873719605,1.0,0.05
2026-08-02 19:00:00+00:00,2026-08-03 11:00:00+00:00,SEPD,BOUR,960,ups_2n,IT Power 2N + UPS 2N,0.0362317372324574,0.12290332458130299,1.0,9.0
2026-08-02 19:00:00+00:00,2026-08-03 11:00:00+00:00,SEPD,BOUR,960,ups_dr,IT Power 2N + UPS Distributed Redundancy,0.0362317372324574,0.1705900986904487,1.0,6.75
2026-08-03 02:00:00+00:00,2026-08-03 19:00:00+00:00,SEPD,BOUR,1020,hvdc_2n,IT Power 2N + HVDC 2N,0.0173329458730397,0.07355384689701629,1.0,8.9
2026-08-03 02:00:00+00:00,2026-08-03 19:00:00+00:00,SEPD,BOUR,1020,mains_2n,IT Power 2N + Direct Utility 2N,0.0173329458730397,0.20971063002906623,1.0,0.05
2026-08-03 02:00:00+00:00,2026-08-03 19:00:00+00:00,SEPD,BOUR,1020,ups_2n,IT Power 2N + UPS 2N,0.0173329458730397,0.10047077539962376,1.0,9.0
2026-08-03 02:00:00+00:00,2026-08-03 19:00:00+00:00,SEPD,BOUR,1020,ups_dr,IT Power 2N + UPS Distributed Redundancy,0.0173329458730397,0.1431539554209236,1.0,6.75
2026-07-29 21:00:00+00:00,2026-07-30 15:00:00+00:00,SEPD,BOUR,1080,hvdc_2n,IT Power 2N + HVDC 2N,0.0166728837359409,0.07299358309447763,1.0,8.9
2026-07-29 21:00:00+00:00,2026-07-30 15:00:00+00:00,SEPD,BOUR,1080,mains_2n,IT Power 2N + Direct Utility 2N,0.0166728837359409,0.20861879133442013,1.0,0.05
2026-07-29 21:00:00+00:00,2026-07-30 15:00:00+00:00,SEPD,BOUR,1080,ups_2n,IT Power 2N + UPS 2N,0.0166728837359409,0.09975718885813774,1.0,9.0
2026-07-29 21:00:00+00:00,2026-07-30 15:00:00+00:00,SEPD,BOUR,1080,ups_dr,IT Power 2N + UPS Distributed Redundancy,0.0166728837359409,0.14226565887475537,1.0,6.75
2026-08-02 09:00:00+00:00,2026-08-03 04:00:00+00:00,SEPD,BOUR,1140,hvdc_2n,IT Power 2N + HVDC 2N,0.0141774755944935,0.0709108294626122,1.0,8.9
2026-08-02 09:00:00+00:00,2026-08-03 04:00:00+00:00,SEPD,BOUR,1140,mains_2n,IT Power 2N + Direct Utility 2N,0.0141774755944935,0.20452889803442031,1.0,0.05
2026-08-02 09:00:00+00:00,2026-08-03 04:00:00+00:00,SEPD,BOUR,1140,ups_2n,IT Power 2N + UPS 2N,0.0141774755944935,0.0971000120241659,1.0,9.0
2026-08-02 09:00:00+00:00,2026-08-03 04:00:00+00:00,SEPD,BOUR,1140,ups_dr,IT Power 2N + UPS Distributed Redundancy,0.0141774755944935,0.13894888135486724,1.0,6.75
2026-08-02 15:00:00+00:00,2026-08-03 11:00:00+00:00,SEPD,BOUR,1200,hvdc_2n,IT Power 2N + HVDC 2N,0.0227083519577588,0.07826584105945945,1.0,8.9
2026-08-02 15:00:00+00:00,2026-08-03 11:00:00+00:00,SEPD,BOUR,1200,mains_2n,IT Power 2N + Direct Utility 2N,0.0227083519577588,0.21875840753169112,1.0,0.05
2026-08-02 15:00:00+00:00,2026-08-03 11:00:00+00:00,SEPD,BOUR,1200,ups_2n,IT Power 2N + UPS 2N,0.0227083519577588,0.10645258010422257,1.0,9.0
2026-08-02 15:00:00+00:00,2026-08-03 11:00:00+00:00,SEPD,BOUR,1200,ups_dr,IT Power 2N + UPS Distributed Redundancy,0.0227083519577588,0.1505609597699796,1.0,6.75
2026-08-03 01:00:00+00:00,2026-08-03 22:00:00+00:00,SEPD,BOUR,1260,hvdc_2n,IT Power 2N + HVDC 2N,0.0151435545932997,0.07171055973565345,1.0,8.9
2026-08-03 01:00:00+00:00,2026-08-03 22:00:00+00:00,SEPD,BOUR,1260,mains_2n,IT Power 2N + Direct Utility 2N,0.0151435545932997,0.20610516509051297,1.0,0.05
2026-08-03 01:00:00+00:00,2026-08-03 22:00:00+00:00,SEPD,BOUR,1260,ups_2n,IT Power 2N + UPS 2N,0.0151435545932997,0.09812114237707745,1.0,9.0
2026-08-03 01:00:00+00:00,2026-08-03 22:00:00+00:00,SEPD,BOUR,1260,ups_dr,IT Power 2N + UPS Distributed Redundancy,0.0151435545932997,0.14022518714141644,1.0,6.75
2026-08-03 03:00:00+00:00,2026-08-04 01:00:00+00:00,SEPD,BOUR,1320,hvdc_2n,IT Power 2N + HVDC 2N,0.012048862116519,0.06917773922320135,1.0,8.9
2026-08-03 03:00:00+00:00,2026-08-04 01:00:00+00:00,SEPD,BOUR,1320,mains_2n,IT Power 2N + Direct Utility 2N,0.012048862116519,0.20108748591542808,1.0,0.05
2026-08-03 03:00:00+00:00,2026-08-04 01:00:00+00:00,SEPD,BOUR,1320,ups_2n,IT Power 2N + UPS 2N,0.012048862116519,0.09488351604460173,1.0,9.0
2026-08-03 03:00:00+00:00,2026-08-04 01:00:00+00:00,SEPD,BOUR,1320,ups_dr,IT Power 2N + UPS Distributed Redundancy,0.012048862116519,0.13617110197920276,1.0,6.75
2026-08-01 04:00:00+00:00,2026-08-02 03:00:00+00:00,SEPD,BOUR,1380,hvdc_2n,IT Power 2N + HVDC 2N,0.0152820225152982,0.07182586460966935,1.0,8.9
2026-08-01 04:00:00+00:00,2026-08-02 03:00:00+00:00,SEPD,BOUR,1380,mains_2n,IT Power 2N + Direct Utility 2N,0.0152820225152982,0.20633182657533852,1.0,0.05
2026-08-01 04:00:00+00:00,2026-08-02 03:00:00+00:00,SEPD,BOUR,1380,ups_2n,IT Power 2N + UPS 2N,0.0152820225152982,0.0982682825382869,1.0,9.0
2026-08-01 04:00:00+00:00,2026-08-02 03:00:00+00:00,SEPD,BOUR,1380,ups_dr,IT Power 2N + UPS Distributed Redundancy,0.0152820225152982,0.1404089215842539,1.0,6.75
2026-08-03 00:00:00+00:00,2026-08-04 00:00:00+00:00,SEPD,BOUR,1440,hvdc_2n,IT Power 2N + HVDC 2N,0.0145358993925762,0.07120657064024652,1.0,8.9
2026-08-03 00:00:00+00:00,2026-08-04 00:00:00+00:00,SEPD,BOUR,1440,mains_2n,IT Power 2N + Direct Utility 2N,0.0145358993925762,0.2051126597857103,1.0,0.05
2026-08-03 00:00:00+00:00,2026-08-04 00:00:00+00:00,SEPD,BOUR,1440,ups_2n,IT Power 2N + UPS 2N,0.0145358993925762,0.09747774907808537,1.0,9.0
2026-08-03 00:00:00+00:00,2026-08-04 00:00:00+00:00,SEPD,BOUR,1440,ups_dr,IT Power 2N + UPS Distributed Redundancy,0.0145358993925762,0.13942126147151418,1.0,6.75
2026-08-02 15:00:00+00:00,2026-08-03 16:00:00+00:00,SEPD,BOUR,1500,hvdc_2n,IT Power 2N + HVDC 2N,0.02264095872894,0.07820509055008616,1.0,8.9
2026-08-02 15:00:00+00:00,2026-08-03 16:00:00+00:00,SEPD,BOUR,1500,mains_2n,IT Power 2N + Direct Utility 2N,0.02264095872894,0.2186432522001669,1.0,0.05
2026-08-02 15:00:00+00:00,2026-08-03 16:00:00+00:00,SEPD,BOUR,1500,ups_2n,IT Power 2N + UPS 2N,0.02264095872894,0.10637567891022166,1.0,9.0
2026-08-02 15:00:00+00:00,2026-08-03 16:00:00+00:00,SEPD,BOUR,1500,ups_dr,IT Power 2N + UPS Distributed Redundancy,0.02264095872894,0.15046617446047747,1.0,6.75
2026-08-02 22:00:00+00:00,2026-08-04 00:00:00+00:00,SEPD,BOUR,1560,hvdc_2n,IT Power 2N + HVDC 2N,0.0118324624688159,0.06900376151578315,1.0,8.9
2026-08-02 22:00:00+00:00,2026-08-04 00:00:00+00:00,SEPD,BOUR,1560,mains_2n,IT Power 2N + Direct Utility 2N,0.0118324624688159,0.2007400619141617,1.0,0.05
2026-08-02 22:00:00+00:00,2026-08-04 00:00:00+00:00,SEPD,BOUR,1560,ups_2n,IT Power 2N + UPS 2N,0.0118324624688159,0.09466073606697584,1.0,9.0
2026-08-02 22:00:00+00:00,2026-08-04 00:00:00+00:00,SEPD,BOUR,1560,ups_dr,IT Power 2N + UPS Distributed Redundancy,0.0118324624688159,0.13589134189542537,1.0,6.75
2026-08-01 14:00:00+00:00,2026-08-02 17:00:00+00:00,SEPD,BOUR,1620,hvdc_2n,IT Power 2N + HVDC 2N,0.0185973282040509,0.07463812804789634,1.0,8.9
2026-08-01 14:00:00+00:00,2026-08-02 17:00:00+00:00,SEPD,BOUR,1620,mains_2n,IT Power 2N + Direct Utility 2N,0.0185973282040509,0.21181380860610272,1.0,0.05
2026-08-01 14:00:00+00:00,2026-08-02 17:00:00+00:00,SEPD,BOUR,1620,ups_2n,IT Power 2N + UPS 2N,0.0185973282040509,0.10185035566062774,1.0,9.0
2026-08-01 14:00:00+00:00,2026-08-02 17:00:00+00:00,SEPD,BOUR,1620,ups_dr,IT Power 2N + UPS Distributed Redundancy,0.0185973282040509,0.14486842989978577,1.0,6.75
2026-08-02 10:00:00+00:00,2026-08-03 14:00:00+00:00,SEPD,BOUR,1680,hvdc_2n,IT Power 2N + HVDC 2N,0.0187145729827801,0.0747394133917849,1.0,8.9
2026-08-02 10:00:00+00:00,2026-08-03 14:00:00+00:00,SEPD,BOUR,1680,mains_2n,IT Power 2N + Direct Utility 2N,0.0187145729827801,0.21200961339912314,1.0,0.05
2026-08-02 10:00:00+00:00,2026-08-03 14:00:00+00:00,SEPD,BOUR,1680,ups_2n,IT Power 2N + UPS 2N,0.0187145729827801,0.10197912998662313,1.0,9.0
2026-08-02 10:00:00+00:00,2026-08-03 14:00:00+00:00,SEPD,BOUR,1680,ups_dr,IT Power 2N + UPS Distributed Redundancy,0.0187145729827801,0.14502827222431158,1.0,6.75
2026-08-01 09:00:00+00:00,2026-08-02 14:00:00+00:00,SEPD,BOUR,1740,hvdc_2n,IT Power 2N + HVDC 2N,0.020065042021582,0.07591519577235777,1.0,8.9
2026-08-01 09:00:00+00:00,2026-08-02 14:00:00+00:00,SEPD,BOUR,1740,mains_2n,IT Power 2N + Direct Utility 2N,0.020065042021582,0.21427450196549094,1.0,0.05
2026-08-01 09:00:00+00:00,2026-08-02 14:00:00+00:00,SEPD,BOUR,1740,ups_2n,IT Power 2N + UPS 2N,0.020065042021582,0.10347283347201591,1.0,9.0
2026-08-01 09:00:00+00:00,2026-08-02 14:00:00+00:00,SEPD,BOUR,1740,ups_dr,IT Power 2N + UPS Distributed Redundancy,0.020065042021582,0.14687996903876807,1.0,6.75
2026-08-02 20:00:00+00:00,2026-08-04 02:00:00+00:00,SEPD,BOUR,1800,hvdc_2n,IT Power 2N + HVDC 2N,0.0170788945800366,0.07333773986898014,1.0,8.9
2026-08-02 20:00:00+00:00,2026-08-04 02:00:00+00:00,SEPD,BOUR,1800,mains_2n,IT Power 2N + Direct Utility 2N,0.0170788945800366,0.20928989604346412,1.0,0.05
2026-08-02 20:00:00+00:00,2026-08-04 02:00:00+00:00,SEPD,BOUR,1800,ups_2n,IT Power 2N + UPS 2N,0.0170788945800366,0.10019558790282347,1.0,9.0
2026-08-02 20:00:00+00:00,2026-08-04 02:00:00+00:00,SEPD,BOUR,1800,ups_dr,IT Power 2N + UPS Distributed Redundancy,0.0170788945800366,0.14281151337297662,1.0,6.75
2026-07-30 04:00:00+00:00,2026-07-31 11:00:00+00:00,SEPD,BOUR,1860,hvdc_2n,IT Power 2N + HVDC 2N,0.0165426927846779,0.0728835416070259,1.0,8.9
2026-07-30 04:00:00+00:00,2026-07-31 11:00:00+00:00,SEPD,BOUR,1860,mains_2n,IT Power 2N + Direct Utility 2N,0.0165426927846779,0.208403931528861,1.0,0.05
2026-07-30 04:00:00+00:00,2026-07-31 11:00:00+00:00,SEPD,BOUR,1860,ups_2n,IT Power 2N + UPS 2N,0.0165426927846779,0.09961697390065039,1.0,9.0
2026-07-30 04:00:00+00:00,2026-07-31 11:00:00+00:00,SEPD,BOUR,1860,ups_dr,IT Power 2N + UPS Distributed Redundancy,0.0165426927846779,0.142090994693688,1.0,6.75
2026-08-01 13:00:00+00:00,2026-08-02 21:00:00+00:00,SEPD,BOUR,1920,hvdc_2n,IT Power 2N + HVDC 2N,0.0151813799201059,0.07174204063791498,1.0,8.9
2026-08-01 13:00:00+00:00,2026-08-02 21:00:00+00:00,SEPD,BOUR,1920,mains_2n,IT Power 2N + Direct Utility 2N,0.0151813799201059,0.20616706397429743,1.0,0.05
2026-08-01 13:00:00+00:00,2026-08-02 21:00:00+00:00,SEPD,BOUR,1920,ups_2n,IT Power 2N + UPS 2N,0.0151813799201059,0.09816131719880039,1.0,9.0
2026-08-01 13:00:00+00:00,2026-08-02 21:00:00+00:00,SEPD,BOUR,1920,ups_dr,IT Power 2N + UPS Distributed Redundancy,0.0151813799201059,0.1402753579535109,1.0,6.75
2026-08-02 17:00:00+00:00,2026-08-04 02:00:00+00:00,SEPD,BOUR,1980,hvdc_2n,IT Power 2N + HVDC 2N,0.0351219558834543,0.09021804064657583,1.0,8.9
2026-08-02 17:00:00+00:00,2026-08-04 02:00:00+00:00,SEPD,BOUR,1980,mains_2n,IT Power 2N + Direct Utility 2N,0.0351219558834543,0.24071191094759978,1.0,0.05
2026-08-02 17:00:00+00:00,2026-08-04 02:00:00+00:00,SEPD,BOUR,1980,ups_2n,IT Power 2N + UPS 2N,0.0351219558834543,0.12147493118023844,1.0,9.0
2026-08-02 17:00:00+00:00,2026-08-04 02:00:00+00:00,SEPD,BOUR,1980,ups_dr,IT Power 2N + UPS Distributed Redundancy,0.0351219558834543,0.16886979609827993,1.0,6.75
2026-08-02 10:00:00+00:00,2026-08-03 20:00:00+00:00,SEPD,BOUR,2040,hvdc_2n,IT Power 2N + HVDC 2N,0.0153520058875368,0.0718842061480938,1.0,8.9
2026-08-02 10:00:00+00:00,2026-08-03 20:00:00+00:00,SEPD,BOUR,2040,mains_2n,IT Power 2N + Direct Utility 2N,0.0153520058875368,0.2064464542020886,1.0,0.05
2026-08-02 10:00:00+00:00,2026-08-03 20:00:00+00:00,SEPD,BOUR,2040,ups_2n,IT Power 2N + UPS 2N,0.0153520058875368,0.09834272373435163,1.0,9.0
2026-08-02 10:00:00+00:00,2026-08-03 20:00:00+00:00,SEPD,BOUR,2040,ups_dr,IT Power 2N + UPS Distributed Redundancy,0.0153520058875368,0.14050185980850488,1.0,6.75
2026-07-31 22:00:00+00:00,2026-08-02 09:00:00+00:00,SEPD,BOUR,2100,hvdc_2n,IT Power 2N + HVDC 2N,0.0874725659999041,0.16021988657264044,1.0,8.9
2026-07-31 22:00:00+00:00,2026-08-02 09:00:00+00:00,SEPD,BOUR,2100,mains_2n,IT Power 2N + Direct Utility 2N,0.0874725659999041,0.3485828375825554,1.0,0.05
2026-07-31 22:00:00+00:00,2026-08-02 09:00:00+00:00,SEPD,BOUR,2100,ups_2n,IT Power 2N + UPS 2N,0.0874725659999041,0.20581655553317338,1.0,9.0
2026-07-31 22:00:00+00:00,2026-08-02 09:00:00+00:00,SEPD,BOUR,2100,ups_dr,IT Power 2N + UPS Distributed Redundancy,0.0874725659999041,0.26545580942055885,1.0,6.75
2026-07-29 18:00:00+00:00,2026-07-31 06:00:00+00:00,SEPD,BOUR,2160,hvdc_2n,IT Power 2N + HVDC 2N,0.0162937246079987,0.07267353141762191,1.0,8.9
2026-07-29 18:00:00+00:00,2026-07-31 06:00:00+00:00,SEPD,BOUR,2160,mains_2n,IT Power 2N + Direct Utility 2N,0.0162937246079987,0.20799350258932922,1.0,0.05
2026-07-29 18:00:00+00:00,2026-07-31 06:00:00+00:00,SEPD,BOUR,2160,ups_2n,IT Power 2N + UPS 2N,0.0162937246079987,0.09934932453572039,1.0,9.0
2026-07-29 18:00:00+00:00,2026-07-31 06:00:00+00:00,SEPD,BOUR,2160,ups_dr,IT Power 2N + UPS Distributed Redundancy,0.0162937246079987,0.1417574772508555,1.0,6.75
2026-08-02 11:00:00+00:00,2026-08-04 00:00:00+00:00,SEPD,BOUR,2220,hvdc_2n,IT Power 2N + HVDC 2N,0.0150383235120196,0.07162304606349834,1.0,8.9
2026-08-02 11:00:00+00:00,2026-08-04 00:00:00+00:00,SEPD,BOUR,2220,mains_2n,IT Power 2N + Direct Utility 2N,0.0150383235120196,0.20593303311546404,1.0,0.05
2026-08-02 11:00:00+00:00,2026-08-04 00:00:00+00:00,SEPD,BOUR,2220,ups_2n,IT Power 2N + UPS 2N,0.0150383235120196,0.09800945201918325,1.0,9.0
2026-08-02 11:00:00+00:00,2026-08-04 00:00:00+00:00,SEPD,BOUR,2220,ups_dr,IT Power 2N + UPS Distributed Redundancy,0.0150383235120196,0.1400856895882595,1.0,6.75
2026-08-02 08:00:00+00:00,2026-08-03 22:00:00+00:00,SEPD,BOUR,2280,hvdc_2n,IT Power 2N + HVDC 2N,0.0134781619813007,0.07033707869664196,1.0,8.9
2026-08-02 08:00:00+00:00,2026-08-03 22:00:00+00:00,SEPD,BOUR,2280,mains_2n,IT Power 2N + Direct Utility 2N,0.0134781619813007,0.2033934876598125,1.0,0.05
2026-08-02 08:00:00+00:00,2026-08-03 22:00:00+00:00,SEPD,BOUR,2280,ups_2n,IT Power 2N + UPS 2N,0.0134781619813007,0.09636677611025027,1.0,9.0
2026-08-02 08:00:00+00:00,2026-08-03 22:00:00+00:00,SEPD,BOUR,2280,ups_dr,IT Power 2N + UPS Distributed Redundancy,0.0134781619813007,0.13803109415042839,1.0,6.75
2026-08-01 01:00:00+00:00,2026-08-02 16:00:00+00:00,SEPD,BOUR,2340,hvdc_2n,IT Power 2N + HVDC 2N,0.0202750544401463,0.07609956101493526,1.0,8.9
2026-08-01 01:00:00+00:00,2026-08-02 16:00:00+00:00,SEPD,BOUR,2340,mains_2n,IT Power 2N + Direct Utility 2N,0.0202750544401463,0.2146282930125042,1.0,0.05
2026-08-01 01:00:00+00:00,2026-08-02 16:00:00+00:00,SEPD,BOUR,2340,ups_2n,IT Power 2N + UPS 2N,0.0202750544401463,0.10370685186842392,1.0,9.0
2026-08-01 01:00:00+00:00,2026-08-02 16:00:00+00:00,SEPD,BOUR,2340,ups_dr,IT Power 2N + UPS Distributed Redundancy,0.0202750544401463,0.14716967978344725,1.0,6.75
2026-07-30 14:00:00+00:00,2026-08-01 06:00:00+00:00,SEPD,BOUR,2400,hvdc_2n,IT Power 2N + HVDC 2N,0.0612313273240624,0.12082843556742721,1.0,8.9
2026-07-30 14:00:00+00:00,2026-08-01 06:00:00+00:00,SEPD,BOUR,2400,mains_2n,IT Power 2N + Direct Utility 2N,0.0612313273240624,0.29158743640239554,1.0,0.05
2026-07-30 14:00:00+00:00,2026-08-01 06:00:00+00:00,SEPD,BOUR,2400,ups_2n,IT Power 2N + UPS 2N,0.0612313273240624,0.15906197325615545,1.0,9.0
2026-07-30 14:00:00+00:00,2026-08-01 06:00:00+00:00,SEPD,BOUR,2400,ups_dr,IT Power 2N + UPS Distributed Redundancy,0.0612313273240624,0.21308058853380807,1.0,6.75
2026-08-01 21:00:00+00:00,2026-08-03 14:00:00+00:00,SEPD,BOUR,2460,hvdc_2n,IT Power 2N + HVDC 2N,0.0211613522577312,0.07688215575687765,1.0,8.9
2026-08-01 21:00:00+00:00,2026-08-03 14:00:00+00:00,SEPD,BOUR,2460,mains_2n,IT Power 2N + Direct Utility 2N,0.0211613522577312,0.2161260414697679,1.0,0.05
2026-08-01 21:00:00+00:00,2026-08-03 14:00:00+00:00,SEPD,BOUR,2460,ups_2n,IT Power 2N + UPS 2N,0.0211613522577312,0.1046996219421503,1.0,9.0
2026-08-01 21:00:00+00:00,2026-08-03 14:00:00+00:00,SEPD,BOUR,2460,ups_dr,IT Power 2N + UPS Distributed Redundancy,0.0211613522577312,0.14839753276547737,1.0,6.75
2026-08-01 23:00:00+00:00,2026-08-03 17:00:00+00:00,SEPD,BOUR,2520,hvdc_2n,IT Power 2N + HVDC 2N,0.0163279456592127,0.07270236453943876,1.0,8.9
2026-08-01 23:00:00+00:00,2026-08-03 17:00:00+00:00,SEPD,BOUR,2520,mains_2n,IT Power 2N + Direct Utility 2N,0.0163279456592127,0.20804988131497487,1.0,0.05
2026-08-01 23:00:00+00:00,2026-08-03 17:00:00+00:00,SEPD,BOUR,2520,ups_2n,IT Power 2N + UPS 2N,0.0163279456592127,0.09938607538194133,1.0,9.0
2026-08-01 23:00:00+00:00,2026-08-03 17:00:00+00:00,SEPD,BOUR,2520,ups_dr,IT Power 2N + UPS Distributed Redundancy,0.0163279456592127,0.14180328095498618,1.0,6.75
2026-08-02 03:00:00+00:00,2026-08-03 22:00:00+00:00,SEPD,BOUR,2580,hvdc_2n,IT Power 2N + HVDC 2N,0.0112642987542534,0.06854890433664353,1.0,8.9
2026-08-02 03:00:00+00:00,2026-08-03 22:00:00+00:00,SEPD,BOUR,2580,mains_2n,IT Power 2N + Direct Utility 2N,0.0112642987542534,0.1998300299876408,1.0,0.05
2026-08-02 03:00:00+00:00,2026-08-03 22:00:00+00:00,SEPD,BOUR,2580,ups_2n,IT Power 2N + UPS 2N,0.0112642987542534,0.09407804851580917,1.0,9.0
2026-08-02 03:00:00+00:00,2026-08-03 22:00:00+00:00,SEPD,BOUR,2580,ups_dr,IT Power 2N + UPS Distributed Redundancy,0.0112642987542534,0.13515912836087132,1.0,6.75
2026-08-01 17:00:00+00:00,2026-08-03 13:00:00+00:00,SEPD,BOUR,2640,hvdc_2n,IT Power 2N + HVDC 2N,0.0133688114158957,0.0702477510629785,1.0,8.9
2026-08-01 17:00:00+00:00,2026-08-03 13:00:00+00:00,SEPD,BOUR,2640,mains_2n,IT Power 2N + Direct Utility 2N,0.0133688114158957,0.20321637033298773,1.0,0.05
2026-08-01 17:00:00+00:00,2026-08-03 13:00:00+00:00,SEPD,BOUR,2640,ups_2n,IT Power 2N + UPS 2N,0.0133688114158957,0.09625256936001009,1.0,9.0
2026-08-01 17:00:00+00:00,2026-08-03 13:00:00+00:00,SEPD,BOUR,2640,ups_dr,IT Power 2N + UPS Distributed Redundancy,0.0133688114158957,0.13788804240973462,1.0,6.75
2026-08-01 12:00:00+00:00,2026-08-03 09:00:00+00:00,SEPD,BOUR,2700,hvdc_2n,IT Power 2N + HVDC 2N,0.0141295246882244,0.07087135055735605,1.0,8.9
2026-08-01 12:00:00+00:00,2026-08-03 09:00:00+00:00,SEPD,BOUR,2700,mains_2n,IT Power 2N + Direct Utility 2N,0.0141295246882244,0.20445089448409076,1.0,0.05
2026-08-01 12:00:00+00:00,2026-08-03 09:00:00+00:00,SEPD,BOUR,2700,ups_2n,IT Power 2N + UPS 2N,0.0141295246882244,0.09704957652626219,1.0,9.0
2026-08-01 12:00:00+00:00,2026-08-03 09:00:00+00:00,SEPD,BOUR,2700,ups_dr,IT Power 2N + UPS Distributed Redundancy,0.0141295246882244,0.1388857869590948,1.0,6.75
2026-08-01 14:00:00+00:00,2026-08-03 12:00:00+00:00,SEPD,BOUR,2760,hvdc_2n,IT Power 2N + HVDC 2N,0.0178181738008206,0.07396823265284656,1.0,8.9
2026-08-01 14:00:00+00:00,2026-08-03 12:00:00+00:00,SEPD,BOUR,2760,mains_2n,IT Power 2N + Direct Utility 2N,0.0178181738008206,0.21051594112772215,1.0,0.05
2026-08-01 14:00:00+00:00,2026-08-03 12:00:00+00:00,SEPD,BOUR,2760,ups_2n,IT Power 2N + UPS 2N,0.0178181738008206,0.1009982388072381,1.0,9.0
2026-08-01 14:00:00+00:00,2026-08-03 12:00:00+00:00,SEPD,BOUR,2760,ups_dr,IT Power 2N + UPS Distributed Redundancy,0.0178181738008206,0.14380990667331509,1.0,6.75
2026-08-01 21:00:00+00:00,2026-08-03 20:00:00+00:00,SEPD,BOUR,2820,hvdc_2n,IT Power 2N + HVDC 2N,0.0185233767856396,0.07457430785705904,1.0,8.9
2026-08-01 21:00:00+00:00,2026-08-03 20:00:00+00:00,SEPD,BOUR,2820,mains_2n,IT Power 2N + Direct Utility 2N,0.0185233767856396,0.21169037397205628,1.0,0.05
2026-08-01 21:00:00+00:00,2026-08-03 20:00:00+00:00,SEPD,BOUR,2820,ups_2n,IT Power 2N + UPS 2N,0.0185233767856396,0.10176920621484459,1.0,9.0
2026-08-01 21:00:00+00:00,2026-08-03 20:00:00+00:00,SEPD,BOUR,2820,ups_dr,IT Power 2N + UPS Distributed Redundancy,0.0185233767856396,0.14476768561479916,1.0,6.75
2026-07-31 05:00:00+00:00,2026-08-02 05:00:00+00:00,SEPD,BOUR,2880,hvdc_2n,IT Power 2N + HVDC 2N,0.0109381489427497,0.06828905364360928,1.0,8.9
2026-07-31 05:00:00+00:00,2026-08-02 05:00:00+00:00,SEPD,BOUR,2880,mains_2n,IT Power 2N + Direct Utility 2N,0.0109381489427497,0.19930903351693993,1.0,0.05
2026-07-31 05:00:00+00:00,2026-08-02 05:00:00+00:00,SEPD,BOUR,2880,ups_2n,IT Power 2N + UPS 2N,0.0109381489427497,0.09374501534432791,1.0,9.0
2026-07-31 05:00:00+00:00,2026-08-02 05:00:00+00:00,SEPD,BOUR,2880,ups_dr,IT Power 2N + UPS Distributed Redundancy,0.0109381489427497,0.13474031275621887,1.0,6.75
2026-08-02 20:00:00+00:00,2026-08-02 21:00:00+00:00,SEPD,BRAC,60,hvdc_2n,IT Power 2N + HVDC 2N,0.0085193152459178,0.06639023491252218,1.0,8.9
2026-08-02 20:00:00+00:00,2026-08-02 21:00:00+00:00,SEPD,BRAC,60,mains_2n,IT Power 2N + Direct Utility 2N,0.0085193152459178,0.19547699720430953,1.0,0.05
2026-08-02 20:00:00+00:00,2026-08-02 21:00:00+00:00,SEPD,BRAC,60,ups_2n,IT Power 2N + UPS 2N,0.0085193152459178,0.09130796505646348,1.0,9.0
2026-08-02 20:00:00+00:00,2026-08-02 21:00:00+00:00,SEPD,BRAC,60,ups_dr,IT Power 2N + UPS Distributed Redundancy,0.0085193152459178,0.1316683424176877,1.0,6.75
2026-08-03 06:00:00+00:00,2026-08-03 08:00:00+00:00,SEPD,BRAC,120,hvdc_2n,IT Power 2N + HVDC 2N,0.0127242783787834,0.06972336465403492,1.0,8.9
2026-08-03 06:00:00+00:00,2026-08-03 08:00:00+00:00,SEPD,BRAC,120,mains_2n,IT Power 2N + Direct Utility 2N,0.0127242783787834,0.20217474191336363,1.0,0.05
2026-08-03 06:00:00+00:00,2026-08-03 08:00:00+00:00,SEPD,BRAC,120,ups_2n,IT Power 2N + UPS 2N,0.0127242783787834,0.09558186736052685,1.0,9.0
2026-08-03 06:00:00+00:00,2026-08-03 08:00:00+00:00,SEPD,BRAC,120,ups_dr,IT Power 2N + UPS Distributed Redundancy,0.0127242783787834,0.1370473971225846,1.0,6.75
2026-08-03 14:00:00+00:00,2026-08-03 17:00:00+00:00,SEPD,BRAC,180,hvdc_2n,IT Power 2N + HVDC 2N,0.020125946110708,0.07596861987384448,1.0,8.9
2026-08-03 14:00:00+00:00,2026-08-03 17:00:00+00:00,SEPD,BRAC,180,mains_2n,IT Power 2N + Direct Utility 2N,0.020125946110708,0.21437705850587008,1.0,0.05
2026-08-03 14:00:00+00:00,2026-08-03 17:00:00+00:00,SEPD,BRAC,180,ups_2n,IT Power 2N + UPS 2N,0.020125946110708,0.10354065121816987,1.0,9.0
2026-08-03 14:00:00+00:00,2026-08-03 17:00:00+00:00,SEPD,BRAC,180,ups_dr,IT Power 2N + UPS Distributed Redundancy,0.020125946110708,0.1469639371890567,1.0,6.75
2026-07-31 22:00:00+00:00,2026-08-01 02:00:00+00:00,SEPD,BRAC,240,hvdc_2n,IT Power 2N + HVDC 2N,0.0104788501186628,0.06792466791592262,1.0,8.9
2026-07-31 22:00:00+00:00,2026-08-01 02:00:00+00:00,SEPD,BRAC,240,mains_2n,IT Power 2N + Direct Utility 2N,0.0104788501186628,0.198577073926054,1.0,0.05
2026-07-31 22:00:00+00:00,2026-08-01 02:00:00+00:00,SEPD,BRAC,240,ups_2n,IT Power 2N + UPS 2N,0.0104788501186628,0.09327781545660864,1.0,9.0
2026-07-31 22:00:00+00:00,2026-08-01 02:00:00+00:00,SEPD,BRAC,240,ups_dr,IT Power 2N + UPS Distributed Redundancy,0.0104788501186628,0.13415237627223017,1.0,6.75
2026-08-02 12:00:00+00:00,2026-08-02 17:00:00+00:00,SEPD,BRAC,300,hvdc_2n,IT Power 2N + HVDC 2N,0.0843377723308915,0.15501750752490973,1.0,8.9
2026-08-02 12:00:00+00:00,2026-08-02 17:00:00+00:00,SEPD,BRAC,300,mains_2n,IT Power 2N + Direct Utility 2N,0.0843377723308915,0.34149877789873895,1.0,0.05
2026-08-02 12:00:00+00:00,2026-08-02 17:00:00+00:00,SEPD,BRAC,300,ups_2n,IT Power 2N + UPS 2N,0.0843377723308915,0.19973575170547633,1.0,9.0
2026-08-02 12:00:00+00:00,2026-08-02 17:00:00+00:00,SEPD,BRAC,300,ups_dr,IT Power 2N + UPS Distributed Redundancy,0.0843377723308915,0.25878665463436956,1.0,6.75
2026-08-03 06:00:00+00:00,2026-08-03 12:00:00+00:00,SEPD,BRAC,360,hvdc_2n,IT Power 2N + HVDC 2N,0.0185062445917743,0.07455952990646783,1.0,8.9
2026-08-03 06:00:00+00:00,2026-08-03 12:00:00+00:00,SEPD,BRAC,360,mains_2n,IT Power 2N + Direct Utility 2N,0.0185062445917743,0.21166178559719565,1.0,0.05
2026-08-03 06:00:00+00:00,2026-08-03 12:00:00+00:00,SEPD,BRAC,360,ups_2n,IT Power 2N + UPS 2N,0.0185062445917743,0.10175041464783577,1.0,9.0
2026-08-03 06:00:00+00:00,2026-08-03 12:00:00+00:00,SEPD,BRAC,360,ups_dr,IT Power 2N + UPS Distributed Redundancy,0.0185062445917743,0.14474435467008034,1.0,6.75
2026-08-01 19:00:00+00:00,2026-08-02 02:00:00+00:00,SEPD,BRAC,420,hvdc_2n,IT Power 2N + HVDC 2N,0.0135749363872411,0.07041622052806483,1.0,8.9
2026-08-01 19:00:00+00:00,2026-08-02 02:00:00+00:00,SEPD,BRAC,420,mains_2n,IT Power 2N + Direct Utility 2N,0.0135749363872411,0.20355033098946604,1.0,0.05
2026-08-01 19:00:00+00:00,2026-08-02 02:00:00+00:00,SEPD,BRAC,420,ups_2n,IT Power 2N + UPS 2N,0.0135749363872411,0.09646794916175119,1.0,9.0
2026-08-01 19:00:00+00:00,2026-08-02 02:00:00+00:00,SEPD,BRAC,420,ups_dr,IT Power 2N + UPS Distributed Redundancy,0.0135749363872411,0.13815779778238377,1.0,6.75
2026-08-03 17:00:00+00:00,2026-08-04 01:00:00+00:00,SEPD,BRAC,480,hvdc_2n,IT Power 2N + HVDC 2N,0.0192700071379401,0.07522096048706214,1.0,8.9
2026-08-03 17:00:00+00:00,2026-08-04 01:00:00+00:00,SEPD,BRAC,480,mains_2n,IT Power 2N + Direct Utility 2N,0.0192700071379401,0.21293901451482897,1.0,0.05
2026-08-03 17:00:00+00:00,2026-08-04 01:00:00+00:00,SEPD,BRAC,480,ups_2n,IT Power 2N + UPS 2N,0.0192700071379401,0.10259114717036628,1.0,9.0
2026-08-03 17:00:00+00:00,2026-08-04 01:00:00+00:00,SEPD,BRAC,480,ups_dr,IT Power 2N + UPS Distributed Redundancy,0.0192700071379401,0.14578749855239073,1.0,6.75
2026-08-03 13:00:00+00:00,2026-08-03 22:00:00+00:00,SEPD,BRAC,540,hvdc_2n,IT Power 2N + HVDC 2N,0.0307416165682147,0.08582357887910054,1.0,8.9
2026-08-03 13:00:00+00:00,2026-08-03 22:00:00+00:00,SEPD,BRAC,540,mains_2n,IT Power 2N + Direct Utility 2N,0.0307416165682147,0.23279713759377205,1.0,0.05
2026-08-03 13:00:00+00:00,2026-08-03 22:00:00+00:00,SEPD,BRAC,540,ups_2n,IT Power 2N + UPS 2N,0.0307416165682147,0.11597603457781366,1.0,9.0
2026-08-03 13:00:00+00:00,2026-08-03 22:00:00+00:00,SEPD,BRAC,540,ups_dr,IT Power 2N + UPS Distributed Redundancy,0.0307416165682147,0.16221454754997036,1.0,6.75
2026-08-03 10:00:00+00:00,2026-08-03 20:00:00+00:00,SEPD,BRAC,600,hvdc_2n,IT Power 2N + HVDC 2N,0.0188443775003965,0.07485169619425687,1.0,8.9
2026-08-03 10:00:00+00:00,2026-08-03 20:00:00+00:00,SEPD,BRAC,600,mains_2n,IT Power 2N + Direct Utility 2N,0.0188443775003965,0.21222654788661469,1.0,0.05
2026-08-03 10:00:00+00:00,2026-08-03 20:00:00+00:00,SEPD,BRAC,600,ups_2n,IT Power 2N + UPS 2N,0.0188443775003965,0.1021218674698789,1.0,9.0
2026-08-03 10:00:00+00:00,2026-08-03 20:00:00+00:00,SEPD,BRAC,600,ups_dr,IT Power 2N + UPS Distributed Redundancy,0.0188443775003965,0.14520540830124798,1.0,6.75
2026-08-01 17:00:00+00:00,2026-08-02 04:00:00+00:00,SEPD,BRAC,660,hvdc_2n,IT Power 2N + HVDC 2N,0.0193886719666915,0.07532420869647044,1.0,8.9
2026-08-01 17:00:00+00:00,2026-08-02 04:00:00+00:00,SEPD,BRAC,660,mains_2n,IT Power 2N + Direct Utility 2N,0.0193886719666915,0.2131379597555298,1.0,0.05
2026-08-01 17:00:00+00:00,2026-08-02 04:00:00+00:00,SEPD,BRAC,660,ups_2n,IT Power 2N + UPS 2N,0.0193886719666915,0.10272232162355283,1.0,9.0
2026-08-01 17:00:00+00:00,2026-08-02 04:00:00+00:00,SEPD,BRAC,660,ups_dr,IT Power 2N + UPS Distributed Redundancy,0.0193886719666915,0.14595012893874437,1.0,6.75
2026-08-03 03:00:00+00:00,2026-08-03 15:00:00+00:00,SEPD,BRAC,720,hvdc_2n,IT Power 2N + HVDC 2N,0.0203736035790328,0.07618621667992535,1.0,8.9
2026-08-03 03:00:00+00:00,2026-08-03 15:00:00+00:00,SEPD,BRAC,720,mains_2n,IT Power 2N + Direct Utility 2N,0.0203736035790328,0.21479445710360343,1.0,0.05
2026-08-03 03:00:00+00:00,2026-08-03 15:00:00+00:00,SEPD,BRAC,720,ups_2n,IT Power 2N + UPS 2N,0.0203736035790328,0.10381682716386909,1.0,9.0
2026-08-03 03:00:00+00:00,2026-08-03 15:00:00+00:00,SEPD,BRAC,720,ups_dr,IT Power 2N + UPS Distributed Redundancy,0.0203736035790328,0.14730579058617646,1.0,6.75
2026-08-03 04:00:00+00:00,2026-08-03 17:00:00+00:00,SEPD,BRAC,780,hvdc_2n,IT Power 2N + HVDC 2N,0.0197511017152642,0.07564035894908056,1.0,8.9
2026-08-03 04:00:00+00:00,2026-08-03 17:00:00+00:00,SEPD,BRAC,780,mains_2n,IT Power 2N + Direct Utility 2N,0.0197511017152642,0.21374642323974988,1.0,0.05
2026-08-03 04:00:00+00:00,2026-08-03 17:00:00+00:00,SEPD,BRAC,780,ups_2n,IT Power 2N + UPS 2N,0.0197511017152642,0.1031238785498648,1.0,9.0
2026-08-03 04:00:00+00:00,2026-08-03 17:00:00+00:00,SEPD,BRAC,780,ups_dr,IT Power 2N + UPS Distributed Redundancy,0.0197511017152642,0.14644777102391682,1.0,6.75
2026-08-02 16:00:00+00:00,2026-08-03 06:00:00+00:00,SEPD,BRAC,840,hvdc_2n,IT Power 2N + HVDC 2N,0.0246547376990503,0.0800391092117313,1.0,8.9
2026-08-02 16:00:00+00:00,2026-08-03 06:00:00+00:00,SEPD,BRAC,840,mains_2n,IT Power 2N + Direct Utility 2N,0.0246547376990503,0.22210304551205953,1.0,0.05
2026-08-02 16:00:00+00:00,2026-08-03 06:00:00+00:00,SEPD,BRAC,840,ups_2n,IT Power 2N + UPS 2N,0.0246547376990503,0.10869478089392448,1.0,9.0
2026-08-02 16:00:00+00:00,2026-08-03 06:00:00+00:00,SEPD,BRAC,840,ups_dr,IT Power 2N + UPS Distributed Redundancy,0.0246547376990503,0.15331970057741176,1.0,6.75
2026-08-02 22:00:00+00:00,2026-08-03 13:00:00+00:00,SEPD,BRAC,900,hvdc_2n,IT Power 2N + HVDC 2N,0.0196227254507867,0.0755282362434558,1.0,8.9
2026-08-02 22:00:00+00:00,2026-08-03 13:00:00+00:00,SEPD,BRAC,900,mains_2n,IT Power 2N + Direct Utility 2N,0.0196227254507867,0.21353075479872616,1.0,0.05
2026-08-02 22:00:00+00:00,2026-08-03 13:00:00+00:00,SEPD,BRAC,900,ups_2n,IT Power 2N + UPS 2N,0.0196227254507867,0.10298148439872717,1.0,9.0
2026-08-02 22:00:00+00:00,2026-08-03 13:00:00+00:00,SEPD,BRAC,900,ups_dr,IT Power 2N + UPS Distributed Redundancy,0.0196227254507867,0.14627134061517105,1.0,6.75
2026-08-03 02:00:00+00:00,2026-08-03 18:00:00+00:00,SEPD,BRAC,960,hvdc_2n,IT Power 2N + HVDC 2N,0.0207386367839042,0.07650798489236971,1.0,8.9
2026-08-03 02:00:00+00:00,2026-08-03 18:00:00+00:00,SEPD,BRAC,960,mains_2n,IT Power 2N + Direct Utility 2N,0.0207386367839042,0.21541075501029255,1.0,0.05
2026-08-03 02:00:00+00:00,2026-08-03 18:00:00+00:00,SEPD,BRAC,960,ups_2n,IT Power 2N + UPS 2N,0.0207386367839042,0.10422508243960693,1.0,9.0
2026-08-03 02:00:00+00:00,2026-08-03 18:00:00+00:00,SEPD,BRAC,960,ups_dr,IT Power 2N + UPS Distributed Redundancy,0.0207386367839042,0.14781086234704424,1.0,6.75
2026-08-03 09:00:00+00:00,2026-08-04 02:00:00+00:00,SEPD,BRAC,1020,hvdc_2n,IT Power 2N + HVDC 2N,0.0180231033423641,0.0741438873182093,1.0,8.9
2026-08-03 09:00:00+00:00,2026-08-04 02:00:00+00:00,SEPD,BRAC,1020,mains_2n,IT Power 2N + Direct Utility 2N,0.0180231033423641,0.21085673398691557,1.0,0.05
2026-08-03 09:00:00+00:00,2026-08-04 02:00:00+00:00,SEPD,BRAC,1020,ups_2n,IT Power 2N + UPS 2N,0.0180231033423641,0.10122174331191108,1.0,9.0
2026-08-03 09:00:00+00:00,2026-08-04 02:00:00+00:00,SEPD,BRAC,1020,ups_dr,IT Power 2N + UPS Distributed Redundancy,0.0180231033423641,0.144087689198627,1.0,6.75
2026-08-02 03:00:00+00:00,2026-08-02 21:00:00+00:00,SEPD,BRAC,1080,hvdc_2n,IT Power 2N + HVDC 2N,0.0187644090990425,0.07478250403770732,1.0,8.9
2026-08-02 03:00:00+00:00,2026-08-02 21:00:00+00:00,SEPD,BRAC,1080,mains_2n,IT Power 2N + Direct Utility 2N,0.0187644090990425,0.21209288233034665,1.0,0.05
2026-08-02 03:00:00+00:00,2026-08-02 21:00:00+00:00,SEPD,BRAC,1080,ups_2n,IT Power 2N + UPS 2N,0.0187644090990425,0.10203391055615044,1.0,9.0
2026-08-02 03:00:00+00:00,2026-08-02 21:00:00+00:00,SEPD,BRAC,1080,ups_dr,IT Power 2N + UPS Distributed Redundancy,0.0187644090990425,0.14509625921383443,1.0,6.75
2026-08-03 04:00:00+00:00,2026-08-03 23:00:00+00:00,SEPD,BRAC,1140,hvdc_2n,IT Power 2N + HVDC 2N,0.0171363495039542,0.07338656229367048,1.0,8.9
2026-08-03 04:00:00+00:00,2026-08-03 23:00:00+00:00,SEPD,BRAC,1140,mains_2n,IT Power 2N + Direct Utility 2N,0.0171363495039542,0.20938499271963143,1.0,0.05
2026-08-03 04:00:00+00:00,2026-08-03 23:00:00+00:00,SEPD,BRAC,1140,ups_2n,IT Power 2N + UPS 2N,0.0171363495039542,0.10025776421052571,1.0,9.0
2026-08-03 04:00:00+00:00,2026-08-03 23:00:00+00:00,SEPD,BRAC,1140,ups_dr,IT Power 2N + UPS Distributed Redundancy,0.0171363495039542,0.14288889850464143,1.0,6.75
2026-08-02 10:00:00+00:00,2026-08-03 06:00:00+00:00,SEPD,BRAC,1200,hvdc_2n,IT Power 2N + HVDC 2N,0.0214751055187345,0.07716096147927777,1.0,8.9
2026-08-02 10:00:00+00:00,2026-08-03 06:00:00+00:00,SEPD,BRAC,1200,mains_2n,IT Power 2N + Direct Utility 2N,0.0214751055187345,0.21665806177786653,1.0,0.05
2026-08-02 10:00:00+00:00,2026-08-03 06:00:00+00:00,SEPD,BRAC,1200,ups_2n,IT Power 2N + UPS 2N,0.0214751055187345,0.1050530733478719,1.0,9.0
2026-08-02 10:00:00+00:00,2026-08-03 06:00:00+00:00,SEPD,BRAC,1200,ups_dr,IT Power 2N + UPS Distributed Redundancy,0.0214751055187345,0.1488342209298703,1.0,6.75
2026-08-03 02:00:00+00:00,2026-08-03 23:00:00+00:00,SEPD,BRAC,1260,hvdc_2n,IT Power 2N + HVDC 2N,0.0168655611265415,0.07315672098934209,1.0,8.9
2026-08-03 02:00:00+00:00,2026-08-03 23:00:00+00:00,SEPD,BRAC,1260,mains_2n,IT Power 2N + Direct Utility 2N,0.0168655611265415,0.20893707450298094,1.0,0.05
2026-08-03 02:00:00+00:00,2026-08-03 23:00:00+00:00,SEPD,BRAC,1260,ups_2n,IT Power 2N + UPS 2N,0.0168655611265415,0.0999650234153724,1.0,9.0
2026-08-03 02:00:00+00:00,2026-08-03 23:00:00+00:00,SEPD,BRAC,1260,ups_dr,IT Power 2N + UPS Distributed Redundancy,0.0168655611265415,0.14252448348196028,1.0,6.75
2026-08-01 08:00:00+00:00,2026-08-02 06:00:00+00:00,SEPD,BRAC,1320,hvdc_2n,IT Power 2N + HVDC 2N,0.0205362602593696,0.0763294410783023,1.0,8.9
2026-08-01 08:00:00+00:00,2026-08-02 06:00:00+00:00,SEPD,BRAC,1320,mains_2n,IT Power 2N + Direct Utility 2N,0.0205362602593696,0.21506891754274543,1.0,0.05
2026-08-01 08:00:00+00:00,2026-08-02 06:00:00+00:00,SEPD,BRAC,1320,ups_2n,IT Power 2N + UPS 2N,0.0205362602593696,0.10399856841788487,1.0,9.0
2026-08-01 08:00:00+00:00,2026-08-02 06:00:00+00:00,SEPD,BRAC,1320,ups_dr,IT Power 2N + UPS Distributed Redundancy,0.0205362602593696,0.14753067106342382,1.0,6.75
2026-08-02 08:00:00+00:00,2026-08-03 07:00:00+00:00,SEPD,BRAC,1380,hvdc_2n,IT Power 2N + HVDC 2N,0.0221027413055951,0.07772146993908753,1.0,8.9
2026-08-02 08:00:00+00:00,2026-08-03 07:00:00+00:00,SEPD,BRAC,1380,mains_2n,IT Power 2N + Direct Utility 2N,0.0221027413055951,0.21772516275995563,1.0,0.05
2026-08-02 08:00:00+00:00,2026-08-03 07:00:00+00:00,SEPD,BRAC,1380,ups_2n,IT Power 2N + UPS 2N,0.0221027413055951,0.10576328321794698,1.0,9.0
2026-08-02 08:00:00+00:00,2026-08-03 07:00:00+00:00,SEPD,BRAC,1380,ups_dr,IT Power 2N + UPS Distributed Redundancy,0.0221027413055951,0.1497109588878451,1.0,6.75
2026-07-29 15:00:00+00:00,2026-07-30 15:00:00+00:00,SEPD,BRAC,1440,hvdc_2n,IT Power 2N + HVDC 2N,0.0259160392581394,0.08120773810877298,1.0,8.9
2026-07-29 15:00:00+00:00,2026-07-30 15:00:00+00:00,SEPD,BRAC,1440,mains_2n,IT Power 2N + Direct Utility 2N,0.0259160392581394,0.22428987372108172,1.0,0.05
2026-07-29 15:00:00+00:00,2026-07-30 15:00:00+00:00,SEPD,BRAC,1440,ups_2n,IT Power 2N + UPS 2N,0.0259160392581394,0.11016983108910725,1.0,9.0
2026-07-29 15:00:00+00:00,2026-07-30 15:00:00+00:00,SEPD,BRAC,1440,ups_dr,IT Power 2N + UPS Distributed Redundancy,0.0259160392581394,0.15512943984755106,1.0,6.75
2026-08-03 00:00:00+00:00,2026-08-04 01:00:00+00:00,SEPD,BRAC,1500,hvdc_2n,IT Power 2N + HVDC 2N,0.0164314992919437,0.0727896784129676,1.0,8.9
2026-08-03 00:00:00+00:00,2026-08-04 01:00:00+00:00,SEPD,BRAC,1500,mains_2n,IT Power 2N + Direct Utility 2N,0.0164314992919437,0.20822055317381,1.0,0.05
2026-08-03 00:00:00+00:00,2026-08-04 01:00:00+00:00,SEPD,BRAC,1500,ups_2n,IT Power 2N + UPS 2N,0.0164314992919437,0.09949735790972421,1.0,9.0
2026-08-03 00:00:00+00:00,2026-08-04 01:00:00+00:00,SEPD,BRAC,1500,ups_dr,IT Power 2N + UPS Distributed Redundancy,0.0164314992919437,0.14194195920176914,1.0,6.75
2026-08-02 04:00:00+00:00,2026-08-03 06:00:00+00:00,SEPD,BRAC,1560,hvdc_2n,IT Power 2N + HVDC 2N,0.0168701564090027,0.0731606158633106,1.0,8.9
2026-08-02 04:00:00+00:00,2026-08-03 06:00:00+00:00,SEPD,BRAC,1560,mains_2n,IT Power 2N + Direct Utility 2N,0.0168701564090027,0.20894466979648424,1.0,0.05
2026-08-02 04:00:00+00:00,2026-08-03 06:00:00+00:00,SEPD,BRAC,1560,ups_2n,IT Power 2N + UPS 2N,0.0168701564090027,0.09996998488682637,1.0,9.0
2026-08-02 04:00:00+00:00,2026-08-03 06:00:00+00:00,SEPD,BRAC,1560,ups_dr,IT Power 2N + UPS Distributed Redundancy,0.0168701564090027,0.14253066114119534,1.0,6.75
2026-08-02 12:00:00+00:00,2026-08-03 15:00:00+00:00,SEPD,BRAC,1620,hvdc_2n,IT Power 2N + HVDC 2N,0.0674594189937157,0.12934559531645648,1.0,8.9
2026-08-02 12:00:00+00:00,2026-08-03 15:00:00+00:00,SEPD,BRAC,1620,mains_2n,IT Power 2N + Direct Utility 2N,0.0674594189937157,0.3046173628671436,1.0,0.05
2026-08-02 12:00:00+00:00,2026-08-03 15:00:00+00:00,SEPD,BRAC,1620,ups_2n,IT Power 2N + UPS 2N,0.0674594189937157,0.16931539440583324,1.0,9.0
2026-08-02 12:00:00+00:00,2026-08-03 15:00:00+00:00,SEPD,BRAC,1620,ups_dr,IT Power 2N + UPS Distributed Redundancy,0.0674594189937157,0.22479364836520724,1.0,6.75
2026-07-30 21:00:00+00:00,2026-08-01 01:00:00+00:00,SEPD,BRAC,1680,hvdc_2n,IT Power 2N + HVDC 2N,0.0335255791206705,0.08859352084901541,1.0,8.9
2026-07-30 21:00:00+00:00,2026-08-01 01:00:00+00:00,SEPD,BRAC,1680,mains_2n,IT Power 2N + Direct Utility 2N,0.0335255791206705,0.2378063067622991,1.0,0.05
2026-07-30 21:00:00+00:00,2026-08-01 01:00:00+00:00,SEPD,BRAC,1680,ups_2n,IT Power 2N + UPS 2N,0.0335255791206705,0.11944534977633421,1.0,9.0
2026-07-30 21:00:00+00:00,2026-08-01 01:00:00+00:00,SEPD,BRAC,1680,ups_dr,IT Power 2N + UPS Distributed Redundancy,0.0335255791206705,0.16641949160959288,1.0,6.75
2026-08-02 13:00:00+00:00,2026-08-03 18:00:00+00:00,SEPD,BRAC,1740,hvdc_2n,IT Power 2N + HVDC 2N,0.0236784442622518,0.07914511124816186,1.0,8.9
2026-08-02 13:00:00+00:00,2026-08-03 18:00:00+00:00,SEPD,BRAC,1740,mains_2n,IT Power 2N + Direct Utility 2N,0.0236784442622518,0.2204208486053121,1.0,0.05
2026-08-02 13:00:00+00:00,2026-08-03 18:00:00+00:00,SEPD,BRAC,1740,ups_2n,IT Power 2N + UPS 2N,0.0236784442622518,0.10756497091496496,1.0,9.0
2026-08-02 13:00:00+00:00,2026-08-03 18:00:00+00:00,SEPD,BRAC,1740,ups_dr,IT Power 2N + UPS Distributed Redundancy,0.0236784442622518,0.15193079601811305,1.0,6.75
2026-08-02 08:00:00+00:00,2026-08-03 14:00:00+00:00,SEPD,BRAC,1800,hvdc_2n,IT Power 2N + HVDC 2N,0.0244789417084271,0.07987745396113946,1.0,8.9
2026-08-02 08:00:00+00:00,2026-08-03 14:00:00+00:00,SEPD,BRAC,1800,mains_2n,IT Power 2N + Direct Utility 2N,0.0244789417084271,0.22179946539492337,1.0,0.05
2026-08-02 08:00:00+00:00,2026-08-03 14:00:00+00:00,SEPD,BRAC,1800,ups_2n,IT Power 2N + UPS 2N,0.0244789417084271,0.10849057567414248,1.0,9.0
2026-08-02 08:00:00+00:00,2026-08-03 14:00:00+00:00,SEPD,BRAC,1800,ups_dr,IT Power 2N + UPS Distributed Redundancy,0.0244789417084271,0.1530688426200626,1.0,6.75
2026-07-29 16:00:00+00:00,2026-07-30 23:00:00+00:00,SEPD,BRAC,1860,hvdc_2n,IT Power 2N + HVDC 2N,0.0249221868953822,0.08028561815781106,1.0,8.9
2026-07-29 16:00:00+00:00,2026-07-30 23:00:00+00:00,SEPD,BRAC,1860,mains_2n,IT Power 2N + Direct Utility 2N,0.0249221868953822,0.22256546968142255,1.0,0.05
2026-07-29 16:00:00+00:00,2026-07-30 23:00:00+00:00,SEPD,BRAC,1860,ups_2n,IT Power 2N + UPS 2N,0.0249221868953822,0.10900609805614268,1.0,9.0
2026-07-29 16:00:00+00:00,2026-07-30 23:00:00+00:00,SEPD,BRAC,1860,ups_dr,IT Power 2N + UPS Distributed Redundancy,0.0249221868953822,0.15370199173651133,1.0,6.75
2026-08-02 11:00:00+00:00,2026-08-03 19:00:00+00:00,SEPD,BRAC,1920,hvdc_2n,IT Power 2N + HVDC 2N,0.0232846257004757,0.07878707929296554,1.0,8.9
2026-08-02 11:00:00+00:00,2026-08-03 19:00:00+00:00,SEPD,BRAC,1920,mains_2n,IT Power 2N + Direct Utility 2N,0.0232846257004757,0.21974487366350579,1.0,0.05
2026-08-02 11:00:00+00:00,2026-08-03 19:00:00+00:00,SEPD,BRAC,1920,ups_2n,IT Power 2N + UPS 2N,0.0232846257004757,0.10711215737301615,1.0,9.0
2026-08-02 11:00:00+00:00,2026-08-03 19:00:00+00:00,SEPD,BRAC,1920,ups_dr,IT Power 2N + UPS Distributed Redundancy,0.0232846257004757,0.15137346791497608,1.0,6.75
2026-08-01 13:00:00+00:00,2026-08-02 22:00:00+00:00,SEPD,BRAC,1980,hvdc_2n,IT Power 2N + HVDC 2N,0.022712552709409,0.07826962918685713,1.0,8.9
2026-08-01 13:00:00+00:00,2026-08-02 22:00:00+00:00,SEPD,BRAC,1980,mains_2n,IT Power 2N + Direct Utility 2N,0.022712552709409,0.21876558683410216,1.0,0.05
2026-08-01 13:00:00+00:00,2026-08-02 22:00:00+00:00,SEPD,BRAC,1980,ups_2n,IT Power 2N + UPS 2N,0.022712552709409,0.1064573751269003,1.0,9.0
2026-08-01 13:00:00+00:00,2026-08-02 22:00:00+00:00,SEPD,BRAC,1980,ups_dr,IT Power 2N + UPS Distributed Redundancy,0.022712552709409,0.150566869549738,1.0,6.75
2026-08-01 19:00:00+00:00,2026-08-03 05:00:00+00:00,SEPD,BRAC,2040,hvdc_2n,IT Power 2N + HVDC 2N,0.0240373817761257,0.0794727266122284,1.0,8.9
2026-08-01 19:00:00+00:00,2026-08-03 05:00:00+00:00,SEPD,BRAC,2040,mains_2n,IT Power 2N + Direct Utility 2N,0.0240373817761257,0.22103824957810264,1.0,0.05
2026-08-01 19:00:00+00:00,2026-08-03 05:00:00+00:00,SEPD,BRAC,2040,ups_2n,IT Power 2N + UPS 2N,0.0240373817761257,0.10797914375162478,1.0,9.0
2026-08-01 19:00:00+00:00,2026-08-03 05:00:00+00:00,SEPD,BRAC,2040,ups_dr,IT Power 2N + UPS Distributed Redundancy,0.0240373817761257,0.1524402269746132,1.0,6.75
2026-07-27 04:00:00+00:00,2026-07-28 15:00:00+00:00,SEPD,BRAC,2100,hvdc_2n,IT Power 2N + HVDC 2N,0.0252815709101014,0.08061795493061659,1.0,8.9
2026-07-27 04:00:00+00:00,2026-07-28 15:00:00+00:00,SEPD,BRAC,2100,mains_2n,IT Power 2N + Direct Utility 2N,0.0252815709101014,0.22318793209410281,1.0,0.05
2026-07-27 04:00:00+00:00,2026-07-28 15:00:00+00:00,SEPD,BRAC,2100,ups_2n,IT Power 2N + UPS 2N,0.0252815709101014,0.10942566163423569,1.0,9.0
2026-07-27 04:00:00+00:00,2026-07-28 15:00:00+00:00,SEPD,BRAC,2100,ups_dr,IT Power 2N + UPS Distributed Redundancy,0.0252815709101014,0.15421692226747927,1.0,6.75
2026-08-02 14:00:00+00:00,2026-08-04 02:00:00+00:00,SEPD,BRAC,2160,hvdc_2n,IT Power 2N + HVDC 2N,0.0285468726127351,0.08369545613794441,1.0,8.9
2026-08-02 14:00:00+00:00,2026-08-04 02:00:00+00:00,SEPD,BRAC,2160,mains_2n,IT Power 2N + Direct Utility 2N,0.0285468726127351,0.2289002764079855,1.0,0.05
2026-08-02 14:00:00+00:00,2026-08-04 02:00:00+00:00,SEPD,BRAC,2160,ups_2n,IT Power 2N + UPS 2N,0.0285468726127351,0.11330301490326354,1.0,9.0
2026-08-02 14:00:00+00:00,2026-08-04 02:00:00+00:00,SEPD,BRAC,2160,ups_dr,IT Power 2N + UPS Distributed Redundancy,0.0285468726127351,0.15896029703168546,1.0,6.75
2026-08-02 13:00:00+00:00,2026-08-04 02:00:00+00:00,SEPD,BRAC,2220,hvdc_2n,IT Power 2N + HVDC 2N,0.0222106574117996,0.07781821900428669,1.0,8.9
2026-08-02 13:00:00+00:00,2026-08-04 02:00:00+00:00,SEPD,BRAC,2220,mains_2n,IT Power 2N + Direct Utility 2N,0.0222106574117996,0.2179090224503343,1.0,0.05
2026-08-02 13:00:00+00:00,2026-08-04 02:00:00+00:00,SEPD,BRAC,2220,ups_2n,IT Power 2N + UPS 2N,0.0222106574117996,0.10588582287281223,1.0,9.0
2026-08-02 13:00:00+00:00,2026-08-04 02:00:00+00:00,SEPD,BRAC,2220,ups_dr,IT Power 2N + UPS Distributed Redundancy,0.0222106574117996,0.14986213379156407,1.0,6.75
2026-08-02 12:00:00+00:00,2026-08-04 02:00:00+00:00,SEPD,BRAC,2280,hvdc_2n,IT Power 2N + HVDC 2N,0.0648945829931451,0.12577780066659516,1.0,8.9
2026-08-02 12:00:00+00:00,2026-08-04 02:00:00+00:00,SEPD,BRAC,2280,mains_2n,IT Power 2N + Direct Utility 2N,0.0648945829931451,0.2992117680623893,1.0,0.05
2026-08-02 12:00:00+00:00,2026-08-04 02:00:00+00:00,SEPD,BRAC,2280,ups_2n,IT Power 2N + UPS 2N,0.0648945829931451,0.16503048454656105,1.0,9.0
2026-08-02 12:00:00+00:00,2026-08-04 02:00:00+00:00,SEPD,BRAC,2280,ups_dr,IT Power 2N + UPS Distributed Redundancy,0.0648945829931451,0.2199153762097557,1.0,6.75
2026-08-01 16:00:00+00:00,2026-08-03 07:00:00+00:00,SEPD,BRAC,2340,hvdc_2n,IT Power 2N + HVDC 2N,0.0257403792648573,0.08104405711019368,1.0,8.9
2026-08-01 16:00:00+00:00,2026-08-03 07:00:00+00:00,SEPD,BRAC,2340,mains_2n,IT Power 2N + Direct Utility 2N,0.0257403792648573,0.22398440159037433,1.0,0.05
2026-08-01 16:00:00+00:00,2026-08-03 07:00:00+00:00,SEPD,BRAC,2340,ups_2n,IT Power 2N + UPS 2N,0.0257403792648573,0.10996335630047714,1.0,9.0
2026-08-01 16:00:00+00:00,2026-08-03 07:00:00+00:00,SEPD,BRAC,2340,ups_dr,IT Power 2N + UPS Distributed Redundancy,0.0257403792648573,0.1548763582863401,1.0,6.75
2026-08-01 11:00:00+00:00,2026-08-03 03:00:00+00:00,SEPD,BRAC,2400,hvdc_2n,IT Power 2N + HVDC 2N,0.0213576953796093,0.07705652079707803,1.0,8.9
2026-08-01 11:00:00+00:00,2026-08-03 03:00:00+00:00,SEPD,BRAC,2400,mains_2n,IT Power 2N + Direct Utility 2N,0.0213576953796093,0.21645886269662867,1.0,0.05
2026-08-01 11:00:00+00:00,2026-08-03 03:00:00+00:00,SEPD,BRAC,2400,ups_2n,IT Power 2N + UPS 2N,0.0213576953796093,0.10492068455430827,1.0,9.0
2026-08-01 11:00:00+00:00,2026-08-03 03:00:00+00:00,SEPD,BRAC,2400,ups_dr,IT Power 2N + UPS Distributed Redundancy,0.0213576953796093,0.14867068308975112,1.0,6.75
2026-08-01 12:00:00+00:00,2026-08-03 05:00:00+00:00,SEPD,BRAC,2460,hvdc_2n,IT Power 2N + HVDC 2N,0.0238455823580263,0.079297510425604,1.0,8.9
2026-08-01 12:00:00+00:00,2026-08-03 05:00:00+00:00,SEPD,BRAC,2460,mains_2n,IT Power 2N + Direct Utility 2N,0.0238455823580263,0.22070818538549042,1.0,0.05
2026-08-01 12:00:00+00:00,2026-08-03 05:00:00+00:00,SEPD,BRAC,2460,ups_2n,IT Power 2N + UPS 2N,0.0238455823580263,0.10775765506267697,1.0,9.0
2026-08-01 12:00:00+00:00,2026-08-03 05:00:00+00:00,SEPD,BRAC,2460,ups_dr,IT Power 2N + UPS Distributed Redundancy,0.0238455823580263,0.15216783683037358,1.0,6.75
2026-08-02 03:00:00+00:00,2026-08-03 21:00:00+00:00,SEPD,BRAC,2520,hvdc_2n,IT Power 2N + HVDC 2N,0.0220852354156797,0.07770578592658034,1.0,8.9
2026-08-02 03:00:00+00:00,2026-08-03 21:00:00+00:00,SEPD,BRAC,2520,mains_2n,IT Power 2N + Direct Utility 2N,0.0220852354156797,0.21769534804121424,1.0,0.05
2026-08-02 03:00:00+00:00,2026-08-03 21:00:00+00:00,SEPD,BRAC,2520,ups_2n,IT Power 2N + UPS 2N,0.0220852354156797,0.10574341692232346,1.0,9.0
2026-08-02 03:00:00+00:00,2026-08-03 21:00:00+00:00,SEPD,BRAC,2520,ups_dr,IT Power 2N + UPS Distributed Redundancy,0.0220852354156797,0.14968644750817514,1.0,6.75
2026-07-31 07:00:00+00:00,2026-08-02 02:00:00+00:00,SEPD,BRAC,2580,hvdc_2n,IT Power 2N + HVDC 2N,0.0784079530281267,0.14555469233091867,1.0,8.9
2026-07-31 07:00:00+00:00,2026-08-02 02:00:00+00:00,SEPD,BRAC,2580,mains_2n,IT Power 2N + Direct Utility 2N,0.0784079530281267,0.3282919550824856,1.0,0.05
2026-07-31 07:00:00+00:00,2026-08-02 02:00:00+00:00,SEPD,BRAC,2580,ups_2n,IT Power 2N + UPS 2N,0.0784079530281267,0.18860431807288555,1.0,9.0
2026-07-31 07:00:00+00:00,2026-08-02 02:00:00+00:00,SEPD,BRAC,2580,ups_dr,IT Power 2N + UPS Distributed Redundancy,0.0784079530281267,0.24647297762013384,1.0,6.75
2026-08-02 00:00:00+00:00,2026-08-03 20:00:00+00:00,SEPD,BRAC,2640,hvdc_2n,IT Power 2N + HVDC 2N,0.0248655199949212,0.08023333027098457,1.0,8.9
2026-08-02 00:00:00+00:00,2026-08-03 20:00:00+00:00,SEPD,BRAC,2640,mains_2n,IT Power 2N + Direct Utility 2N,0.0248655199949212,0.22246743431254712,1.0,0.05
2026-08-02 00:00:00+00:00,2026-08-03 20:00:00+00:00,SEPD,BRAC,2640,ups_2n,IT Power 2N + UPS 2N,0.0248655199949212,0.10894007117855092,1.0,9.0
2026-08-02 00:00:00+00:00,2026-08-03 20:00:00+00:00,SEPD,BRAC,2640,ups_dr,IT Power 2N + UPS Distributed Redundancy,0.0248655199949212,0.15362092714344072,1.0,6.75
2026-08-02 04:00:00+00:00,2026-08-04 01:00:00+00:00,SEPD,BRAC,2700,hvdc_2n,IT Power 2N + HVDC 2N,0.0174881798176718,0.0736861840128655,1.0,8.9
2026-08-02 04:00:00+00:00,2026-08-04 01:00:00+00:00,SEPD,BRAC,2700,mains_2n,IT Power 2N + Direct Utility 2N,0.0174881798176718,0.2099680184116143,1.0,0.05
2026-08-02 04:00:00+00:00,2026-08-04 01:00:00+00:00,SEPD,BRAC,2700,ups_2n,IT Power 2N + UPS 2N,0.0174881798176718,0.10063925455928407,1.0,9.0
2026-08-02 04:00:00+00:00,2026-08-04 01:00:00+00:00,SEPD,BRAC,2700,ups_dr,IT Power 2N + UPS Distributed Redundancy,0.0174881798176718,0.14336353556548412,1.0,6.75
2026-08-02 02:00:00+00:00,2026-08-04 00:00:00+00:00,SEPD,BRAC,2760,hvdc_2n,IT Power 2N + HVDC 2N,0.0194893477181308,0.07541190697409335,1.0,8.9
2026-08-02 02:00:00+00:00,2026-08-04 00:00:00+00:00,SEPD,BRAC,2760,mains_2n,IT Power 2N + Direct Utility 2N,0.0194893477181308,0.21330685199118268,1.0,0.05
2026-08-02 02:00:00+00:00,2026-08-04 00:00:00+00:00,SEPD,BRAC,2760,ups_2n,IT Power 2N + UPS 2N,0.0194893477181308,0.10283372702681214,1.0,9.0
2026-08-02 02:00:00+00:00,2026-08-04 00:00:00+00:00,SEPD,BRAC,2760,ups_dr,IT Power 2N + UPS Distributed Redundancy,0.0194893477181308,0.1460882231740521,1.0,6.75
2026-08-01 12:00:00+00:00,2026-08-03 11:00:00+00:00,SEPD,BRAC,2820,hvdc_2n,IT Power 2N + HVDC 2N,0.0252262562594733,0.08056672166387296,1.0,8.9
2026-08-01 12:00:00+00:00,2026-08-03 11:00:00+00:00,SEPD,BRAC,2820,mains_2n,IT Power 2N + Direct Utility 2N,0.0252262562594733,0.22309204495929918,1.0,0.05
2026-08-01 12:00:00+00:00,2026-08-03 11:00:00+00:00,SEPD,BRAC,2820,ups_2n,IT Power 2N + UPS 2N,0.0252262562594733,0.10936099233066258,1.0,9.0
2026-08-01 12:00:00+00:00,2026-08-03 11:00:00+00:00,SEPD,BRAC,2820,ups_dr,IT Power 2N + UPS Distributed Redundancy,0.0252262562594733,0.15413757490329438,1.0,6.75
2026-07-31 10:00:00+00:00,2026-08-02 10:00:00+00:00,SEPD,BRAC,2880,hvdc_2n,IT Power 2N + HVDC 2N,0.0899025996542683,0.1643491843040633,1.0,8.9
2026-07-31 10:00:00+00:00,2026-08-02 10:00:00+00:00,SEPD,BRAC,2880,mains_2n,IT Power 2N + Direct Utility 2N,0.0899025996542683,0.35412088875992515,1.0,0.05
2026-07-31 10:00:00+00:00,2026-08-02 10:00:00+00:00,SEPD,BRAC,2880,ups_2n,IT Power 2N + UPS 2N,0.0899025996542683,0.21062390065198872,1.0,9.0
2026-07-31 10:00:00+00:00,2026-08-02 10:00:00+00:00,SEPD,BRAC,2880,ups_dr,IT Power 2N + UPS Distributed Redundancy,0.0899025996542683,0.27070050728807304,1.0,6.75
2026-08-03 07:00:00+00:00,2026-08-03 08:00:00+00:00,SEPD,CHIC,60,hvdc_2n,IT Power 2N + HVDC 2N,0.0101230074571589,0.06764359953814737,1.0,8.9
2026-08-03 07:00:00+00:00,2026-08-03 08:00:00+00:00,SEPD,CHIC,60,mains_2n,IT Power 2N + Direct Utility 2N,0.0101230074571589,0.19801137825647894,1.0,0.05
2026-08-03 07:00:00+00:00,2026-08-03 08:00:00+00:00,SEPD,CHIC,60,ups_2n,IT Power 2N + UPS 2N,0.0101230074571589,0.09291728861591246,1.0,9.0
2026-08-03 07:00:00+00:00,2026-08-03 08:00:00+00:00,SEPD,CHIC,60,ups_dr,IT Power 2N + UPS Distributed Redundancy,0.0101230074571589,0.1336983630422991,1.0,6.75
2026-08-02 05:00:00+00:00,2026-08-02 07:00:00+00:00,SEPD,CHIC,120,hvdc_2n,IT Power 2N + HVDC 2N,0.0078924033858478,0.06590616212360728,1.0,8.9
2026-08-02 05:00:00+00:00,2026-08-02 07:00:00+00:00,SEPD,CHIC,120,mains_2n,IT Power 2N + Direct Utility 2N,0.0078924033858478,0.19449296146007963,1.0,0.05
2026-08-02 05:00:00+00:00,2026-08-02 07:00:00+00:00,SEPD,CHIC,120,ups_2n,IT Power 2N + UPS 2N,0.0078924033858478,0.09068569649985245,1.0,9.0
2026-08-02 05:00:00+00:00,2026-08-02 07:00:00+00:00,SEPD,CHIC,120,ups_dr,IT Power 2N + UPS Distributed Redundancy,0.0078924033858478,0.13088190759280802,1.0,6.75
2026-08-03 10:00:00+00:00,2026-08-03 13:00:00+00:00,SEPD,CHIC,180,hvdc_2n,IT Power 2N + HVDC 2N,0.0177613134513534,0.07391956289779136,1.0,8.9
2026-08-03 10:00:00+00:00,2026-08-03 13:00:00+00:00,SEPD,CHIC,180,mains_2n,IT Power 2N + Direct Utility 2N,0.0177613134513534,0.2104214553621356,1.0,0.05
2026-08-03 10:00:00+00:00,2026-08-03 13:00:00+00:00,SEPD,CHIC,180,ups_2n,IT Power 2N + UPS 2N,0.0177613134513534,0.1009363022762791,1.0,9.0
2026-08-03 10:00:00+00:00,2026-08-03 13:00:00+00:00,SEPD,CHIC,180,ups_dr,IT Power 2N + UPS Distributed Redundancy,0.0177613134513534,0.143732911330785,1.0,6.75
2026-08-02 02:00:00+00:00,2026-08-02 06:00:00+00:00,SEPD,CHIC,240,hvdc_2n,IT Power 2N + HVDC 2N,0.0105199320955381,0.06795718684597671,1.0,8.9
2026-08-02 02:00:00+00:00,2026-08-02 06:00:00+00:00,SEPD,CHIC,240,mains_2n,IT Power 2N + Direct Utility 2N,0.0105199320955381,0.19864246161363383,1.0,0.05
2026-08-02 02:00:00+00:00,2026-08-02 06:00:00+00:00,SEPD,CHIC,240,ups_2n,IT Power 2N + UPS 2N,0.0105199320955381,0.09331951893376557,1.0,9.0
2026-08-02 02:00:00+00:00,2026-08-02 06:00:00+00:00,SEPD,CHIC,240,ups_dr,IT Power 2N + UPS Distributed Redundancy,0.0105199320955381,0.13420487583148172,1.0,6.75
2026-08-01 23:00:00+00:00,2026-08-02 04:00:00+00:00,SEPD,CHIC,300,hvdc_2n,IT Power 2N + HVDC 2N,0.0080611526985203,0.06603613904418416,1.0,8.9
2026-08-01 23:00:00+00:00,2026-08-02 04:00:00+00:00,SEPD,CHIC,300,mains_2n,IT Power 2N + Direct Utility 2N,0.0080611526985203,0.1947574696311876,1.0,0.05
2026-08-01 23:00:00+00:00,2026-08-02 04:00:00+00:00,SEPD,CHIC,300,ups_2n,IT Power 2N + UPS 2N,0.0080611526985203,0.0908528194307219,1.0,9.0
2026-08-01 23:00:00+00:00,2026-08-02 04:00:00+00:00,SEPD,CHIC,300,ups_dr,IT Power 2N + UPS Distributed Redundancy,0.0080611526985203,0.13109320328773835,1.0,6.75
2026-08-02 17:00:00+00:00,2026-08-02 23:00:00+00:00,SEPD,CHIC,360,hvdc_2n,IT Power 2N + HVDC 2N,0.0091455422939966,0.06687707440610209,1.0,8.9
2026-08-02 17:00:00+00:00,2026-08-02 23:00:00+00:00,SEPD,CHIC,360,mains_2n,IT Power 2N + Direct Utility 2N,0.0091455422939966,0.1964637162643505,1.0,0.05
2026-08-02 17:00:00+00:00,2026-08-02 23:00:00+00:00,SEPD,CHIC,360,ups_2n,IT Power 2N + UPS 2N,0.0091455422939966,0.09193338577498235,1.0,9.0
2026-08-02 17:00:00+00:00,2026-08-02 23:00:00+00:00,SEPD,CHIC,360,ups_dr,IT Power 2N + UPS Distributed Redundancy,0.0091455422939966,0.13245791689773323,1.0,6.75
2026-08-03 13:00:00+00:00,2026-08-03 20:00:00+00:00,SEPD,CHIC,420,hvdc_2n,IT Power 2N + HVDC 2N,0.017127825427385,0.07337931705407111,1.0,8.9
2026-08-03 13:00:00+00:00,2026-08-03 20:00:00+00:00,SEPD,CHIC,420,mains_2n,IT Power 2N + Direct Utility 2N,0.017127825427385,0.20937088206414628,1.0,0.05
2026-08-03 13:00:00+00:00,2026-08-03 20:00:00+00:00,SEPD,CHIC,420,ups_2n,IT Power 2N + UPS 2N,0.017127825427385,0.10024853749877026,1.0,9.0
2026-08-03 13:00:00+00:00,2026-08-03 20:00:00+00:00,SEPD,CHIC,420,ups_dr,IT Power 2N + UPS Distributed Redundancy,0.017127825427385,0.14287741535316423,1.0,6.75
2026-08-03 14:00:00+00:00,2026-08-03 22:00:00+00:00,SEPD,CHIC,480,hvdc_2n,IT Power 2N + HVDC 2N,0.0145157185226834,0.07118988887044982,1.0,8.9
2026-08-03 14:00:00+00:00,2026-08-03 22:00:00+00:00,SEPD,CHIC,480,mains_2n,IT Power 2N + Direct Utility 2N,0.0145157185226834,0.20507975855957725,1.0,0.05
2026-08-03 14:00:00+00:00,2026-08-03 22:00:00+00:00,SEPD,CHIC,480,ups_2n,IT Power 2N + UPS 2N,0.0145157185226834,0.0974564460076246,1.0,9.0
2026-08-03 14:00:00+00:00,2026-08-03 22:00:00+00:00,SEPD,CHIC,480,ups_dr,IT Power 2N + UPS Distributed Redundancy,0.0145157185226834,0.13939462863492805,1.0,6.75
2026-08-03 17:00:00+00:00,2026-08-04 02:00:00+00:00,SEPD,CHIC,540,hvdc_2n,IT Power 2N + HVDC 2N,0.0160909282452666,0.07250288048496156,1.0,8.9
2026-08-03 17:00:00+00:00,2026-08-04 02:00:00+00:00,SEPD,CHIC,540,mains_2n,IT Power 2N + Direct Utility 2N,0.0160909282452666,0.2076596294952993,1.0,0.05
2026-08-03 17:00:00+00:00,2026-08-04 02:00:00+00:00,SEPD,CHIC,540,ups_2n,IT Power 2N + UPS 2N,0.0160909282452666,0.0991317844688423,1.0,9.0
2026-08-03 17:00:00+00:00,2026-08-04 02:00:00+00:00,SEPD,CHIC,540,ups_dr,IT Power 2N + UPS Distributed Redundancy,0.0160909282452666,0.14148629469993668,1.0,6.75
2026-08-03 16:00:00+00:00,2026-08-04 02:00:00+00:00,SEPD,CHIC,600,hvdc_2n,IT Power 2N + HVDC 2N,0.0151591848083051,0.07172356675627564,1.0,8.9
2026-08-03 16:00:00+00:00,2026-08-04 02:00:00+00:00,SEPD,CHIC,600,mains_2n,IT Power 2N + Direct Utility 2N,0.0151591848083051,0.20613074133375156,1.0,0.05
2026-08-03 16:00:00+00:00,2026-08-04 02:00:00+00:00,SEPD,CHIC,600,ups_2n,IT Power 2N + UPS 2N,0.0151591848083051,0.09813774167562475,1.0,9.0
2026-08-03 16:00:00+00:00,2026-08-04 02:00:00+00:00,SEPD,CHIC,600,ups_dr,IT Power 2N + UPS Distributed Redundancy,0.0151591848083051,0.14024591694789187,1.0,6.75
2026-08-03 04:00:00+00:00,2026-08-03 15:00:00+00:00,SEPD,CHIC,660,hvdc_2n,IT Power 2N + HVDC 2N,0.0186267721527838,0.07466355219523169,1.0,8.9
2026-08-03 04:00:00+00:00,2026-08-03 15:00:00+00:00,SEPD,CHIC,660,mains_2n,IT Power 2N + Direct Utility 2N,0.0186267721527838,0.21186296907243907,1.0,0.05
2026-08-03 04:00:00+00:00,2026-08-03 15:00:00+00:00,SEPD,CHIC,660,ups_2n,IT Power 2N + UPS 2N,0.0186267721527838,0.10188268148776214,1.0,9.0
2026-08-03 04:00:00+00:00,2026-08-03 15:00:00+00:00,SEPD,CHIC,660,ups_dr,IT Power 2N + UPS Distributed Redundancy,0.0186267721527838,0.14490855770286645,1.0,6.75
2026-08-02 18:00:00+00:00,2026-08-03 06:00:00+00:00,SEPD,CHIC,720,hvdc_2n,IT Power 2N + HVDC 2N,0.0310183641377111,0.08609538092743807,1.0,8.9
2026-08-02 18:00:00+00:00,2026-08-03 06:00:00+00:00,SEPD,CHIC,720,mains_2n,IT Power 2N + Direct Utility 2N,0.0310183641377111,0.23329178149454063,1.0,0.05
2026-08-02 18:00:00+00:00,2026-08-03 06:00:00+00:00,SEPD,CHIC,720,ups_2n,IT Power 2N + UPS 2N,0.0310183641377111,0.11631695355684732,1.0,9.0
2026-08-02 18:00:00+00:00,2026-08-03 06:00:00+00:00,SEPD,CHIC,720,ups_dr,IT Power 2N + UPS Distributed Redundancy,0.0310183641377111,0.16262868603607716,1.0,6.75
2026-08-03 13:00:00+00:00,2026-08-04 02:00:00+00:00,SEPD,CHIC,780,hvdc_2n,IT Power 2N + HVDC 2N,0.0160904830472077,0.07250250626230922,1.0,8.9
2026-08-03 13:00:00+00:00,2026-08-04 02:00:00+00:00,SEPD,CHIC,780,mains_2n,IT Power 2N + Direct Utility 2N,0.0160904830472077,0.2076588969802427,1.0,0.05
2026-08-03 13:00:00+00:00,2026-08-04 02:00:00+00:00,SEPD,CHIC,780,ups_2n,IT Power 2N + UPS 2N,0.0160904830472077,0.0991313073706551,1.0,9.0
2026-08-03 13:00:00+00:00,2026-08-04 02:00:00+00:00,SEPD,CHIC,780,ups_dr,IT Power 2N + UPS Distributed Redundancy,0.0160904830472077,0.14148569985086162,1.0,6.75
2026-08-03 00:00:00+00:00,2026-08-03 14:00:00+00:00,SEPD,CHIC,840,hvdc_2n,IT Power 2N + HVDC 2N,0.0176262106222711,0.07380403947030967,1.0,8.9
2026-08-03 00:00:00+00:00,2026-08-03 14:00:00+00:00,SEPD,CHIC,840,mains_2n,IT Power 2N + Direct Utility 2N,0.0176262106222711,0.21019707757493888,1.0,0.05
2026-08-03 00:00:00+00:00,2026-08-03 14:00:00+00:00,SEPD,CHIC,840,ups_2n,IT Power 2N + UPS 2N,0.0176262106222711,0.10078927342639958,1.0,9.0
2026-08-03 00:00:00+00:00,2026-08-03 14:00:00+00:00,SEPD,CHIC,840,ups_dr,IT Power 2N + UPS Distributed Redundancy,0.0176262106222711,0.1435501044062576,1.0,6.75
2026-08-01 07:00:00+00:00,2026-08-01 22:00:00+00:00,SEPD,CHIC,900,hvdc_2n,IT Power 2N + HVDC 2N,0.0124614490659177,0.069510570162983,1.0,8.9
2026-08-01 07:00:00+00:00,2026-08-01 22:00:00+00:00,SEPD,CHIC,900,mains_2n,IT Power 2N + Direct Utility 2N,0.0124614490659177,0.20175112976338086,1.0,0.05
2026-08-01 07:00:00+00:00,2026-08-01 22:00:00+00:00,SEPD,CHIC,900,ups_2n,IT Power 2N + UPS 2N,0.0124614490659177,0.09530956847630336,1.0,9.0
2026-08-01 07:00:00+00:00,2026-08-01 22:00:00+00:00,SEPD,CHIC,900,ups_dr,IT Power 2N + UPS Distributed Redundancy,0.0124614490659177,0.13670583599907873,1.0,6.75
2026-08-03 09:00:00+00:00,2026-08-04 01:00:00+00:00,SEPD,CHIC,960,hvdc_2n,IT Power 2N + HVDC 2N,0.0164309558084242,0.07278921990890314,1.0,8.9
2026-08-03 09:00:00+00:00,2026-08-04 01:00:00+00:00,SEPD,CHIC,960,mains_2n,IT Power 2N + Direct Utility 2N,0.0164309558084242,0.2082196571624612,1.0,0.05
2026-08-03 09:00:00+00:00,2026-08-04 01:00:00+00:00,SEPD,CHIC,960,ups_2n,IT Power 2N + UPS 2N,0.0164309558084242,0.09949677357320297,1.0,9.0
2026-08-03 09:00:00+00:00,2026-08-04 01:00:00+00:00,SEPD,CHIC,960,ups_dr,IT Power 2N + UPS Distributed Redundancy,0.0164309558084242,0.1419412310773512,1.0,6.75
2026-08-03 00:00:00+00:00,2026-08-03 17:00:00+00:00,SEPD,CHIC,1020,hvdc_2n,IT Power 2N + HVDC 2N,0.0169396561382463,0.07321954580398773,1.0,8.9
2026-08-03 00:00:00+00:00,2026-08-03 17:00:00+00:00,SEPD,CHIC,1020,mains_2n,IT Power 2N + Direct Utility 2N,0.0169396561382463,0.2090595669083873,1.0,0.05
2026-08-03 00:00:00+00:00,2026-08-03 17:00:00+00:00,SEPD,CHIC,1020,ups_2n,IT Power 2N + UPS 2N,0.0169396561382463,0.10004504960667372,1.0,9.0
2026-08-03 00:00:00+00:00,2026-08-03 17:00:00+00:00,SEPD,CHIC,1020,ups_dr,IT Power 2N + UPS Distributed Redundancy,0.0169396561382463,0.1426241201946055,1.0,6.75
2026-08-01 09:00:00+00:00,2026-08-02 03:00:00+00:00,SEPD,CHIC,1080,hvdc_2n,IT Power 2N + HVDC 2N,0.0106817703891818,0.06808543235192271,1.0,8.9
2026-08-01 09:00:00+00:00,2026-08-02 03:00:00+00:00,SEPD,CHIC,1080,mains_2n,IT Power 2N + Direct Utility 2N,0.0106817703891818,0.19890020734015382,1.0,0.05
2026-08-01 09:00:00+00:00,2026-08-02 03:00:00+00:00,SEPD,CHIC,1080,ups_2n,IT Power 2N + UPS 2N,0.0106817703891818,0.09348396833563277,1.0,9.0
2026-08-01 09:00:00+00:00,2026-08-02 03:00:00+00:00,SEPD,CHIC,1080,ups_dr,IT Power 2N + UPS Distributed Redundancy,0.0106817703891818,0.13441186146097328,1.0,6.75
2026-08-02 13:00:00+00:00,2026-08-03 08:00:00+00:00,SEPD,CHIC,1140,hvdc_2n,IT Power 2N + HVDC 2N,0.012988993276263,0.06993829474385588,1.0,8.9
2026-08-02 13:00:00+00:00,2026-08-03 08:00:00+00:00,SEPD,CHIC,1140,mains_2n,IT Power 2N + Direct Utility 2N,0.012988993276263,0.2026020639951221,1.0,0.05
2026-08-02 13:00:00+00:00,2026-08-03 08:00:00+00:00,SEPD,CHIC,1140,ups_2n,IT Power 2N + UPS 2N,0.012988993276263,0.09585682280095605,1.0,9.0
2026-08-02 13:00:00+00:00,2026-08-03 08:00:00+00:00,SEPD,CHIC,1140,ups_dr,IT Power 2N + UPS Distributed Redundancy,0.012988993276263,0.137392133989644,1.0,6.75
2026-08-01 13:00:00+00:00,2026-08-02 09:00:00+00:00,SEPD,CHIC,1200,hvdc_2n,IT Power 2N + HVDC 2N,0.0164863960514627,0.07283600519115747,1.0,8.9
2026-08-01 13:00:00+00:00,2026-08-02 09:00:00+00:00,SEPD,CHIC,1200,mains_2n,IT Power 2N + Direct Utility 2N,0.0164863960514627,0.2083110730785452,1.0,0.05
2026-08-01 13:00:00+00:00,2026-08-02 09:00:00+00:00,SEPD,CHIC,1200,ups_2n,IT Power 2N + UPS 2N,0.0164863960514627,0.09955639692117454,1.0,9.0
2026-08-01 13:00:00+00:00,2026-08-02 09:00:00+00:00,SEPD,CHIC,1200,ups_dr,IT Power 2N + UPS Distributed Redundancy,0.0164863960514627,0.14201552242583013,1.0,6.75
2026-08-02 21:00:00+00:00,2026-08-03 18:00:00+00:00,SEPD,CHIC,1260,hvdc_2n,IT Power 2N + HVDC 2N,0.0158917750982495,0.072335654849446,1.0,8.9
2026-08-02 21:00:00+00:00,2026-08-03 18:00:00+00:00,SEPD,CHIC,1260,mains_2n,IT Power 2N + Direct Utility 2N,0.0158917750982495,0.20733213944176127,1.0,0.05
2026-08-02 21:00:00+00:00,2026-08-03 18:00:00+00:00,SEPD,CHIC,1260,ups_2n,IT Power 2N + UPS 2N,0.0158917750982495,0.09891856515464591,1.0,9.0
2026-08-02 21:00:00+00:00,2026-08-03 18:00:00+00:00,SEPD,CHIC,1260,ups_dr,IT Power 2N + UPS Distributed Redundancy,0.0158917750982495,0.1412204057222953,1.0,6.75
2026-08-02 04:00:00+00:00,2026-08-03 02:00:00+00:00,SEPD,CHIC,1320,hvdc_2n,IT Power 2N + HVDC 2N,0.0096219524398338,0.06724966121725613,1.0,8.9
2026-08-02 04:00:00+00:00,2026-08-03 02:00:00+00:00,SEPD,CHIC,1320,mains_2n,IT Power 2N + Direct Utility 2N,0.0096219524398338,0.19721689231897063,1.0,0.05
2026-08-02 04:00:00+00:00,2026-08-03 02:00:00+00:00,SEPD,CHIC,1320,ups_2n,IT Power 2N + UPS 2N,0.0096219524398338,0.09241175845453005,1.0,9.0
2026-08-02 04:00:00+00:00,2026-08-03 02:00:00+00:00,SEPD,CHIC,1320,ups_dr,IT Power 2N + UPS Distributed Redundancy,0.0096219524398338,0.13306127961071196,1.0,6.75
2026-08-02 13:00:00+00:00,2026-08-03 12:00:00+00:00,SEPD,CHIC,1380,hvdc_2n,IT Power 2N + HVDC 2N,0.0144180399746553,0.07110919750211958,1.0,8.9
2026-08-02 13:00:00+00:00,2026-08-03 12:00:00+00:00,SEPD,CHIC,1380,mains_2n,IT Power 2N + Direct Utility 2N,0.0144180399746553,0.2049205668586274,1.0,0.05
2026-08-02 13:00:00+00:00,2026-08-03 12:00:00+00:00,SEPD,CHIC,1380,ups_2n,IT Power 2N + UPS 2N,0.0144180399746553,0.09735339452092133,1.0,9.0
2026-08-02 13:00:00+00:00,2026-08-03 12:00:00+00:00,SEPD,CHIC,1380,ups_dr,IT Power 2N + UPS Distributed Redundancy,0.0144180399746553,0.13926578181856847,1.0,6.75
2026-08-01 04:00:00+00:00,2026-08-02 04:00:00+00:00,SEPD,CHIC,1440,hvdc_2n,IT Power 2N + HVDC 2N,0.0123361394919133,0.06940932746169395,1.0,8.9
2026-08-01 04:00:00+00:00,2026-08-02 04:00:00+00:00,SEPD,CHIC,1440,mains_2n,IT Power 2N + Direct Utility 2N,0.0123361394919133,0.20154939710841605,1.0,0.05
2026-08-01 04:00:00+00:00,2026-08-02 04:00:00+00:00,SEPD,CHIC,1440,ups_2n,IT Power 2N + UPS 2N,0.0123361394919133,0.09517998855455559,1.0,9.0
2026-08-01 04:00:00+00:00,2026-08-02 04:00:00+00:00,SEPD,CHIC,1440,ups_dr,IT Power 2N + UPS Distributed Redundancy,0.0123361394919133,0.13654324170367116,1.0,6.75
2026-07-31 18:00:00+00:00,2026-08-01 19:00:00+00:00,SEPD,CHIC,1500,hvdc_2n,IT Power 2N + HVDC 2N,0.0162182727806896,0.07260999632550906,1.0,8.9
2026-07-31 18:00:00+00:00,2026-08-01 19:00:00+00:00,SEPD,CHIC,1500,mains_2n,IT Power 2N + Direct Utility 2N,0.0162182727806896,0.20786923651485917,1.0,0.05
2026-07-31 18:00:00+00:00,2026-08-01 19:00:00+00:00,SEPD,CHIC,1500,ups_2n,IT Power 2N + UPS 2N,0.0162182727806896,0.09926833763839937,1.0,9.0
2026-07-31 18:00:00+00:00,2026-08-01 19:00:00+00:00,SEPD,CHIC,1500,ups_dr,IT Power 2N + UPS Distributed Redundancy,0.0162182727806896,0.14165653120388885,1.0,6.75
2026-08-01 21:00:00+00:00,2026-08-02 23:00:00+00:00,SEPD,CHIC,1560,hvdc_2n,IT Power 2N + HVDC 2N,0.0128816088592036,0.06985103229850076,1.0,8.9
2026-08-01 21:00:00+00:00,2026-08-02 23:00:00+00:00,SEPD,CHIC,1560,mains_2n,IT Power 2N + Direct Utility 2N,0.0128816088592036,0.20242863507455125,1.0,0.05
2026-08-01 21:00:00+00:00,2026-08-02 23:00:00+00:00,SEPD,CHIC,1560,ups_2n,IT Power 2N + UPS 2N,0.0128816088592036,0.09574519905969357,1.0,9.0
2026-08-01 21:00:00+00:00,2026-08-02 23:00:00+00:00,SEPD,CHIC,1560,ups_dr,IT Power 2N + UPS Distributed Redundancy,0.0128816088592036,0.1372522000042057,1.0,6.75
2026-08-02 23:00:00+00:00,2026-08-04 02:00:00+00:00,SEPD,CHIC,1620,hvdc_2n,IT Power 2N + HVDC 2N,0.013950499723285,0.07072413519475491,1.0,8.9
2026-08-02 23:00:00+00:00,2026-08-04 02:00:00+00:00,SEPD,CHIC,1620,mains_2n,IT Power 2N + Direct Utility 2N,0.013950499723285,0.204159863142843,1.0,0.05
2026-08-02 23:00:00+00:00,2026-08-04 02:00:00+00:00,SEPD,CHIC,1620,ups_2n,IT Power 2N + UPS 2N,0.013950499723285,0.09686148187789903,1.0,9.0
2026-08-02 23:00:00+00:00,2026-08-04 02:00:00+00:00,SEPD,CHIC,1620,ups_dr,IT Power 2N + UPS Distributed Redundancy,0.013950499723285,0.13865043600007876,1.0,6.75
2026-08-02 14:00:00+00:00,2026-08-03 18:00:00+00:00,SEPD,CHIC,1680,hvdc_2n,IT Power 2N + HVDC 2N,0.0139048276710826,0.07068662352382918,1.0,8.9
2026-08-02 14:00:00+00:00,2026-08-03 18:00:00+00:00,SEPD,CHIC,1680,mains_2n,IT Power 2N + Direct Utility 2N,0.0139048276710826,0.20408566585225243,1.0,0.05
2026-08-02 14:00:00+00:00,2026-08-03 18:00:00+00:00,SEPD,CHIC,1680,ups_2n,IT Power 2N + UPS 2N,0.0139048276710826,0.09681354814069443,1.0,9.0
2026-08-02 14:00:00+00:00,2026-08-03 18:00:00+00:00,SEPD,CHIC,1680,ups_dr,IT Power 2N + UPS Distributed Redundancy,0.0139048276710826,0.13859044790849223,1.0,6.75
2026-08-01 12:00:00+00:00,2026-08-02 17:00:00+00:00,SEPD,CHIC,1740,hvdc_2n,IT Power 2N + HVDC 2N,0.0183236989879603,0.07440223616148062,1.0,8.9
2026-08-01 12:00:00+00:00,2026-08-02 17:00:00+00:00,SEPD,CHIC,1740,mains_2n,IT Power 2N + Direct Utility 2N,0.0183236989879603,0.2113573483666124,1.0,0.05
2026-08-01 12:00:00+00:00,2026-08-02 17:00:00+00:00,SEPD,CHIC,1740,ups_2n,IT Power 2N + UPS 2N,0.0183236989879603,0.10155037920247598,1.0,9.0
2026-08-01 12:00:00+00:00,2026-08-02 17:00:00+00:00,SEPD,CHIC,1740,ups_dr,IT Power 2N + UPS Distributed Redundancy,0.0183236989879603,0.14449595454714823,1.0,6.75
2026-07-31 09:00:00+00:00,2026-08-01 15:00:00+00:00,SEPD,CHIC,1800,hvdc_2n,IT Power 2N + HVDC 2N,0.021803406969993,0.0774536866382448,1.0,8.9
2026-07-31 09:00:00+00:00,2026-08-01 15:00:00+00:00,SEPD,CHIC,1800,mains_2n,IT Power 2N + Direct Utility 2N,0.021803406969993,0.21721576457094097,1.0,0.05
2026-07-31 09:00:00+00:00,2026-08-01 15:00:00+00:00,SEPD,CHIC,1800,ups_2n,IT Power 2N + UPS 2N,0.021803406969993,0.10542404078661696,1.0,9.0
2026-07-31 09:00:00+00:00,2026-08-01 15:00:00+00:00,SEPD,CHIC,1800,ups_dr,IT Power 2N + UPS Distributed Redundancy,0.021803406969993,0.14929229222444734,1.0,6.75
2026-07-29 11:00:00+00:00,2026-07-30 18:00:00+00:00,SEPD,CHIC,1860,hvdc_2n,IT Power 2N + HVDC 2N,0.0212262955767646,0.07693978943894297,1.0,8.9
2026-07-29 11:00:00+00:00,2026-07-30 18:00:00+00:00,SEPD,CHIC,1860,mains_2n,IT Power 2N + Direct Utility 2N,0.0212262955767646,0.21623608585116963,1.0,0.05
2026-07-29 11:00:00+00:00,2026-07-30 18:00:00+00:00,SEPD,CHIC,1860,ups_2n,IT Power 2N + UPS 2N,0.0212262955767646,0.10477269602905423,1.0,9.0
2026-07-29 11:00:00+00:00,2026-07-30 18:00:00+00:00,SEPD,CHIC,1860,ups_dr,IT Power 2N + UPS Distributed Redundancy,0.0212262955767646,0.14848783527854154,1.0,6.75
2026-08-02 01:00:00+00:00,2026-08-03 09:00:00+00:00,SEPD,CHIC,1920,hvdc_2n,IT Power 2N + HVDC 2N,0.013787855222611,0.07059063475730158,1.0,8.9
2026-08-02 01:00:00+00:00,2026-08-03 09:00:00+00:00,SEPD,CHIC,1920,mains_2n,IT Power 2N + Direct Utility 2N,0.013787855222611,0.20389572776497975,1.0,0.05
2026-08-02 01:00:00+00:00,2026-08-03 09:00:00+00:00,SEPD,CHIC,1920,ups_2n,IT Power 2N + UPS 2N,0.013787855222611,0.09669087977153296,1.0,9.0
2026-08-02 01:00:00+00:00,2026-08-03 09:00:00+00:00,SEPD,CHIC,1920,ups_dr,IT Power 2N + UPS Distributed Redundancy,0.013787855222611,0.13843690941432213,1.0,6.75
2026-07-28 04:00:00+00:00,2026-07-29 13:00:00+00:00,SEPD,CHIC,1980,hvdc_2n,IT Power 2N + HVDC 2N,0.0192028518845724,0.0751625874889156,1.0,8.9
2026-07-28 04:00:00+00:00,2026-07-29 13:00:00+00:00,SEPD,CHIC,1980,mains_2n,IT Power 2N + Direct Utility 2N,0.0192028518845724,0.21282648669965018,1.0,0.05
2026-07-28 04:00:00+00:00,2026-07-29 13:00:00+00:00,SEPD,CHIC,1980,ups_2n,IT Power 2N + UPS 2N,0.0192028518845724,0.10251697817670048,1.0,9.0
2026-07-28 04:00:00+00:00,2026-07-29 13:00:00+00:00,SEPD,CHIC,1980,ups_dr,IT Power 2N + UPS Distributed Redundancy,0.0192028518845724,0.14569552875232944,1.0,6.75
2026-08-02 04:00:00+00:00,2026-08-03 14:00:00+00:00,SEPD,CHIC,2040,hvdc_2n,IT Power 2N + HVDC 2N,0.0144600930915917,0.07114392684433919,1.0,8.9
2026-08-02 04:00:00+00:00,2026-08-03 14:00:00+00:00,SEPD,CHIC,2040,mains_2n,IT Power 2N + Direct Utility 2N,0.0144600930915917,0.2049890917171218,1.0,0.05
2026-08-02 04:00:00+00:00,2026-08-03 14:00:00+00:00,SEPD,CHIC,2040,ups_2n,IT Power 2N + UPS 2N,0.0144600930915917,0.0973977489030259,1.0,9.0
2026-08-02 04:00:00+00:00,2026-08-03 14:00:00+00:00,SEPD,CHIC,2040,ups_dr,IT Power 2N + UPS Distributed Redundancy,0.0144600930915917,0.1393212414316151,1.0,6.75
2026-08-02 01:00:00+00:00,2026-08-03 12:00:00+00:00,SEPD,CHIC,2100,hvdc_2n,IT Power 2N + HVDC 2N,0.0145368664364483,0.0712073701019158,1.0,8.9
2026-08-02 01:00:00+00:00,2026-08-03 12:00:00+00:00,SEPD,CHIC,2100,mains_2n,IT Power 2N + Direct Utility 2N,0.0145368664364483,0.20511423647262136,1.0,0.05
2026-08-02 01:00:00+00:00,2026-08-03 12:00:00+00:00,SEPD,CHIC,2100,ups_2n,IT Power 2N + UPS 2N,0.0145368664364483,0.09747877000078889,1.0,9.0
2026-08-02 01:00:00+00:00,2026-08-03 12:00:00+00:00,SEPD,CHIC,2100,ups_dr,IT Power 2N + UPS Distributed Redundancy,0.0145368664364483,0.13942253779319985,1.0,6.75
2026-08-01 18:00:00+00:00,2026-08-03 06:00:00+00:00,SEPD,CHIC,2160,hvdc_2n,IT Power 2N + HVDC 2N,0.0138350394375823,0.07062934009598888,1.0,8.9
2026-08-01 18:00:00+00:00,2026-08-03 06:00:00+00:00,SEPD,CHIC,2160,mains_2n,IT Power 2N + Direct Utility 2N,0.0138350394375823,0.20397232894994075,1.0,0.05
2026-08-01 18:00:00+00:00,2026-08-03 06:00:00+00:00,SEPD,CHIC,2160,ups_2n,IT Power 2N + UPS 2N,0.0138350394375823,0.09674034489086206,1.0,9.0
2026-08-01 18:00:00+00:00,2026-08-03 06:00:00+00:00,SEPD,CHIC,2160,ups_dr,IT Power 2N + UPS Distributed Redundancy,0.0138350394375823,0.13849882641315842,1.0,6.75
2026-08-02 05:00:00+00:00,2026-08-03 18:00:00+00:00,SEPD,CHIC,2220,hvdc_2n,IT Power 2N + HVDC 2N,0.0143402441898651,0.07104499153527812,1.0,8.9
2026-08-02 05:00:00+00:00,2026-08-03 18:00:00+00:00,SEPD,CHIC,2220,mains_2n,IT Power 2N + Direct Utility 2N,0.0143402441898651,0.2047938447393392,1.0,0.05
2026-08-02 05:00:00+00:00,2026-08-03 18:00:00+00:00,SEPD,CHIC,2220,ups_2n,IT Power 2N + UPS 2N,0.0143402441898651,0.09727138903305653,1.0,9.0
2026-08-02 05:00:00+00:00,2026-08-03 18:00:00+00:00,SEPD,CHIC,2220,ups_dr,IT Power 2N + UPS Distributed Redundancy,0.0143402441898651,0.13916323358847707,1.0,6.75
2026-08-01 20:00:00+00:00,2026-08-03 10:00:00+00:00,SEPD,CHIC,2280,hvdc_2n,IT Power 2N + HVDC 2N,0.0157146861029935,0.07218725490197873,1.0,8.9
2026-08-01 20:00:00+00:00,2026-08-03 10:00:00+00:00,SEPD,CHIC,2280,mains_2n,IT Power 2N + Direct Utility 2N,0.0157146861029935,0.20704125244331253,1.0,0.05
2026-08-01 20:00:00+00:00,2026-08-03 10:00:00+00:00,SEPD,CHIC,2280,ups_2n,IT Power 2N + UPS 2N,0.0157146861029935,0.09872931140004139,1.0,9.0
2026-08-01 20:00:00+00:00,2026-08-03 10:00:00+00:00,SEPD,CHIC,2280,ups_dr,IT Power 2N + UPS Distributed Redundancy,0.0157146861029935,0.14098432535459177,1.0,6.75
2026-08-01 00:00:00+00:00,2026-08-02 15:00:00+00:00,SEPD,CHIC,2340,hvdc_2n,IT Power 2N + HVDC 2N,0.0208881019984292,0.07664009428062263,1.0,8.9
2026-08-01 00:00:00+00:00,2026-08-02 15:00:00+00:00,SEPD,CHIC,2340,mains_2n,IT Power 2N + Direct Utility 2N,0.0208881019984292,0.21566347206653508,1.0,0.05
2026-08-01 00:00:00+00:00,2026-08-02 15:00:00+00:00,SEPD,CHIC,2340,ups_2n,IT Power 2N + UPS 2N,0.0208881019984292,0.10439265418758555,1.0,9.0
2026-08-01 00:00:00+00:00,2026-08-02 15:00:00+00:00,SEPD,CHIC,2340,ups_dr,IT Power 2N + UPS Distributed Redundancy,0.0208881019984292,0.14801807993247013,1.0,6.75
2026-08-01 06:00:00+00:00,2026-08-02 22:00:00+00:00,SEPD,CHIC,2400,hvdc_2n,IT Power 2N + HVDC 2N,0.0142719862545491,0.07098870139108651,1.0,8.9
2026-08-01 06:00:00+00:00,2026-08-02 22:00:00+00:00,SEPD,CHIC,2400,mains_2n,IT Power 2N + Direct Utility 2N,0.0142719862545491,0.20468270682027553,1.0,0.05
2026-08-01 06:00:00+00:00,2026-08-02 22:00:00+00:00,SEPD,CHIC,2400,ups_2n,IT Power 2N + UPS 2N,0.0142719862545491,0.09719948827725183,1.0,9.0
2026-08-01 06:00:00+00:00,2026-08-02 22:00:00+00:00,SEPD,CHIC,2400,ups_dr,IT Power 2N + UPS Distributed Redundancy,0.0142719862545491,0.13907331003015647,1.0,6.75
2026-07-30 15:00:00+00:00,2026-08-01 08:00:00+00:00,SEPD,CHIC,2460,hvdc_2n,IT Power 2N + HVDC 2N,0.0178979081360468,0.0740365311158137,1.0,8.9
2026-07-30 15:00:00+00:00,2026-08-01 08:00:00+00:00,SEPD,CHIC,2460,mains_2n,IT Power 2N + Direct Utility 2N,0.0178979081360468,0.21064848936682812,1.0,0.05
2026-07-30 15:00:00+00:00,2026-08-01 08:00:00+00:00,SEPD,CHIC,2460,ups_2n,IT Power 2N + UPS 2N,0.0178979081360468,0.10108514821009623,1.0,9.0
2026-07-30 15:00:00+00:00,2026-08-01 08:00:00+00:00,SEPD,CHIC,2460,ups_dr,IT Power 2N + UPS Distributed Redundancy,0.0178979081360468,0.1439179337777738,1.0,6.75
2026-07-30 18:00:00+00:00,2026-08-01 12:00:00+00:00,SEPD,CHIC,2520,hvdc_2n,IT Power 2N + HVDC 2N,0.0187249151693129,0.0747483538546434,1.0,8.9
2026-07-30 18:00:00+00:00,2026-08-01 12:00:00+00:00,SEPD,CHIC,2520,mains_2n,IT Power 2N + Direct Utility 2N,0.0187249151693129,0.2120268917295387,1.0,0.05
2026-07-30 18:00:00+00:00,2026-08-01 12:00:00+00:00,SEPD,CHIC,2520,ups_2n,IT Power 2N + UPS 2N,0.0187249151693129,0.1019904961212992,1.0,9.0
2026-07-30 18:00:00+00:00,2026-08-01 12:00:00+00:00,SEPD,CHIC,2520,ups_dr,IT Power 2N + UPS Distributed Redundancy,0.0187249151693129,0.14504237897582575,1.0,6.75
2026-07-31 07:00:00+00:00,2026-08-02 02:00:00+00:00,SEPD,CHIC,2580,hvdc_2n,IT Power 2N + HVDC 2N,0.0146508413533904,0.07130165200065096,1.0,8.9
2026-07-31 07:00:00+00:00,2026-08-02 02:00:00+00:00,SEPD,CHIC,2580,mains_2n,IT Power 2N + Direct Utility 2N,0.0146508413533904,0.20530012635386574,1.0,0.05
2026-07-31 07:00:00+00:00,2026-08-02 02:00:00+00:00,SEPD,CHIC,2580,ups_2n,IT Power 2N + UPS 2N,0.0146508413533904,0.09759916185046756,1.0,9.0
2026-07-31 07:00:00+00:00,2026-08-02 02:00:00+00:00,SEPD,CHIC,2580,ups_dr,IT Power 2N + UPS Distributed Redundancy,0.0146508413533904,0.13957303250439423,1.0,6.75
2026-07-31 07:00:00+00:00,2026-08-02 03:00:00+00:00,SEPD,CHIC,2640,hvdc_2n,IT Power 2N + HVDC 2N,0.0146434387151839,0.07129552492031428,1.0,8.9
2026-07-31 07:00:00+00:00,2026-08-02 03:00:00+00:00,SEPD,CHIC,2640,mains_2n,IT Power 2N + Direct Utility 2N,0.0146434387151839,0.20528804906620687,1.0,0.05
2026-07-31 07:00:00+00:00,2026-08-02 03:00:00+00:00,SEPD,CHIC,2640,ups_2n,IT Power 2N + UPS 2N,0.0146434387151839,0.09759133840924135,1.0,9.0
2026-07-31 07:00:00+00:00,2026-08-02 03:00:00+00:00,SEPD,CHIC,2640,ups_dr,IT Power 2N + UPS Distributed Redundancy,0.0146434387151839,0.13956325378483359,1.0,6.75
2026-07-31 10:00:00+00:00,2026-08-02 07:00:00+00:00,SEPD,CHIC,2700,hvdc_2n,IT Power 2N + HVDC 2N,0.0262390997573049,0.08150955470787717,1.0,8.9
2026-07-31 10:00:00+00:00,2026-08-02 07:00:00+00:00,SEPD,CHIC,2700,mains_2n,IT Power 2N + Direct Utility 2N,0.0262390997573049,0.22485244766298162,1.0,0.05
2026-07-31 10:00:00+00:00,2026-08-02 07:00:00+00:00,SEPD,CHIC,2700,ups_2n,IT Power 2N + UPS 2N,0.0262390997573049,0.1105504507351766,1.0,9.0
2026-07-31 10:00:00+00:00,2026-08-02 07:00:00+00:00,SEPD,CHIC,2700,ups_dr,IT Power 2N + UPS Distributed Redundancy,0.0262390997573049,0.15559576953770085,1.0,6.75
2026-08-01 00:00:00+00:00,2026-08-02 22:00:00+00:00,SEPD,CHIC,2760,hvdc_2n,IT Power 2N + HVDC 2N,0.0184640810904042,0.07452317182560159,1.0,8.9
2026-08-01 00:00:00+00:00,2026-08-02 22:00:00+00:00,SEPD,CHIC,2760,mains_2n,IT Power 2N + Direct Utility 2N,0.0184640810904042,0.2115914396791657,1.0,0.05
2026-08-01 00:00:00+00:00,2026-08-02 22:00:00+00:00,SEPD,CHIC,2760,ups_2n,IT Power 2N + UPS 2N,0.0184640810904042,0.10170418041908397,1.0,9.0
2026-08-01 00:00:00+00:00,2026-08-02 22:00:00+00:00,SEPD,CHIC,2760,ups_dr,IT Power 2N + UPS Distributed Redundancy,0.0184640810904042,0.14468694892231632,1.0,6.75
2026-07-27 11:00:00+00:00,2026-07-29 10:00:00+00:00,SEPD,CHIC,2820,hvdc_2n,IT Power 2N + HVDC 2N,0.0269441846219622,0.08217182695521785,1.0,8.9
2026-07-27 11:00:00+00:00,2026-07-29 10:00:00+00:00,SEPD,CHIC,2820,mains_2n,IT Power 2N + Direct Utility 2N,0.0269441846219622,0.2260837506951565,1.0,0.05
2026-07-27 11:00:00+00:00,2026-07-29 10:00:00+00:00,SEPD,CHIC,2820,ups_2n,IT Power 2N + UPS 2N,0.0269441846219622,0.1113851601265548,1.0,9.0
2026-07-27 11:00:00+00:00,2026-07-29 10:00:00+00:00,SEPD,CHIC,2820,ups_dr,IT Power 2N + UPS Distributed Redundancy,0.0269441846219622,0.1566175126272618,1.0,6.75
2026-08-01 23:00:00+00:00,2026-08-03 23:00:00+00:00,SEPD,CHIC,2880,hvdc_2n,IT Power 2N + HVDC 2N,0.0130080398293923,0.06995378282712997,1.0,8.9
2026-08-01 23:00:00+00:00,2026-08-03 23:00:00+00:00,SEPD,CHIC,2880,mains_2n,IT Power 2N + Direct Utility 2N,0.0130080398293923,0.20263283629561266,1.0,0.05
2026-08-01 23:00:00+00:00,2026-08-03 23:00:00+00:00,SEPD,CHIC,2880,ups_2n,IT Power 2N + UPS 2N,0.0130080398293923,0.09587663341759704,1.0,9.0
2026-08-01 23:00:00+00:00,2026-08-03 23:00:00+00:00,SEPD,CHIC,2880,ups_dr,IT Power 2N + UPS Distributed Redundancy,0.0130080398293923,0.1374169663129635,1.0,6.75
2026-07-31 03:00:00+00:00,2026-07-31 04:00:00+00:00,SEPD,EGHA,60,hvdc_2n,IT Power 2N + HVDC 2N,0.0045890884607057,0.06340926641838203,1.0,8.9
2026-07-31 03:00:00+00:00,2026-07-31 04:00:00+00:00,SEPD,EGHA,60,mains_2n,IT Power 2N + Direct Utility 2N,0.0045890884607057,0.1893699745887525,1.0,0.05
2026-07-31 03:00:00+00:00,2026-07-31 04:00:00+00:00,SEPD,EGHA,60,ups_2n,IT Power 2N + UPS 2N,0.0045890884607057,0.08746953271877773,1.0,9.0
2026-07-31 03:00:00+00:00,2026-07-31 04:00:00+00:00,SEPD,EGHA,60,ups_dr,IT Power 2N + UPS Distributed Redundancy,0.0045890884607057,0.12680371539716564,1.0,6.75
2026-08-03 13:00:00+00:00,2026-08-03 15:00:00+00:00,SEPD,EGHA,120,hvdc_2n,IT Power 2N + HVDC 2N,0.0158731468940641,0.07232003125213199,1.0,8.9
2026-08-03 13:00:00+00:00,2026-08-03 15:00:00+00:00,SEPD,EGHA,120,mains_2n,IT Power 2N + Direct Utility 2N,0.0158731468940641,0.20730152649116232,1.0,0.05
2026-08-03 13:00:00+00:00,2026-08-03 15:00:00+00:00,SEPD,EGHA,120,ups_2n,IT Power 2N + UPS 2N,0.0158731468940641,0.09889864213569319,1.0,9.0
2026-08-03 13:00:00+00:00,2026-08-03 15:00:00+00:00,SEPD,EGHA,120,ups_dr,IT Power 2N + UPS Distributed Redundancy,0.0158731468940641,0.14119555660777952,1.0,6.75
2026-08-03 08:00:00+00:00,2026-08-03 11:00:00+00:00,SEPD,EGHA,180,hvdc_2n,IT Power 2N + HVDC 2N,0.0103131388063009,0.06779364355978346,1.0,8.9
2026-08-03 08:00:00+00:00,2026-08-03 11:00:00+00:00,SEPD,EGHA,180,mains_2n,IT Power 2N + Direct Utility 2N,0.0103131388063009,0.1983134856716581,1.0,0.05
2026-08-03 08:00:00+00:00,2026-08-03 11:00:00+00:00,SEPD,EGHA,180,ups_2n,IT Power 2N + UPS 2N,0.0103131388063009,0.09310976691010993,1.0,9.0
2026-08-03 08:00:00+00:00,2026-08-03 11:00:00+00:00,SEPD,EGHA,180,ups_dr,IT Power 2N + UPS Distributed Redundancy,0.0103131388063009,0.1339407863217483,1.0,6.75
2026-08-02 15:00:00+00:00,2026-08-02 19:00:00+00:00,SEPD,EGHA,240,hvdc_2n,IT Power 2N + HVDC 2N,0.0123029467136971,0.06938253253581822,1.0,8.9
2026-08-02 15:00:00+00:00,2026-08-02 19:00:00+00:00,SEPD,EGHA,240,mains_2n,IT Power 2N + Direct Utility 2N,0.0123029467136971,0.20149598617893205,1.0,0.05
2026-08-02 15:00:00+00:00,2026-08-02 19:00:00+00:00,SEPD,EGHA,240,ups_2n,IT Power 2N + UPS 2N,0.0123029467136971,0.0951456910385452,1.0,9.0
2026-08-02 15:00:00+00:00,2026-08-02 19:00:00+00:00,SEPD,EGHA,240,ups_dr,IT Power 2N + UPS Distributed Redundancy,0.0123029467136971,0.1365001999995816,1.0,6.75
2026-08-03 17:00:00+00:00,2026-08-03 22:00:00+00:00,SEPD,EGHA,300,hvdc_2n,IT Power 2N + HVDC 2N,0.0145407280534458,0.07121056260926936,1.0,8.9
2026-08-03 17:00:00+00:00,2026-08-03 22:00:00+00:00,SEPD,EGHA,300,mains_2n,IT Power 2N + Direct Utility 2N,0.0145407280534458,0.20512053261682606,1.0,0.05
2026-08-03 17:00:00+00:00,2026-08-03 22:00:00+00:00,SEPD,EGHA,300,ups_2n,IT Power 2N + UPS 2N,0.0145407280534458,0.09748284686279207,1.0,9.0
2026-08-03 17:00:00+00:00,2026-08-03 22:00:00+00:00,SEPD,EGHA,300,ups_dr,IT Power 2N + UPS Distributed Redundancy,0.0145407280534458,0.13942763452154208,1.0,6.75
2026-07-31 01:00:00+00:00,2026-07-31 07:00:00+00:00,SEPD,EGHA,360,hvdc_2n,IT Power 2N + HVDC 2N,0.0154030576635329,0.07192679296330498,1.0,8.9
2026-07-31 01:00:00+00:00,2026-07-31 07:00:00+00:00,SEPD,EGHA,360,mains_2n,IT Power 2N + Direct Utility 2N,0.0154030576635329,0.20653010297997632,1.0,0.05
2026-07-31 01:00:00+00:00,2026-07-31 07:00:00+00:00,SEPD,EGHA,360,ups_2n,IT Power 2N + UPS 2N,0.0154030576635329,0.09839705911188579,1.0,9.0
2026-07-31 01:00:00+00:00,2026-07-31 07:00:00+00:00,SEPD,EGHA,360,ups_dr,IT Power 2N + UPS Distributed Redundancy,0.0154030576635329,0.14056968924804683,1.0,6.75
2026-08-02 04:00:00+00:00,2026-08-02 11:00:00+00:00,SEPD,EGHA,420,hvdc_2n,IT Power 2N + HVDC 2N,0.0168455407660776,0.07313975434128922,1.0,8.9
2026-08-02 04:00:00+00:00,2026-08-02 11:00:00+00:00,SEPD,EGHA,420,mains_2n,IT Power 2N + Direct Utility 2N,0.0168455407660776,0.20890398630426374,1.0,0.05
2026-08-02 04:00:00+00:00,2026-08-02 11:00:00+00:00,SEPD,EGHA,420,ups_2n,IT Power 2N + UPS 2N,0.0168455407660776,0.0999434102259701,1.0,9.0
2026-08-02 04:00:00+00:00,2026-08-02 11:00:00+00:00,SEPD,EGHA,420,ups_dr,IT Power 2N + UPS Distributed Redundancy,0.0168455407660776,0.14249757175351002,1.0,6.75
2026-08-03 11:00:00+00:00,2026-08-03 19:00:00+00:00,SEPD,EGHA,480,hvdc_2n,IT Power 2N + HVDC 2N,0.0134285969652929,0.07029657641479778,1.0,8.9
2026-08-03 11:00:00+00:00,2026-08-03 19:00:00+00:00,SEPD,EGHA,480,mains_2n,IT Power 2N + Direct Utility 2N,0.0134285969652929,0.20331319195852748,1.0,0.05
2026-08-03 11:00:00+00:00,2026-08-03 19:00:00+00:00,SEPD,EGHA,480,ups_2n,IT Power 2N + UPS 2N,0.0134285969652929,0.09631499495271745,1.0,9.0
2026-08-03 11:00:00+00:00,2026-08-03 19:00:00+00:00,SEPD,EGHA,480,ups_dr,IT Power 2N + UPS Distributed Redundancy,0.0134285969652929,0.13796623806151184,1.0,6.75
2026-08-03 15:00:00+00:00,2026-08-04 00:00:00+00:00,SEPD,EGHA,540,hvdc_2n,IT Power 2N + HVDC 2N,0.0176714299008226,0.07384268695921709,1.0,8.9
2026-08-03 15:00:00+00:00,2026-08-04 00:00:00+00:00,SEPD,EGHA,540,mains_2n,IT Power 2N + Direct Utility 2N,0.0176714299008226,0.21027215786613807,1.0,0.05
2026-08-03 15:00:00+00:00,2026-08-04 00:00:00+00:00,SEPD,EGHA,540,ups_2n,IT Power 2N + UPS 2N,0.0176714299008226,0.10083846319128997,1.0,9.0
2026-08-03 15:00:00+00:00,2026-08-04 00:00:00+00:00,SEPD,EGHA,540,ups_dr,IT Power 2N + UPS Distributed Redundancy,0.0176714299008226,0.14361126881573472,1.0,6.75
2026-08-03 11:00:00+00:00,2026-08-03 21:00:00+00:00,SEPD,EGHA,600,hvdc_2n,IT Power 2N + HVDC 2N,0.0142615079632464,0.07098006392599969,1.0,8.9
2026-08-03 11:00:00+00:00,2026-08-03 21:00:00+00:00,SEPD,EGHA,600,mains_2n,IT Power 2N + Direct Utility 2N,0.0142615079632464,0.20466564997907313,1.0,0.05
2026-08-03 11:00:00+00:00,2026-08-03 21:00:00+00:00,SEPD,EGHA,600,ups_2n,IT Power 2N + UPS 2N,0.0142615079632464,0.09718845497557663,1.0,9.0
2026-08-03 11:00:00+00:00,2026-08-03 21:00:00+00:00,SEPD,EGHA,600,ups_dr,IT Power 2N + UPS Distributed Redundancy,0.0142615079632464,0.13905951015844725,1.0,6.75
2026-08-03 15:00:00+00:00,2026-08-04 02:00:00+00:00,SEPD,EGHA,660,hvdc_2n,IT Power 2N + HVDC 2N,0.0184491747700293,0.0745103218319151,1.0,8.9
2026-08-03 15:00:00+00:00,2026-08-04 02:00:00+00:00,SEPD,EGHA,660,mains_2n,IT Power 2N + Direct Utility 2N,0.0184491747700293,0.21156657394968806,1.0,0.05
2026-08-03 15:00:00+00:00,2026-08-04 02:00:00+00:00,SEPD,EGHA,660,ups_2n,IT Power 2N + UPS 2N,0.0184491747700293,0.10168783940747365,1.0,9.0
2026-08-03 15:00:00+00:00,2026-08-04 02:00:00+00:00,SEPD,EGHA,660,ups_dr,IT Power 2N + UPS Distributed Redundancy,0.0184491747700293,0.14466665844370508,1.0,6.75
2026-08-02 18:00:00+00:00,2026-08-03 06:00:00+00:00,SEPD,EGHA,720,hvdc_2n,IT Power 2N + HVDC 2N,0.0177360021963807,0.07389790714695477,1.0,8.9
2026-08-02 18:00:00+00:00,2026-08-03 06:00:00+00:00,SEPD,EGHA,720,mains_2n,IT Power 2N + Direct Utility 2N,0.0177360021963807,0.21037940524555127,1.0,0.05
2026-08-02 18:00:00+00:00,2026-08-03 06:00:00+00:00,SEPD,EGHA,720,ups_2n,IT Power 2N + UPS 2N,0.0177360021963807,0.10090874221767591,1.0,9.0
2026-08-02 18:00:00+00:00,2026-08-03 06:00:00+00:00,SEPD,EGHA,720,ups_dr,IT Power 2N + UPS Distributed Redundancy,0.0177360021963807,0.1436986480647464,1.0,6.75
2026-07-31 14:00:00+00:00,2026-08-01 03:00:00+00:00,SEPD,EGHA,780,hvdc_2n,IT Power 2N + HVDC 2N,0.0527373986160963,0.1099959450117685,1.0,8.9
2026-07-31 14:00:00+00:00,2026-08-01 03:00:00+00:00,SEPD,EGHA,780,mains_2n,IT Power 2N + Direct Utility 2N,0.0527373986160963,0.27435739149615995,1.0,0.05
2026-07-31 14:00:00+00:00,2026-08-01 03:00:00+00:00,SEPD,EGHA,780,ups_2n,IT Power 2N + UPS 2N,0.0527373986160963,0.1458969608122919,1.0,9.0
2026-07-31 14:00:00+00:00,2026-08-01 03:00:00+00:00,SEPD,EGHA,780,ups_dr,IT Power 2N + UPS Distributed Redundancy,0.0527373986160963,0.19783378711827027,1.0,6.75
2026-08-03 01:00:00+00:00,2026-08-03 15:00:00+00:00,SEPD,EGHA,840,hvdc_2n,IT Power 2N + HVDC 2N,0.0159052080775201,0.07234692310860082,1.0,8.9
2026-08-03 01:00:00+00:00,2026-08-03 15:00:00+00:00,SEPD,EGHA,840,mains_2n,IT Power 2N + Direct Utility 2N,0.0159052080775201,0.20735421680976798,1.0,0.05
2026-08-03 01:00:00+00:00,2026-08-03 15:00:00+00:00,SEPD,EGHA,840,ups_2n,IT Power 2N + UPS 2N,0.0159052080775201,0.09893293405453363,1.0,9.0
2026-08-03 01:00:00+00:00,2026-08-03 15:00:00+00:00,SEPD,EGHA,840,ups_dr,IT Power 2N + UPS Distributed Redundancy,0.0159052080775201,0.14123832692799523,1.0,6.75
2026-08-02 13:00:00+00:00,2026-08-03 04:00:00+00:00,SEPD,EGHA,900,hvdc_2n,IT Power 2N + HVDC 2N,0.0191820224251231,0.07514449046809529,1.0,8.9
2026-08-02 13:00:00+00:00,2026-08-03 04:00:00+00:00,SEPD,EGHA,900,mains_2n,IT Power 2N + Direct Utility 2N,0.0191820224251231,0.2127915929075497,1.0,0.05
2026-08-02 13:00:00+00:00,2026-08-03 04:00:00+00:00,SEPD,EGHA,900,ups_2n,IT Power 2N + UPS 2N,0.0191820224251231,0.102493982926715,1.0,9.0
2026-08-02 13:00:00+00:00,2026-08-03 04:00:00+00:00,SEPD,EGHA,900,ups_dr,IT Power 2N + UPS Distributed Redundancy,0.0191820224251231,0.14566701237637714,1.0,6.75
2026-08-03 09:00:00+00:00,2026-08-04 01:00:00+00:00,SEPD,EGHA,960,hvdc_2n,IT Power 2N + HVDC 2N,0.0134861663011372,0.07034362148622757,1.0,8.9
2026-08-03 09:00:00+00:00,2026-08-04 01:00:00+00:00,SEPD,EGHA,960,mains_2n,IT Power 2N + Direct Utility 2N,0.0134861663011372,0.2034064569330572,1.0,0.05
2026-08-03 09:00:00+00:00,2026-08-04 01:00:00+00:00,SEPD,EGHA,960,ups_2n,IT Power 2N + UPS 2N,0.0134861663011372,0.09637514064977735,1.0,9.0
2026-08-03 09:00:00+00:00,2026-08-04 01:00:00+00:00,SEPD,EGHA,960,ups_dr,IT Power 2N + UPS Distributed Redundancy,0.0134861663011372,0.13804157024692995,1.0,6.75
2026-08-03 03:00:00+00:00,2026-08-03 20:00:00+00:00,SEPD,EGHA,1020,hvdc_2n,IT Power 2N + HVDC 2N,0.0154994819130466,0.072007292484074,1.0,8.9
2026-08-03 03:00:00+00:00,2026-08-03 20:00:00+00:00,SEPD,EGHA,1020,mains_2n,IT Power 2N + Direct Utility 2N,0.0154994819130466,0.20668816333847262,1.0,0.05
2026-08-03 03:00:00+00:00,2026-08-03 20:00:00+00:00,SEPD,EGHA,1020,ups_2n,IT Power 2N + UPS 2N,0.0154994819130466,0.09849975824145371,1.0,9.0
2026-08-03 03:00:00+00:00,2026-08-03 20:00:00+00:00,SEPD,EGHA,1020,ups_dr,IT Power 2N + UPS Distributed Redundancy,0.0154994819130466,0.1406978770979616,1.0,6.75
2026-07-31 06:00:00+00:00,2026-08-01 00:00:00+00:00,SEPD,EGHA,1080,hvdc_2n,IT Power 2N + HVDC 2N,0.0129477104774741,0.06990473570088583,1.0,8.9
2026-07-31 06:00:00+00:00,2026-08-01 00:00:00+00:00,SEPD,EGHA,1080,mains_2n,IT Power 2N + Direct Utility 2N,0.0129477104774741,0.2025353779775725,1.0,0.05
2026-07-31 06:00:00+00:00,2026-08-01 00:00:00+00:00,SEPD,EGHA,1080,ups_2n,IT Power 2N + UPS 2N,0.0129477104774741,0.09581389648002957,1.0,9.0
2026-07-31 06:00:00+00:00,2026-08-01 00:00:00+00:00,SEPD,EGHA,1080,ups_dr,IT Power 2N + UPS Distributed Redundancy,0.0129477104774741,0.13733832366813636,1.0,6.75
2026-08-02 22:00:00+00:00,2026-08-03 17:00:00+00:00,SEPD,EGHA,1140,hvdc_2n,IT Power 2N + HVDC 2N,0.0162470526364285,0.07263422469706664,1.0,8.9
2026-08-02 22:00:00+00:00,2026-08-03 17:00:00+00:00,SEPD,EGHA,1140,mains_2n,IT Power 2N + Direct Utility 2N,0.0162470526364285,0.2079166292993117,1.0,0.05
2026-08-02 22:00:00+00:00,2026-08-03 17:00:00+00:00,SEPD,EGHA,1140,ups_2n,IT Power 2N + UPS 2N,0.0162470526364285,0.09929922182314,1.0,9.0
2026-08-02 22:00:00+00:00,2026-08-03 17:00:00+00:00,SEPD,EGHA,1140,ups_dr,IT Power 2N + UPS Distributed Redundancy,0.0162470526364285,0.14169502832690095,1.0,6.75
2026-08-01 21:00:00+00:00,2026-08-02 17:00:00+00:00,SEPD,EGHA,1200,hvdc_2n,IT Power 2N + HVDC 2N,0.0169378240877087,0.07321799181794252,1.0,8.9
2026-08-01 21:00:00+00:00,2026-08-02 17:00:00+00:00,SEPD,EGHA,1200,mains_2n,IT Power 2N + Direct Utility 2N,0.0169378240877087,0.2090565375618369,1.0,0.05
2026-08-01 21:00:00+00:00,2026-08-02 17:00:00+00:00,SEPD,EGHA,1200,ups_2n,IT Power 2N + UPS 2N,0.0169378240877087,0.10004307021722399,1.0,9.0
2026-08-01 21:00:00+00:00,2026-08-02 17:00:00+00:00,SEPD,EGHA,1200,ups_dr,IT Power 2N + UPS Distributed Redundancy,0.0169378240877087,0.14262165590782724,1.0,6.75
2026-07-31 00:00:00+00:00,2026-07-31 21:00:00+00:00,SEPD,EGHA,1260,hvdc_2n,IT Power 2N + HVDC 2N,0.0172462219548695,0.07348000995323872,1.0,8.9
2026-07-31 00:00:00+00:00,2026-07-31 21:00:00+00:00,SEPD,EGHA,1260,mains_2n,IT Power 2N + Direct Utility 2N,0.0172462219548695,0.2095669368579739,1.0,0.05
2026-07-31 00:00:00+00:00,2026-07-31 21:00:00+00:00,SEPD,EGHA,1260,ups_2n,IT Power 2N + UPS 2N,0.0172462219548695,0.1003767609530396,1.0,9.0
2026-07-31 00:00:00+00:00,2026-07-31 21:00:00+00:00,SEPD,EGHA,1260,ups_dr,IT Power 2N + UPS Distributed Redundancy,0.0172462219548695,0.14303698127705008,1.0,6.75
2026-08-03 01:00:00+00:00,2026-08-03 23:00:00+00:00,SEPD,EGHA,1320,hvdc_2n,IT Power 2N + HVDC 2N,0.0136616656300797,0.07048721737798327,1.0,8.9
2026-08-03 01:00:00+00:00,2026-08-03 23:00:00+00:00,SEPD,EGHA,1320,mains_2n,IT Power 2N + Direct Utility 2N,0.0136616656300797,0.20369097050183382,1.0,0.05
2026-08-03 01:00:00+00:00,2026-08-03 23:00:00+00:00,SEPD,EGHA,1320,ups_2n,IT Power 2N + UPS 2N,0.0136616656300797,0.0965587010776066,1.0,9.0
2026-08-03 01:00:00+00:00,2026-08-03 23:00:00+00:00,SEPD,EGHA,1320,ups_dr,IT Power 2N + UPS Distributed Redundancy,0.0136616656300797,0.13827143257203675,1.0,6.75
2026-07-28 02:00:00+00:00,2026-07-29 01:00:00+00:00,SEPD,EGHA,1380,hvdc_2n,IT Power 2N + HVDC 2N,0.0167570508176069,0.07306480520110122,1.0,8.9
2026-07-28 02:00:00+00:00,2026-07-29 01:00:00+00:00,SEPD,EGHA,1380,mains_2n,IT Power 2N + Direct Utility 2N,0.0167570508176069,0.20875778273288895,1.0,0.05
2026-07-28 02:00:00+00:00,2026-07-29 01:00:00+00:00,SEPD,EGHA,1380,ups_2n,IT Power 2N + UPS 2N,0.0167570508176069,0.09984792972845186,1.0,9.0
2026-07-28 02:00:00+00:00,2026-07-29 01:00:00+00:00,SEPD,EGHA,1380,ups_dr,IT Power 2N + UPS Distributed Redundancy,0.0167570508176069,0.1423786727234132,1.0,6.75
2026-08-01 14:00:00+00:00,2026-08-02 14:00:00+00:00,SEPD,EGHA,1440,hvdc_2n,IT Power 2N + HVDC 2N,0.0169053530165941,0.07319045417245648,1.0,8.9
2026-08-01 14:00:00+00:00,2026-08-02 14:00:00+00:00,SEPD,EGHA,1440,mains_2n,IT Power 2N + Direct Utility 2N,0.0169053530165941,0.20900285110062178,1.0,0.05
2026-08-01 14:00:00+00:00,2026-08-02 14:00:00+00:00,SEPD,EGHA,1440,ups_2n,IT Power 2N + UPS 2N,0.0169053530165941,0.10000799350214859,1.0,9.0
2026-08-01 14:00:00+00:00,2026-08-02 14:00:00+00:00,SEPD,EGHA,1440,ups_dr,IT Power 2N + UPS Distributed Redundancy,0.0169053530165941,0.14257798503762528,1.0,6.75
2026-08-01 06:00:00+00:00,2026-08-02 07:00:00+00:00,SEPD,EGHA,1500,hvdc_2n,IT Power 2N + HVDC 2N,0.014263787840312,0.07098194319163646,1.0,8.9
2026-08-01 06:00:00+00:00,2026-08-02 07:00:00+00:00,SEPD,EGHA,1500,mains_2n,IT Power 2N + Direct Utility 2N,0.014263787840312,0.2046693611337261,1.0,0.05
2026-08-01 06:00:00+00:00,2026-08-02 07:00:00+00:00,SEPD,EGHA,1500,ups_2n,IT Power 2N + UPS 2N,0.014263787840312,0.09719085551721943,1.0,9.0
2026-08-01 06:00:00+00:00,2026-08-02 07:00:00+00:00,SEPD,EGHA,1500,ups_dr,IT Power 2N + UPS Distributed Redundancy,0.014263787840312,0.13906251265055478,1.0,6.75
2026-08-01 19:00:00+00:00,2026-08-02 21:00:00+00:00,SEPD,EGHA,1560,hvdc_2n,IT Power 2N + HVDC 2N,0.0174727338704405,0.07367300651298507,1.0,8.9
2026-08-01 19:00:00+00:00,2026-08-02 21:00:00+00:00,SEPD,EGHA,1560,mains_2n,IT Power 2N + Direct Utility 2N,0.0174727338704405,0.2099423975982508,1.0,0.05
2026-08-01 19:00:00+00:00,2026-08-02 21:00:00+00:00,SEPD,EGHA,1560,ups_2n,IT Power 2N + UPS 2N,0.0174727338704405,0.10062247946442754,1.0,9.0
2026-08-01 19:00:00+00:00,2026-08-02 21:00:00+00:00,SEPD,EGHA,1560,ups_dr,IT Power 2N + UPS Distributed Redundancy,0.0174727338704405,0.14334267067181805,1.0,6.75
2026-07-31 22:00:00+00:00,2026-08-02 01:00:00+00:00,SEPD,EGHA,1620,hvdc_2n,IT Power 2N + HVDC 2N,0.0139603800013547,0.070732252549184,1.0,8.9
2026-07-31 22:00:00+00:00,2026-08-02 01:00:00+00:00,SEPD,EGHA,1620,mains_2n,IT Power 2N + Direct Utility 2N,0.0139603800013547,0.2041759169508901,1.0,0.05
2026-07-31 22:00:00+00:00,2026-08-02 01:00:00+00:00,SEPD,EGHA,1620,ups_2n,IT Power 2N + UPS 2N,0.0139603800013547,0.09687185421554442,1.0,9.0
2026-07-31 22:00:00+00:00,2026-08-02 01:00:00+00:00,SEPD,EGHA,1620,ups_dr,IT Power 2N + UPS Distributed Redundancy,0.0139603800013547,0.13866341614634298,1.0,6.75
2026-08-01 01:00:00+00:00,2026-08-02 05:00:00+00:00,SEPD,EGHA,1680,hvdc_2n,IT Power 2N + HVDC 2N,0.0141216552889184,0.07086487346896575,1.0,8.9
2026-08-01 01:00:00+00:00,2026-08-02 05:00:00+00:00,SEPD,EGHA,1680,mains_2n,IT Power 2N + Direct Utility 2N,0.0141216552889184,0.20443809514666253,1.0,0.05
2026-08-01 01:00:00+00:00,2026-08-02 05:00:00+00:00,SEPD,EGHA,1680,ups_2n,IT Power 2N + UPS 2N,0.0141216552889184,0.09704130160531049,1.0,9.0
2026-08-01 01:00:00+00:00,2026-08-02 05:00:00+00:00,SEPD,EGHA,1680,ups_dr,IT Power 2N + UPS Distributed Redundancy,0.0141216552889184,0.13887543460177712,1.0,6.75
2026-08-02 04:00:00+00:00,2026-08-03 09:00:00+00:00,SEPD,EGHA,1740,hvdc_2n,IT Power 2N + HVDC 2N,0.0162250118303402,0.07261566893816976,1.0,8.9
2026-08-02 04:00:00+00:00,2026-08-03 09:00:00+00:00,SEPD,EGHA,1740,mains_2n,IT Power 2N + Direct Utility 2N,0.0162250118303402,0.2078803332266599,1.0,0.05
2026-08-02 04:00:00+00:00,2026-08-03 09:00:00+00:00,SEPD,EGHA,1740,ups_2n,IT Power 2N + UPS 2N,0.0162250118303402,0.09927556866825361,1.0,9.0
2026-08-02 04:00:00+00:00,2026-08-03 09:00:00+00:00,SEPD,EGHA,1740,ups_dr,IT Power 2N + UPS Distributed Redundancy,0.0162250118303402,0.14166554485175306,1.0,6.75
2026-08-02 12:00:00+00:00,2026-08-03 18:00:00+00:00,SEPD,EGHA,1800,hvdc_2n,IT Power 2N + HVDC 2N,0.0228038546628499,0.07835200435042193,1.0,8.9
2026-08-02 12:00:00+00:00,2026-08-03 18:00:00+00:00,SEPD,EGHA,1800,mains_2n,IT Power 2N + Direct Utility 2N,0.0228038546628499,0.21892166851734607,1.0,0.05
2026-08-02 12:00:00+00:00,2026-08-03 18:00:00+00:00,SEPD,EGHA,1800,ups_2n,IT Power 2N + UPS 2N,0.0228038546628499,0.1065616403789832,1.0,9.0
2026-08-02 12:00:00+00:00,2026-08-03 18:00:00+00:00,SEPD,EGHA,1800,ups_dr,IT Power 2N + UPS Distributed Redundancy,0.0228038546628499,0.15069536382358908,1.0,6.75
2026-08-02 17:00:00+00:00,2026-08-04 00:00:00+00:00,SEPD,EGHA,1860,hvdc_2n,IT Power 2N + HVDC 2N,0.0158834659769996,0.07232868555038875,1.0,8.9
2026-08-02 17:00:00+00:00,2026-08-04 00:00:00+00:00,SEPD,EGHA,1860,mains_2n,IT Power 2N + Direct Utility 2N,0.0158834659769996,0.20731848410503356,1.0,0.05
2026-08-02 17:00:00+00:00,2026-08-04 00:00:00+00:00,SEPD,EGHA,1860,ups_2n,IT Power 2N + UPS 2N,0.0158834659769996,0.09890967803914705,1.0,9.0
2026-08-02 17:00:00+00:00,2026-08-04 00:00:00+00:00,SEPD,EGHA,1860,ups_dr,IT Power 2N + UPS Distributed Redundancy,0.0158834659769996,0.1412093213089838,1.0,6.75
2026-07-31 19:00:00+00:00,2026-08-02 03:00:00+00:00,SEPD,EGHA,1920,hvdc_2n,IT Power 2N + HVDC 2N,0.0185008889407673,0.07455491076182852,1.0,8.9
2026-07-31 19:00:00+00:00,2026-08-02 03:00:00+00:00,SEPD,EGHA,1920,mains_2n,IT Power 2N + Direct Utility 2N,0.0185008889407673,0.21165284923840036,1.0,0.05
2026-07-31 19:00:00+00:00,2026-08-02 03:00:00+00:00,SEPD,EGHA,1920,ups_2n,IT Power 2N + UPS 2N,0.0185008889407673,0.10174454089574449,1.0,9.0
2026-07-31 19:00:00+00:00,2026-08-02 03:00:00+00:00,SEPD,EGHA,1920,ups_dr,IT Power 2N + UPS Distributed Redundancy,0.0185008889407673,0.14473706188443233,1.0,6.75
2026-08-02 07:00:00+00:00,2026-08-03 16:00:00+00:00,SEPD,EGHA,1980,hvdc_2n,IT Power 2N + HVDC 2N,0.0169583013571647,0.07323536282147679,1.0,8.9
2026-08-02 07:00:00+00:00,2026-08-03 16:00:00+00:00,SEPD,EGHA,1980,mains_2n,IT Power 2N + Direct Utility 2N,0.0169583013571647,0.2090903991335533,1.0,0.05
2026-08-02 07:00:00+00:00,2026-08-03 16:00:00+00:00,SEPD,EGHA,1980,ups_2n,IT Power 2N + UPS 2N,0.0169583013571647,0.10006519630904873,1.0,9.0
2026-08-02 07:00:00+00:00,2026-08-03 16:00:00+00:00,SEPD,EGHA,1980,ups_dr,IT Power 2N + UPS Distributed Redundancy,0.0169583013571647,0.14264920185273824,1.0,6.75
2026-08-02 08:00:00+00:00,2026-08-03 18:00:00+00:00,SEPD,EGHA,2040,hvdc_2n,IT Power 2N + HVDC 2N,0.0302006557304847,0.08529452949668034,1.0,8.9
2026-08-02 08:00:00+00:00,2026-08-03 18:00:00+00:00,SEPD,EGHA,2040,mains_2n,IT Power 2N + Direct Utility 2N,0.0302006557304847,0.231832364205408,1.0,0.05
2026-08-02 08:00:00+00:00,2026-08-03 18:00:00+00:00,SEPD,EGHA,2040,ups_2n,IT Power 2N + UPS 2N,0.0302006557304847,0.11531214394967833,1.0,9.0
2026-08-02 08:00:00+00:00,2026-08-03 18:00:00+00:00,SEPD,EGHA,2040,ups_dr,IT Power 2N + UPS Distributed Redundancy,0.0302006557304847,0.16140748390587964,1.0,6.75
2026-08-02 03:00:00+00:00,2026-08-03 14:00:00+00:00,SEPD,EGHA,2100,hvdc_2n,IT Power 2N + HVDC 2N,0.0173442536629142,0.07356347940759193,1.0,8.9
2026-08-02 03:00:00+00:00,2026-08-03 14:00:00+00:00,SEPD,EGHA,2100,mains_2n,IT Power 2N + Direct Utility 2N,0.0173442536629142,0.20972937127978492,1.0,0.05
2026-08-02 03:00:00+00:00,2026-08-03 14:00:00+00:00,SEPD,EGHA,2100,ups_2n,IT Power 2N + UPS 2N,0.0173442536629142,0.10048303955239976,1.0,9.0
2026-08-02 03:00:00+00:00,2026-08-03 14:00:00+00:00,SEPD,EGHA,2100,ups_dr,IT Power 2N + UPS Distributed Redundancy,0.0173442536629142,0.14316921335872249,1.0,6.75
2026-08-02 03:00:00+00:00,2026-08-03 15:00:00+00:00,SEPD,EGHA,2160,hvdc_2n,IT Power 2N + HVDC 2N,0.0173442536629142,0.07356347940759193,1.0,8.9
2026-08-02 03:00:00+00:00,2026-08-03 15:00:00+00:00,SEPD,EGHA,2160,mains_2n,IT Power 2N + Direct Utility 2N,0.0173442536629142,0.20972937127978492,1.0,0.05
2026-08-02 03:00:00+00:00,2026-08-03 15:00:00+00:00,SEPD,EGHA,2160,ups_2n,IT Power 2N + UPS 2N,0.0173442536629142,0.10048303955239976,1.0,9.0
2026-08-02 03:00:00+00:00,2026-08-03 15:00:00+00:00,SEPD,EGHA,2160,ups_dr,IT Power 2N + UPS Distributed Redundancy,0.0173442536629142,0.14316921335872249,1.0,6.75
2026-07-31 02:00:00+00:00,2026-08-01 15:00:00+00:00,SEPD,EGHA,2220,hvdc_2n,IT Power 2N + HVDC 2N,0.0190449383164108,0.07502548908880269,1.0,8.9
2026-07-31 02:00:00+00:00,2026-08-01 15:00:00+00:00,SEPD,EGHA,2220,mains_2n,IT Power 2N + Direct Utility 2N,0.0190449383164108,0.21256205190276112,1.0,0.05
2026-07-31 02:00:00+00:00,2026-08-01 15:00:00+00:00,SEPD,EGHA,2220,ups_2n,IT Power 2N + UPS 2N,0.0190449383164108,0.10234275914058809,1.0,9.0
2026-07-31 02:00:00+00:00,2026-08-01 15:00:00+00:00,SEPD,EGHA,2220,ups_dr,IT Power 2N + UPS Distributed Redundancy,0.0190449383164108,0.14547945414905575,1.0,6.75
2026-07-31 02:00:00+00:00,2026-08-01 16:00:00+00:00,SEPD,EGHA,2280,hvdc_2n,IT Power 2N + HVDC 2N,0.0190449383164108,0.07502548908880269,1.0,8.9
2026-07-31 02:00:00+00:00,2026-08-01 16:00:00+00:00,SEPD,EGHA,2280,mains_2n,IT Power 2N + Direct Utility 2N,0.0190449383164108,0.21256205190276112,1.0,0.05
2026-07-31 02:00:00+00:00,2026-08-01 16:00:00+00:00,SEPD,EGHA,2280,ups_2n,IT Power 2N + UPS 2N,0.0190449383164108,0.10234275914058809,1.0,9.0
2026-07-31 02:00:00+00:00,2026-08-01 16:00:00+00:00,SEPD,EGHA,2280,ups_dr,IT Power 2N + UPS Distributed Redundancy,0.0190449383164108,0.14547945414905575,1.0,6.75
2026-08-01 07:00:00+00:00,2026-08-02 22:00:00+00:00,SEPD,EGHA,2340,hvdc_2n,IT Power 2N + HVDC 2N,0.017735351618112,0.07389735060351851,1.0,8.9
2026-08-01 07:00:00+00:00,2026-08-02 22:00:00+00:00,SEPD,EGHA,2340,mains_2n,IT Power 2N + Direct Utility 2N,0.017735351618112,0.21037832450754607,1.0,0.05
2026-08-01 07:00:00+00:00,2026-08-02 22:00:00+00:00,SEPD,EGHA,2340,ups_2n,IT Power 2N + UPS 2N,0.017735351618112,0.10090803392620337,1.0,9.0
2026-08-01 07:00:00+00:00,2026-08-02 22:00:00+00:00,SEPD,EGHA,2340,ups_dr,IT Power 2N + UPS Distributed Redundancy,0.017735351618112,0.14369776748145205,1.0,6.75
2026-08-02 01:00:00+00:00,2026-08-03 17:00:00+00:00,SEPD,EGHA,2400,hvdc_2n,IT Power 2N + HVDC 2N,0.0167729142133663,0.0730782359596525,1.0,8.9
2026-08-02 01:00:00+00:00,2026-08-03 17:00:00+00:00,SEPD,EGHA,2400,mains_2n,IT Power 2N + Direct Utility 2N,0.0167729142133663,0.20878398677871288,1.0,0.05
2026-08-02 01:00:00+00:00,2026-08-03 17:00:00+00:00,SEPD,EGHA,2400,ups_2n,IT Power 2N + UPS 2N,0.0167729142133663,0.09986504033622008,1.0,9.0
2026-08-02 01:00:00+00:00,2026-08-03 17:00:00+00:00,SEPD,EGHA,2400,ups_dr,IT Power 2N + UPS Distributed Redundancy,0.0167729142133663,0.14239998139903648,1.0,6.75
2026-07-29 20:00:00+00:00,2026-07-31 13:00:00+00:00,SEPD,EGHA,2460,hvdc_2n,IT Power 2N + HVDC 2N,0.0202580186532344,0.07608459037606556,1.0,8.9
2026-07-29 20:00:00+00:00,2026-07-31 13:00:00+00:00,SEPD,EGHA,2460,mains_2n,IT Power 2N + Direct Utility 2N,0.0202580186532344,0.2145995783769517,1.0,0.05
2026-07-29 20:00:00+00:00,2026-07-31 13:00:00+00:00,SEPD,EGHA,2460,ups_2n,IT Power 2N + UPS 2N,0.0202580186532344,0.10368785133521817,1.0,9.0
2026-07-29 20:00:00+00:00,2026-07-31 13:00:00+00:00,SEPD,EGHA,2460,ups_dr,IT Power 2N + UPS Distributed Redundancy,0.0202580186532344,0.14714616141735723,1.0,6.75
2026-08-02 08:00:00+00:00,2026-08-04 02:00:00+00:00,SEPD,EGHA,2520,hvdc_2n,IT Power 2N + HVDC 2N,0.0281780517022882,0.0833425706726619,1.0,8.9
2026-08-02 08:00:00+00:00,2026-08-04 02:00:00+00:00,SEPD,EGHA,2520,mains_2n,IT Power 2N + Direct Utility 2N,0.0281780517022882,0.22824994027218087,1.0,0.05
2026-08-02 08:00:00+00:00,2026-08-04 02:00:00+00:00,SEPD,EGHA,2520,ups_2n,IT Power 2N + UPS 2N,0.0281780517022882,0.11285913025189624,1.0,9.0
2026-08-02 08:00:00+00:00,2026-08-04 02:00:00+00:00,SEPD,EGHA,2520,ups_dr,IT Power 2N + UPS Distributed Redundancy,0.0281780517022882,0.15841865505870434,1.0,6.75
2026-07-28 20:00:00+00:00,2026-07-30 15:00:00+00:00,SEPD,EGHA,2580,hvdc_2n,IT Power 2N + HVDC 2N,0.0167727375325099,0.07307808636012081,1.0,8.9
2026-07-28 20:00:00+00:00,2026-07-30 15:00:00+00:00,SEPD,EGHA,2580,mains_2n,IT Power 2N + Direct Utility 2N,0.0167727375325099,0.20878369491404317,1.0,0.05
2026-07-28 20:00:00+00:00,2026-07-30 15:00:00+00:00,SEPD,EGHA,2580,ups_2n,IT Power 2N + UPS 2N,0.0167727375325099,0.09986484975000547,1.0,9.0
2026-07-28 20:00:00+00:00,2026-07-30 15:00:00+00:00,SEPD,EGHA,2580,ups_dr,IT Power 2N + UPS Distributed Redundancy,0.0167727375325099,0.14239974405594585,1.0,6.75
2026-07-29 15:00:00+00:00,2026-07-31 11:00:00+00:00,SEPD,EGHA,2640,hvdc_2n,IT Power 2N + HVDC 2N,0.0196798322840179,0.07557809399382168,1.0,8.9
2026-07-29 15:00:00+00:00,2026-07-31 11:00:00+00:00,SEPD,EGHA,2640,mains_2n,IT Power 2N + Direct Utility 2N,0.0196798322840179,0.21362667306029437,1.0,0.05
2026-07-29 15:00:00+00:00,2026-07-31 11:00:00+00:00,SEPD,EGHA,2640,ups_2n,IT Power 2N + UPS 2N,0.0196798322840179,0.10304480543829939,1.0,9.0
2026-07-29 15:00:00+00:00,2026-07-31 11:00:00+00:00,SEPD,EGHA,2640,ups_dr,IT Power 2N + UPS Distributed Redundancy,0.0196798322840179,0.14634980207129708,1.0,6.75
2026-08-02 04:00:00+00:00,2026-08-04 01:00:00+00:00,SEPD,EGHA,2700,hvdc_2n,IT Power 2N + HVDC 2N,0.0125425692936671,0.0695761833375023,1.0,8.9
2026-08-02 04:00:00+00:00,2026-08-04 01:00:00+00:00,SEPD,EGHA,2700,mains_2n,IT Power 2N + Direct Utility 2N,0.0125425692936671,0.20188180356060953,1.0,0.05
2026-08-02 04:00:00+00:00,2026-08-04 01:00:00+00:00,SEPD,EGHA,2700,ups_2n,IT Power 2N + UPS 2N,0.0125425692936671,0.09539353728549407,1.0,9.0
2026-08-02 04:00:00+00:00,2026-08-04 01:00:00+00:00,SEPD,EGHA,2700,ups_dr,IT Power 2N + UPS Distributed Redundancy,0.0125425692936671,0.13681117967970904,1.0,6.75
2026-08-01 09:00:00+00:00,2026-08-03 07:00:00+00:00,SEPD,EGHA,2760,hvdc_2n,IT Power 2N + HVDC 2N,0.0201619466244431,0.07600021517791403,1.0,8.9
2026-08-01 09:00:00+00:00,2026-08-03 07:00:00+00:00,SEPD,EGHA,2760,mains_2n,IT Power 2N + Direct Utility 2N,0.0201619466244431,0.21443769663831064,1.0,0.05
2026-08-01 09:00:00+00:00,2026-08-03 07:00:00+00:00,SEPD,EGHA,2760,ups_2n,IT Power 2N + UPS 2N,0.0201619466244431,0.10358075689219694,1.0,9.0
2026-08-01 09:00:00+00:00,2026-08-03 07:00:00+00:00,SEPD,EGHA,2760,ups_dr,IT Power 2N + UPS Distributed Redundancy,0.0201619466244431,0.14701358959166605,1.0,6.75
2026-07-31 13:00:00+00:00,2026-08-02 12:00:00+00:00,SEPD,EGHA,2820,hvdc_2n,IT Power 2N + HVDC 2N,0.054608986178933,0.11230720904827325,1.0,8.9
2026-07-31 13:00:00+00:00,2026-08-02 12:00:00+00:00,SEPD,EGHA,2820,mains_2n,IT Power 2N + Direct Utility 2N,0.054608986178933,0.27809914188958,1.0,0.05
2026-07-31 13:00:00+00:00,2026-08-02 12:00:00+00:00,SEPD,EGHA,2820,ups_2n,IT Power 2N + UPS 2N,0.054608986178933,0.14871792245044543,1.0,9.0
2026-07-31 13:00:00+00:00,2026-08-02 12:00:00+00:00,SEPD,EGHA,2820,ups_dr,IT Power 2N + UPS Distributed Redundancy,0.054608986178933,0.20112126124881066,1.0,6.75
2026-08-02 00:00:00+00:00,2026-08-04 00:00:00+00:00,SEPD,EGHA,2880,hvdc_2n,IT Power 2N + HVDC 2N,0.0171060967820591,0.07336085125965108,1.0,8.9
2026-08-02 00:00:00+00:00,2026-08-04 00:00:00+00:00,SEPD,EGHA,2880,mains_2n,IT Power 2N + Direct Utility 2N,0.0171060967820591,0.20933491588425462,1.0,0.05
2026-08-02 00:00:00+00:00,2026-08-04 00:00:00+00:00,SEPD,EGHA,2880,ups_2n,IT Power 2N + UPS 2N,0.0171060967820591,0.10022502118554821,1.0,9.0
2026-08-02 00:00:00+00:00,2026-08-04 00:00:00+00:00,SEPD,EGHA,2880,ups_dr,IT Power 2N + UPS Distributed Redundancy,0.0171060967820591,0.1428481472357086,1.0,6.75
2026-08-03 21:00:00+00:00,2026-08-03 22:00:00+00:00,SEPD,ISLE,60,hvdc_2n,IT Power 2N + HVDC 2N,0.0043073987827391,0.06320047340587401,1.0,8.9
2026-08-03 21:00:00+00:00,2026-08-03 22:00:00+00:00,SEPD,ISLE,60,mains_2n,IT Power 2N + Direct Utility 2N,0.0043073987827391,0.1889379339434836,1.0,0.05
2026-08-03 21:00:00+00:00,2026-08-03 22:00:00+00:00,SEPD,ISLE,60,ups_2n,IT Power 2N + UPS 2N,0.0043073987827391,0.08720009973609373,1.0,9.0
2026-08-03 21:00:00+00:00,2026-08-03 22:00:00+00:00,SEPD,ISLE,60,ups_dr,IT Power 2N + UPS Distributed Redundancy,0.0043073987827391,0.12646102241601861,1.0,6.75
2026-08-03 11:00:00+00:00,2026-08-03 13:00:00+00:00,SEPD,ISLE,120,hvdc_2n,IT Power 2N + HVDC 2N,0.0094746116147959,0.06713422489033778,1.0,8.9
2026-08-03 11:00:00+00:00,2026-08-03 13:00:00+00:00,SEPD,ISLE,120,mains_2n,IT Power 2N + Direct Utility 2N,0.0094746116147959,0.1969837228682303,1.0,0.05
2026-08-03 11:00:00+00:00,2026-08-03 13:00:00+00:00,SEPD,ISLE,120,ups_2n,IT Power 2N + UPS 2N,0.0094746116147959,0.09226357235649814,1.0,9.0
2026-08-03 11:00:00+00:00,2026-08-03 13:00:00+00:00,SEPD,ISLE,120,ups_dr,IT Power 2N + UPS Distributed Redundancy,0.0094746116147959,0.13287442768476648,1.0,6.75
2026-08-03 07:00:00+00:00,2026-08-03 10:00:00+00:00,SEPD,ISLE,180,hvdc_2n,IT Power 2N + HVDC 2N,0.0112657332702943,0.06855004926775667,1.0,8.9
2026-08-03 07:00:00+00:00,2026-08-03 10:00:00+00:00,SEPD,ISLE,180,mains_2n,IT Power 2N + Direct Utility 2N,0.0112657332702943,0.1998323237598205,1.0,0.05
2026-08-03 07:00:00+00:00,2026-08-03 10:00:00+00:00,SEPD,ISLE,180,ups_2n,IT Power 2N + UPS 2N,0.0112657332702943,0.09407951564640155,1.0,9.0
2026-08-03 07:00:00+00:00,2026-08-03 10:00:00+00:00,SEPD,ISLE,180,ups_dr,IT Power 2N + UPS Distributed Redundancy,0.0112657332702943,0.1351609728758338,1.0,6.75
2026-08-02 19:00:00+00:00,2026-08-02 23:00:00+00:00,SEPD,ISLE,240,hvdc_2n,IT Power 2N + HVDC 2N,0.0066411725238854,0.0649498127788114,1.0,8.9
2026-08-02 19:00:00+00:00,2026-08-02 23:00:00+00:00,SEPD,ISLE,240,mains_2n,IT Power 2N + Direct Utility 2N,0.0066411725238854,0.19254020508696365,1.0,0.05
2026-08-02 19:00:00+00:00,2026-08-02 23:00:00+00:00,SEPD,ISLE,240,ups_2n,IT Power 2N + UPS 2N,0.0066411725238854,0.08945513733643994,1.0,9.0
2026-08-02 19:00:00+00:00,2026-08-02 23:00:00+00:00,SEPD,ISLE,240,ups_dr,IT Power 2N + UPS Distributed Redundancy,0.0066411725238854,0.12932421796828575,1.0,6.75
2026-08-03 10:00:00+00:00,2026-08-03 15:00:00+00:00,SEPD,ISLE,300,hvdc_2n,IT Power 2N + HVDC 2N,0.0124797060814072,0.06952533214794376,1.0,8.9
2026-08-03 10:00:00+00:00,2026-08-03 15:00:00+00:00,SEPD,ISLE,300,mains_2n,IT Power 2N + Direct Utility 2N,0.0124797060814072,0.2017805338517505,1.0,0.05
2026-08-03 10:00:00+00:00,2026-08-03 15:00:00+00:00,SEPD,ISLE,300,ups_2n,IT Power 2N + UPS 2N,0.0124797060814072,0.09532846082859454,1.0,9.0
2026-08-03 10:00:00+00:00,2026-08-03 15:00:00+00:00,SEPD,ISLE,300,ups_dr,IT Power 2N + UPS Distributed Redundancy,0.0124797060814072,0.1367295388188788,1.0,6.75
2026-08-03 19:00:00+00:00,2026-08-04 01:00:00+00:00,SEPD,ISLE,360,hvdc_2n,IT Power 2N + HVDC 2N,0.009047915745006,0.06680096040795078,1.0,8.9
2026-08-03 19:00:00+00:00,2026-08-04 01:00:00+00:00,SEPD,ISLE,360,mains_2n,IT Power 2N + Direct Utility 2N,0.009047915745006,0.19630964307457854,1.0,0.05
2026-08-03 19:00:00+00:00,2026-08-04 01:00:00+00:00,SEPD,ISLE,360,ups_2n,IT Power 2N + UPS 2N,0.009047915745006,0.09183563222691135,1.0,9.0
2026-08-03 19:00:00+00:00,2026-08-04 01:00:00+00:00,SEPD,ISLE,360,ups_dr,IT Power 2N + UPS Distributed Redundancy,0.009047915745006,0.13233456163846938,1.0,6.75
2026-08-02 17:00:00+00:00,2026-08-03 00:00:00+00:00,SEPD,ISLE,420,hvdc_2n,IT Power 2N + HVDC 2N,0.0082658362308916,0.0661941135102435,1.0,8.9
2026-08-02 17:00:00+00:00,2026-08-03 00:00:00+00:00,SEPD,ISLE,420,mains_2n,IT Power 2N + Direct Utility 2N,0.0082658362308916,0.19507866923703113,1.0,0.05
2026-08-02 17:00:00+00:00,2026-08-03 00:00:00+00:00,SEPD,ISLE,420,ups_2n,IT Power 2N + UPS 2N,0.0082658362308916,0.09105590225721749,1.0,9.0
2026-08-02 17:00:00+00:00,2026-08-03 00:00:00+00:00,SEPD,ISLE,420,ups_dr,IT Power 2N + UPS Distributed Redundancy,0.0082658362308916,0.131349881880733,1.0,6.75
2026-08-02 09:00:00+00:00,2026-08-02 17:00:00+00:00,SEPD,ISLE,480,hvdc_2n,IT Power 2N + HVDC 2N,0.0124117734561494,0.06947041888021833,1.0,8.9
2026-08-02 09:00:00+00:00,2026-08-02 17:00:00+00:00,SEPD,ISLE,480,mains_2n,IT Power 2N + Direct Utility 2N,0.0124117734561494,0.2016711402330487,1.0,0.05
2026-08-02 09:00:00+00:00,2026-08-02 17:00:00+00:00,SEPD,ISLE,480,ups_2n,IT Power 2N + UPS 2N,0.0124117734561494,0.0952581811307943,1.0,9.0
2026-08-02 09:00:00+00:00,2026-08-02 17:00:00+00:00,SEPD,ISLE,480,ups_dr,IT Power 2N + UPS Distributed Redundancy,0.0124117734561494,0.13664136037780056,1.0,6.75
2026-08-03 14:00:00+00:00,2026-08-03 23:00:00+00:00,SEPD,ISLE,540,hvdc_2n,IT Power 2N + HVDC 2N,0.0113535274836161,0.06862015424248652,1.0,8.9
2026-08-03 14:00:00+00:00,2026-08-03 23:00:00+00:00,SEPD,ISLE,540,mains_2n,IT Power 2N + Direct Utility 2N,0.0113535274836161,0.19997274314611055,1.0,0.05
2026-08-03 14:00:00+00:00,2026-08-03 23:00:00+00:00,SEPD,ISLE,540,ups_2n,IT Power 2N + UPS 2N,0.0113535274836161,0.09416934494649588,1.0,9.0
2026-08-03 14:00:00+00:00,2026-08-03 23:00:00+00:00,SEPD,ISLE,540,ups_dr,IT Power 2N + UPS Distributed Redundancy,0.0113535274836161,0.1352738999763141,1.0,6.75
2026-08-01 19:00:00+00:00,2026-08-02 05:00:00+00:00,SEPD,ISLE,600,hvdc_2n,IT Power 2N + HVDC 2N,0.0102910915331904,0.06777622893181012,1.0,8.9
2026-08-01 19:00:00+00:00,2026-08-02 05:00:00+00:00,SEPD,ISLE,600,mains_2n,IT Power 2N + Direct Utility 2N,0.0102910915331904,0.19827843609144813,1.0,0.05
2026-08-01 19:00:00+00:00,2026-08-02 05:00:00+00:00,SEPD,ISLE,600,ups_2n,IT Power 2N + UPS 2N,0.0102910915331904,0.09308742916451668,1.0,9.0
2026-08-01 19:00:00+00:00,2026-08-02 05:00:00+00:00,SEPD,ISLE,600,ups_dr,IT Power 2N + UPS Distributed Redundancy,0.0102910915331904,0.1339126563405408,1.0,6.75
2026-08-02 03:00:00+00:00,2026-08-02 14:00:00+00:00,SEPD,ISLE,660,hvdc_2n,IT Power 2N + HVDC 2N,0.0125128500981787,0.06955213865539697,1.0,8.9
2026-08-02 03:00:00+00:00,2026-08-02 14:00:00+00:00,SEPD,ISLE,660,mains_2n,IT Power 2N + Direct Utility 2N,0.0125128500981787,0.20183392258863894,1.0,0.05
2026-08-02 03:00:00+00:00,2026-08-02 14:00:00+00:00,SEPD,ISLE,660,ups_2n,IT Power 2N + UPS 2N,0.0125128500981787,0.09536276680574741,1.0,9.0
2026-08-02 03:00:00+00:00,2026-08-02 14:00:00+00:00,SEPD,ISLE,660,ups_dr,IT Power 2N + UPS Distributed Redundancy,0.0125128500981787,0.13677257805681944,1.0,6.75
2026-08-03 00:00:00+00:00,2026-08-03 12:00:00+00:00,SEPD,ISLE,720,hvdc_2n,IT Power 2N + HVDC 2N,0.0354238171605939,0.09052822482826987,1.0,8.9
2026-08-03 00:00:00+00:00,2026-08-03 12:00:00+00:00,SEPD,ISLE,720,mains_2n,IT Power 2N + Direct Utility 2N,0.0354238171605939,0.24126405359608075,1.0,0.05
2026-08-03 00:00:00+00:00,2026-08-03 12:00:00+00:00,SEPD,ISLE,720,ups_2n,IT Power 2N + UPS 2N,0.0354238171605939,0.12186203270790859,1.0,9.0
2026-08-03 00:00:00+00:00,2026-08-03 12:00:00+00:00,SEPD,ISLE,720,ups_dr,IT Power 2N + UPS Distributed Redundancy,0.0354238171605939,0.1693363464364335,1.0,6.75
2026-08-02 23:00:00+00:00,2026-08-03 12:00:00+00:00,SEPD,ISLE,780,hvdc_2n,IT Power 2N + HVDC 2N,0.0373648190699792,0.0925457729418099,1.0,8.9
2026-08-02 23:00:00+00:00,2026-08-03 12:00:00+00:00,SEPD,ISLE,780,mains_2n,IT Power 2N + Direct Utility 2N,0.0373648190699792,0.24483498980207483,1.0,0.05
2026-08-02 23:00:00+00:00,2026-08-03 12:00:00+00:00,SEPD,ISLE,780,ups_2n,IT Power 2N + UPS 2N,0.0373648190699792,0.124376584638169,1.0,9.0
2026-08-02 23:00:00+00:00,2026-08-03 12:00:00+00:00,SEPD,ISLE,780,ups_dr,IT Power 2N + UPS Distributed Redundancy,0.0373648190699792,0.1723608522410364,1.0,6.75
2026-08-02 03:00:00+00:00,2026-08-02 17:00:00+00:00,SEPD,ISLE,840,hvdc_2n,IT Power 2N + HVDC 2N,0.0124223815140053,0.06947899124783927,1.0,8.9
2026-08-02 03:00:00+00:00,2026-08-02 17:00:00+00:00,SEPD,ISLE,840,mains_2n,IT Power 2N + Direct Utility 2N,0.0124223815140053,0.20168821973517673,1.0,0.05
2026-08-02 03:00:00+00:00,2026-08-02 17:00:00+00:00,SEPD,ISLE,840,ups_2n,IT Power 2N + UPS 2N,0.0124223815140053,0.09526915264200118,1.0,9.0
2026-08-02 03:00:00+00:00,2026-08-02 17:00:00+00:00,SEPD,ISLE,840,ups_dr,IT Power 2N + UPS Distributed Redundancy,0.0124223815140053,0.13665512677814473,1.0,6.75
2026-08-02 09:00:00+00:00,2026-08-03 00:00:00+00:00,SEPD,ISLE,900,hvdc_2n,IT Power 2N + HVDC 2N,0.0102829518563851,0.06776980063902352,1.0,8.9
2026-08-02 09:00:00+00:00,2026-08-03 00:00:00+00:00,SEPD,ISLE,900,mains_2n,IT Power 2N + Direct Utility 2N,0.0102829518563851,0.19826549724541911,1.0,0.05
2026-08-02 09:00:00+00:00,2026-08-03 00:00:00+00:00,SEPD,ISLE,900,ups_2n,IT Power 2N + UPS 2N,0.0102829518563851,0.09307918346311236,1.0,9.0
2026-08-02 09:00:00+00:00,2026-08-03 00:00:00+00:00,SEPD,ISLE,900,ups_dr,IT Power 2N + UPS Distributed Redundancy,0.0102829518563851,0.13390227223895804,1.0,6.75
2026-08-02 04:00:00+00:00,2026-08-02 20:00:00+00:00,SEPD,ISLE,960,hvdc_2n,IT Power 2N + HVDC 2N,0.0119081656273217,0.06906457807335954,1.0,8.9
2026-08-02 04:00:00+00:00,2026-08-02 20:00:00+00:00,SEPD,ISLE,960,mains_2n,IT Power 2N + Direct Utility 2N,0.0119081656273217,0.20086155022057714,1.0,0.05
2026-08-02 04:00:00+00:00,2026-08-02 20:00:00+00:00,SEPD,ISLE,960,ups_2n,IT Power 2N + UPS 2N,0.0119081656273217,0.09473861794161055,1.0,9.0
2026-08-02 04:00:00+00:00,2026-08-02 20:00:00+00:00,SEPD,ISLE,960,ups_dr,IT Power 2N + UPS Distributed Redundancy,0.0119081656273217,0.13598915532896227,1.0,6.75
2026-08-01 11:00:00+00:00,2026-08-02 04:00:00+00:00,SEPD,ISLE,1020,hvdc_2n,IT Power 2N + HVDC 2N,0.0107513992169493,0.06814067731158677,1.0,8.9
2026-08-01 11:00:00+00:00,2026-08-02 04:00:00+00:00,SEPD,ISLE,1020,mains_2n,IT Power 2N + Direct Utility 2N,0.0107513992169493,0.1990111764191829,1.0,0.05
2026-08-01 11:00:00+00:00,2026-08-02 04:00:00+00:00,SEPD,ISLE,1020,ups_2n,IT Power 2N + UPS 2N,0.0107513992169493,0.0935548004933768,1.0,9.0
2026-08-01 11:00:00+00:00,2026-08-02 04:00:00+00:00,SEPD,ISLE,1020,ups_dr,IT Power 2N + UPS Distributed Redundancy,0.0107513992169493,0.13450099728088913,1.0,6.75
2026-08-01 08:00:00+00:00,2026-08-02 02:00:00+00:00,SEPD,ISLE,1080,hvdc_2n,IT Power 2N + HVDC 2N,0.0092458504105933,0.0669553629246868,1.0,8.9
2026-08-01 08:00:00+00:00,2026-08-02 02:00:00+00:00,SEPD,ISLE,1080,mains_2n,IT Power 2N + Direct Utility 2N,0.0092458504105933,0.19662211661441933,1.0,0.05
2026-08-01 08:00:00+00:00,2026-08-02 02:00:00+00:00,SEPD,ISLE,1080,ups_2n,IT Power 2N + UPS 2N,0.0092458504105933,0.09203392177595893,1.0,9.0
2026-08-01 08:00:00+00:00,2026-08-02 02:00:00+00:00,SEPD,ISLE,1080,ups_dr,IT Power 2N + UPS Distributed Redundancy,0.0092458504105933,0.1325847618967093,1.0,6.75
2026-08-02 08:00:00+00:00,2026-08-03 03:00:00+00:00,SEPD,ISLE,1140,hvdc_2n,IT Power 2N + HVDC 2N,0.0105295768341327,0.06796482334586743,1.0,8.9
2026-08-02 08:00:00+00:00,2026-08-03 03:00:00+00:00,SEPD,ISLE,1140,mains_2n,IT Power 2N + Direct Utility 2N,0.0105295768341327,0.19865781490525783,1.0,0.05
2026-08-02 08:00:00+00:00,2026-08-03 03:00:00+00:00,SEPD,ISLE,1140,ups_2n,IT Power 2N + UPS 2N,0.0105295768341327,0.09332931200483757,1.0,9.0
2026-08-02 08:00:00+00:00,2026-08-03 03:00:00+00:00,SEPD,ISLE,1140,ups_dr,IT Power 2N + UPS Distributed Redundancy,0.0105295768341327,0.13421720357047323,1.0,6.75
2026-08-02 09:00:00+00:00,2026-08-03 05:00:00+00:00,SEPD,ISLE,1200,hvdc_2n,IT Power 2N + HVDC 2N,0.0114522056900394,0.06869902951620563,1.0,8.9
2026-08-02 09:00:00+00:00,2026-08-03 05:00:00+00:00,SEPD,ISLE,1200,mains_2n,IT Power 2N + Direct Utility 2N,0.0114522056900394,0.2001306588776668,1.0,0.05
2026-08-02 09:00:00+00:00,2026-08-03 05:00:00+00:00,SEPD,ISLE,1200,ups_2n,IT Power 2N + UPS 2N,0.0114522056900394,0.0942704022626921,1.0,9.0
2026-08-02 09:00:00+00:00,2026-08-03 05:00:00+00:00,SEPD,ISLE,1200,ups_dr,IT Power 2N + UPS Distributed Redundancy,0.0114522056900394,0.1354009218274253,1.0,6.75
2026-08-03 03:00:00+00:00,2026-08-04 00:00:00+00:00,SEPD,ISLE,1260,hvdc_2n,IT Power 2N + HVDC 2N,0.0304295531010095,0.0855180249013136,1.0,8.9
2026-08-03 03:00:00+00:00,2026-08-04 00:00:00+00:00,SEPD,ISLE,1260,mains_2n,IT Power 2N + Direct Utility 2N,0.0304295531010095,0.2322402488425197,1.0,0.05
2026-08-03 03:00:00+00:00,2026-08-04 00:00:00+00:00,SEPD,ISLE,1260,ups_2n,IT Power 2N + UPS 2N,0.0304295531010095,0.11559265245129287,1.0,9.0
2026-08-03 03:00:00+00:00,2026-08-04 00:00:00+00:00,SEPD,ISLE,1260,ups_dr,IT Power 2N + UPS Distributed Redundancy,0.0304295531010095,0.1617485812336709,1.0,6.75
2026-08-02 05:00:00+00:00,2026-08-03 03:00:00+00:00,SEPD,ISLE,1320,hvdc_2n,IT Power 2N + HVDC 2N,0.0086881996841123,0.06652120339638877,1.0,8.9
2026-08-02 05:00:00+00:00,2026-08-03 03:00:00+00:00,SEPD,ISLE,1320,mains_2n,IT Power 2N + Direct Utility 2N,0.0086881996841123,0.1957427311687601,1.0,0.05
2026-08-02 05:00:00+00:00,2026-08-03 03:00:00+00:00,SEPD,ISLE,1320,ups_2n,IT Power 2N + UPS 2N,0.0086881996841123,0.09147625415113657,1.0,9.0
2026-08-02 05:00:00+00:00,2026-08-03 03:00:00+00:00,SEPD,ISLE,1320,ups_dr,IT Power 2N + UPS Distributed Redundancy,0.0086881996841123,0.13188088525257594,1.0,6.75
2026-08-02 12:00:00+00:00,2026-08-03 11:00:00+00:00,SEPD,ISLE,1380,hvdc_2n,IT Power 2N + HVDC 2N,0.0153084217579068,0.07184786716735263,1.0,8.9
2026-08-02 12:00:00+00:00,2026-08-03 11:00:00+00:00,SEPD,ISLE,1380,mains_2n,IT Power 2N + Direct Utility 2N,0.0153084217579068,0.20637506106362946,1.0,0.05
2026-08-02 12:00:00+00:00,2026-08-03 11:00:00+00:00,SEPD,ISLE,1380,ups_2n,IT Power 2N + UPS 2N,0.0153084217579068,0.09829635746913508,1.0,9.0
2026-08-02 12:00:00+00:00,2026-08-03 11:00:00+00:00,SEPD,ISLE,1380,ups_dr,IT Power 2N + UPS Distributed Redundancy,0.0153084217579068,0.14044397385073995,1.0,6.75
2026-08-03 01:00:00+00:00,2026-08-04 01:00:00+00:00,SEPD,ISLE,1440,hvdc_2n,IT Power 2N + HVDC 2N,0.0303266495286143,0.085417484240302,1.0,8.9
2026-08-03 01:00:00+00:00,2026-08-04 01:00:00+00:00,SEPD,ISLE,1440,mains_2n,IT Power 2N + Direct Utility 2N,0.0303266495286143,0.23205681747818446,1.0,0.05
2026-08-03 01:00:00+00:00,2026-08-04 01:00:00+00:00,SEPD,ISLE,1440,ups_2n,IT Power 2N + UPS 2N,0.0303266495286143,0.11546647315206655,1.0,9.0
2026-08-03 01:00:00+00:00,2026-08-04 01:00:00+00:00,SEPD,ISLE,1440,ups_dr,IT Power 2N + UPS Distributed Redundancy,0.0303266495286143,0.1615951648939159,1.0,6.75
2026-08-02 03:00:00+00:00,2026-08-03 04:00:00+00:00,SEPD,ISLE,1500,hvdc_2n,IT Power 2N + HVDC 2N,0.0096073281762098,0.06723819539564864,1.0,8.9
2026-08-02 03:00:00+00:00,2026-08-03 04:00:00+00:00,SEPD,ISLE,1500,mains_2n,IT Power 2N + Direct Utility 2N,0.0096073281762098,0.19719373986055208,1.0,0.05
2026-08-02 03:00:00+00:00,2026-08-03 04:00:00+00:00,SEPD,ISLE,1500,ups_2n,IT Power 2N + UPS 2N,0.0096073281762098,0.09239704074308308,1.0,9.0
2026-08-02 03:00:00+00:00,2026-08-03 04:00:00+00:00,SEPD,ISLE,1500,ups_dr,IT Power 2N + UPS Distributed Redundancy,0.0096073281762098,0.1330427237479168,1.0,6.75
2026-08-01 21:00:00+00:00,2026-08-02 23:00:00+00:00,SEPD,ISLE,1560,hvdc_2n,IT Power 2N + HVDC 2N,0.0106292306062167,0.06804377368214343,1.0,8.9
2026-08-01 21:00:00+00:00,2026-08-02 23:00:00+00:00,SEPD,ISLE,1560,mains_2n,IT Power 2N + Direct Utility 2N,0.0106292306062167,0.1988165042636232,1.0,0.05
2026-08-01 21:00:00+00:00,2026-08-02 23:00:00+00:00,SEPD,ISLE,1560,ups_2n,IT Power 2N + UPS 2N,0.0106292306062167,0.0934305524000292,1.0,9.0
2026-08-01 21:00:00+00:00,2026-08-02 23:00:00+00:00,SEPD,ISLE,1560,ups_dr,IT Power 2N + UPS Distributed Redundancy,0.0106292306062167,0.1343446353344493,1.0,6.75
2026-08-01 06:00:00+00:00,2026-08-02 09:00:00+00:00,SEPD,ISLE,1620,hvdc_2n,IT Power 2N + HVDC 2N,0.0124300065733934,0.06948515366014071,1.0,8.9
2026-08-01 06:00:00+00:00,2026-08-02 09:00:00+00:00,SEPD,ISLE,1620,mains_2n,IT Power 2N + Direct Utility 2N,0.0124300065733934,0.20170049712879262,1.0,0.05
2026-08-01 06:00:00+00:00,2026-08-02 09:00:00+00:00,SEPD,ISLE,1620,ups_2n,IT Power 2N + UPS 2N,0.0124300065733934,0.09527703964962204,1.0,9.0
2026-08-01 06:00:00+00:00,2026-08-02 09:00:00+00:00,SEPD,ISLE,1620,ups_dr,IT Power 2N + UPS Distributed Redundancy,0.0124300065733934,0.13666502277149797,1.0,6.75
2026-08-01 11:00:00+00:00,2026-08-02 15:00:00+00:00,SEPD,ISLE,1680,hvdc_2n,IT Power 2N + HVDC 2N,0.0127868364901011,0.06977410228900334,1.0,8.9
2026-08-01 11:00:00+00:00,2026-08-02 15:00:00+00:00,SEPD,ISLE,1680,mains_2n,IT Power 2N + Direct Utility 2N,0.0127868364901011,0.20227566701971914,1.0,0.05
2026-08-01 11:00:00+00:00,2026-08-02 15:00:00+00:00,SEPD,ISLE,1680,ups_2n,IT Power 2N + UPS 2N,0.0127868364901011,0.09564678182759365,1.0,9.0
2026-08-01 11:00:00+00:00,2026-08-02 15:00:00+00:00,SEPD,ISLE,1680,ups_dr,IT Power 2N + UPS Distributed Redundancy,0.0127868364901011,0.1371288005170307,1.0,6.75
2026-07-31 22:00:00+00:00,2026-08-02 03:00:00+00:00,SEPD,ISLE,1740,hvdc_2n,IT Power 2N + HVDC 2N,0.0104952452164079,0.0679376439213294,1.0,8.9
2026-07-31 22:00:00+00:00,2026-08-02 03:00:00+00:00,SEPD,ISLE,1740,mains_2n,IT Power 2N + Direct Utility 2N,0.0104952452164079,0.1986031670658467,1.0,0.05
2026-07-31 22:00:00+00:00,2026-08-02 03:00:00+00:00,SEPD,ISLE,1740,ups_2n,IT Power 2N + UPS 2N,0.0104952452164079,0.09329445657905434,1.0,9.0
2026-07-31 22:00:00+00:00,2026-08-02 03:00:00+00:00,SEPD,ISLE,1740,ups_dr,IT Power 2N + UPS Distributed Redundancy,0.0104952452164079,0.13417332584587052,1.0,6.75
2026-08-02 05:00:00+00:00,2026-08-03 11:00:00+00:00,SEPD,ISLE,1800,hvdc_2n,IT Power 2N + HVDC 2N,0.0128373589219186,0.06981510333562638,1.0,8.9
2026-08-02 05:00:00+00:00,2026-08-03 11:00:00+00:00,SEPD,ISLE,1800,mains_2n,IT Power 2N + Direct Utility 2N,0.0128373589219186,0.20235720239025126,1.0,0.05
2026-08-02 05:00:00+00:00,2026-08-03 11:00:00+00:00,SEPD,ISLE,1800,ups_2n,IT Power 2N + UPS 2N,0.0128373589219186,0.09569923604461333,1.0,9.0
2026-08-02 05:00:00+00:00,2026-08-03 11:00:00+00:00,SEPD,ISLE,1800,ups_dr,IT Power 2N + UPS Distributed Redundancy,0.0128373589219186,0.13719457223135617,1.0,6.75
2026-08-01 22:00:00+00:00,2026-08-03 05:00:00+00:00,SEPD,ISLE,1860,hvdc_2n,IT Power 2N + HVDC 2N,0.0108712269150341,0.0682358483848402,1.0,8.9
2026-08-01 22:00:00+00:00,2026-08-03 05:00:00+00:00,SEPD,ISLE,1860,mains_2n,IT Power 2N + Direct Utility 2N,0.0108712269150341,0.19920225752772902,1.0,0.05
2026-08-01 22:00:00+00:00,2026-08-03 05:00:00+00:00,SEPD,ISLE,1860,ups_2n,IT Power 2N + UPS 2N,0.0108712269150341,0.09367681175322645,1.0,9.0
2026-08-01 22:00:00+00:00,2026-08-03 05:00:00+00:00,SEPD,ISLE,1860,ups_dr,IT Power 2N + UPS Distributed Redundancy,0.0108712269150341,0.13465451241408766,1.0,6.75
2026-08-01 21:00:00+00:00,2026-08-03 05:00:00+00:00,SEPD,ISLE,1920,hvdc_2n,IT Power 2N + HVDC 2N,0.01239456147969,0.06945651197067278,1.0,8.9
2026-08-01 21:00:00+00:00,2026-08-03 05:00:00+00:00,SEPD,ISLE,1920,mains_2n,IT Power 2N + Direct Utility 2N,0.01239456147969,0.20164343039255744,1.0,0.05
2026-08-01 21:00:00+00:00,2026-08-03 05:00:00+00:00,SEPD,ISLE,1920,ups_2n,IT Power 2N + UPS 2N,0.01239456147969,0.09524038184266767,1.0,9.0
2026-08-01 21:00:00+00:00,2026-08-03 05:00:00+00:00,SEPD,ISLE,1920,ups_dr,IT Power 2N + UPS Distributed Redundancy,0.01239456147969,0.13661902635437276,1.0,6.75
2026-08-02 07:00:00+00:00,2026-08-03 16:00:00+00:00,SEPD,ISLE,1980,hvdc_2n,IT Power 2N + HVDC 2N,0.0128714319417227,0.06984276758432305,1.0,8.9
2026-08-02 07:00:00+00:00,2026-08-03 16:00:00+00:00,SEPD,ISLE,1980,mains_2n,IT Power 2N + Direct Utility 2N,0.0128714319417227,0.20241220480831282,1.0,0.05
2026-08-02 07:00:00+00:00,2026-08-03 16:00:00+00:00,SEPD,ISLE,1980,ups_2n,IT Power 2N + UPS 2N,0.0128714319417227,0.09573462640889727,1.0,9.0
2026-08-02 07:00:00+00:00,2026-08-03 16:00:00+00:00,SEPD,ISLE,1980,ups_dr,IT Power 2N + UPS Distributed Redundancy,0.0128714319417227,0.1372389445541659,1.0,6.75
2026-08-01 23:00:00+00:00,2026-08-03 09:00:00+00:00,SEPD,ISLE,2040,hvdc_2n,IT Power 2N + HVDC 2N,0.0139248597869294,0.0707030741695283,1.0,8.9
2026-08-01 23:00:00+00:00,2026-08-03 09:00:00+00:00,SEPD,ISLE,2040,mains_2n,IT Power 2N + Direct Utility 2N,0.0139248597869294,0.2041182068897588,1.0,0.05
2026-08-01 23:00:00+00:00,2026-08-03 09:00:00+00:00,SEPD,ISLE,2040,ups_2n,IT Power 2N + UPS 2N,0.0139248597869294,0.09683456964118842,1.0,9.0
2026-08-01 23:00:00+00:00,2026-08-03 09:00:00+00:00,SEPD,ISLE,2040,ups_dr,IT Power 2N + UPS Distributed Redundancy,0.0139248597869294,0.13861675646838104,1.0,6.75
2026-08-02 07:00:00+00:00,2026-08-03 18:00:00+00:00,SEPD,ISLE,2100,hvdc_2n,IT Power 2N + HVDC 2N,0.0119032085244325,0.06906059423904623,1.0,8.9
2026-08-02 07:00:00+00:00,2026-08-03 18:00:00+00:00,SEPD,ISLE,2100,mains_2n,IT Power 2N + Direct Utility 2N,0.0119032085244325,0.20085359338598127,1.0,0.05
2026-08-02 07:00:00+00:00,2026-08-03 18:00:00+00:00,SEPD,ISLE,2100,ups_2n,IT Power 2N + UPS 2N,0.0119032085244325,0.09473351641979029,1.0,9.0
2026-08-02 07:00:00+00:00,2026-08-03 18:00:00+00:00,SEPD,ISLE,2100,ups_dr,IT Power 2N + UPS Distributed Redundancy,0.0119032085244325,0.13598274861303453,1.0,6.75
2026-08-02 03:00:00+00:00,2026-08-03 15:00:00+00:00,SEPD,ISLE,2160,hvdc_2n,IT Power 2N + HVDC 2N,0.0132754468983861,0.0701715653177739,1.0,8.9
2026-08-02 03:00:00+00:00,2026-08-03 15:00:00+00:00,SEPD,ISLE,2160,mains_2n,IT Power 2N + Direct Utility 2N,0.0132754468983861,0.2030652368830191,1.0,0.05
2026-08-02 03:00:00+00:00,2026-08-03 15:00:00+00:00,SEPD,ISLE,2160,ups_2n,IT Power 2N + UPS 2N,0.0132754468983861,0.09615515431020745,1.0,9.0
2026-08-02 03:00:00+00:00,2026-08-03 15:00:00+00:00,SEPD,ISLE,2160,ups_dr,IT Power 2N + UPS Distributed Redundancy,0.0132754468983861,0.13776600210084333,1.0,6.75
2026-08-02 08:00:00+00:00,2026-08-03 21:00:00+00:00,SEPD,ISLE,2220,hvdc_2n,IT Power 2N + HVDC 2N,0.0114699889562478,0.06871325292977788,1.0,8.9
2026-08-02 08:00:00+00:00,2026-08-03 21:00:00+00:00,SEPD,ISLE,2220,mains_2n,IT Power 2N + Direct Utility 2N,0.0114699889562478,0.20015912755987592,1.0,0.05
2026-08-02 08:00:00+00:00,2026-08-03 21:00:00+00:00,SEPD,ISLE,2220,ups_2n,IT Power 2N + UPS 2N,0.0114699889562478,0.09428862460909766,1.0,9.0
2026-08-02 08:00:00+00:00,2026-08-03 21:00:00+00:00,SEPD,ISLE,2220,ups_dr,IT Power 2N + UPS Distributed Redundancy,0.0114699889562478,0.1354238237308188,1.0,6.75
2026-08-02 12:00:00+00:00,2026-08-04 02:00:00+00:00,SEPD,ISLE,2280,hvdc_2n,IT Power 2N + HVDC 2N,0.0130090364039192,0.06995459329883373,1.0,8.9
2026-08-02 12:00:00+00:00,2026-08-04 02:00:00+00:00,SEPD,ISLE,2280,mains_2n,IT Power 2N + Direct Utility 2N,0.0130090364039192,0.20263444649345216,1.0,0.05
2026-08-02 12:00:00+00:00,2026-08-04 02:00:00+00:00,SEPD,ISLE,2280,ups_2n,IT Power 2N + UPS 2N,0.0130090364039192,0.09587767007104499,1.0,9.0
2026-08-02 12:00:00+00:00,2026-08-04 02:00:00+00:00,SEPD,ISLE,2280,ups_dr,IT Power 2N + UPS Distributed Redundancy,0.0130090364039192,0.1374182657207407,1.0,6.75
2026-08-01 01:00:00+00:00,2026-08-02 16:00:00+00:00,SEPD,ISLE,2340,hvdc_2n,IT Power 2N + HVDC 2N,0.0143526070851591,0.07105519122922693,1.0,8.9
2026-08-01 01:00:00+00:00,2026-08-02 16:00:00+00:00,SEPD,ISLE,2340,mains_2n,IT Power 2N + Direct Utility 2N,0.0143526070851591,0.2048139788602923,1.0,0.05
2026-08-01 01:00:00+00:00,2026-08-02 16:00:00+00:00,SEPD,ISLE,2340,ups_2n,IT Power 2N + UPS 2N,0.0143526070851591,0.09728441679186337,1.0,9.0
2026-08-01 01:00:00+00:00,2026-08-02 16:00:00+00:00,SEPD,ISLE,2340,ups_dr,IT Power 2N + UPS Distributed Redundancy,0.0143526070851591,0.13917952577997686,1.0,6.75
2026-08-01 12:00:00+00:00,2026-08-03 04:00:00+00:00,SEPD,ISLE,2400,hvdc_2n,IT Power 2N + HVDC 2N,0.0118984309958671,0.06905675492309137,1.0,8.9
2026-08-01 12:00:00+00:00,2026-08-03 04:00:00+00:00,SEPD,ISLE,2400,mains_2n,IT Power 2N + Direct Utility 2N,0.0118984309958671,0.20084592501628235,1.0,0.05
2026-08-01 12:00:00+00:00,2026-08-03 04:00:00+00:00,SEPD,ISLE,2400,ups_2n,IT Power 2N + UPS 2N,0.0118984309958671,0.09472859993672376,1.0,9.0
2026-08-01 12:00:00+00:00,2026-08-03 04:00:00+00:00,SEPD,ISLE,2400,ups_dr,IT Power 2N + UPS Distributed Redundancy,0.0118984309958671,0.1359765742252977,1.0,6.75
2026-07-30 20:00:00+00:00,2026-08-01 13:00:00+00:00,SEPD,ISLE,2460,hvdc_2n,IT Power 2N + HVDC 2N,0.0140699952469381,0.07082236706988794,1.0,8.9
2026-07-30 20:00:00+00:00,2026-08-01 13:00:00+00:00,SEPD,ISLE,2460,mains_2n,IT Power 2N + Direct Utility 2N,0.0140699952469381,0.20435408645066017,1.0,0.05
2026-07-30 20:00:00+00:00,2026-08-01 13:00:00+00:00,SEPD,ISLE,2460,ups_2n,IT Power 2N + UPS 2N,0.0140699952469381,0.09698699508056811,1.0,9.0
2026-07-30 20:00:00+00:00,2026-08-01 13:00:00+00:00,SEPD,ISLE,2460,ups_dr,IT Power 2N + UPS Distributed Redundancy,0.0140699952469381,0.13880749081874846,1.0,6.75
2026-08-02 03:00:00+00:00,2026-08-03 21:00:00+00:00,SEPD,ISLE,2520,hvdc_2n,IT Power 2N + HVDC 2N,0.0105509681095856,0.0679817633440831,1.0,8.9
2026-08-02 03:00:00+00:00,2026-08-03 21:00:00+00:00,SEPD,ISLE,2520,mains_2n,IT Power 2N + Direct Utility 2N,0.0105509681095856,0.19869187048944564,1.0,0.05
2026-08-02 03:00:00+00:00,2026-08-03 21:00:00+00:00,SEPD,ISLE,2520,ups_2n,IT Power 2N + UPS 2N,0.0105509681095856,0.0933510355600576,1.0,9.0
2026-08-02 03:00:00+00:00,2026-08-03 21:00:00+00:00,SEPD,ISLE,2520,ups_dr,IT Power 2N + UPS Distributed Redundancy,0.0105509681095856,0.1342445489454191,1.0,6.75
2026-08-02 07:00:00+00:00,2026-08-04 02:00:00+00:00,SEPD,ISLE,2580,hvdc_2n,IT Power 2N + HVDC 2N,0.0100814553690217,0.06761084933441215,1.0,8.9
2026-08-02 07:00:00+00:00,2026-08-04 02:00:00+00:00,SEPD,ISLE,2580,mains_2n,IT Power 2N + Direct Utility 2N,0.0100814553690217,0.19794540062699323,1.0,0.05
2026-08-02 07:00:00+00:00,2026-08-04 02:00:00+00:00,SEPD,ISLE,2580,ups_2n,IT Power 2N + UPS 2N,0.0100814553690217,0.09287527119768363,1.0,9.0
2026-08-02 07:00:00+00:00,2026-08-04 02:00:00+00:00,SEPD,ISLE,2580,ups_dr,IT Power 2N + UPS Distributed Redundancy,0.0100814553690217,0.13364543229206108,1.0,6.75
2026-07-31 19:00:00+00:00,2026-08-02 15:00:00+00:00,SEPD,ISLE,2640,hvdc_2n,IT Power 2N + HVDC 2N,0.0148958498169178,0.0715047172458164,1.0,8.9
2026-07-31 19:00:00+00:00,2026-08-02 15:00:00+00:00,SEPD,ISLE,2640,mains_2n,IT Power 2N + Direct Utility 2N,0.0148958498169178,0.2057001511578903,1.0,0.05
2026-07-31 19:00:00+00:00,2026-08-02 15:00:00+00:00,SEPD,ISLE,2640,ups_2n,IT Power 2N + UPS 2N,0.0148958498169178,0.09785841361170011,1.0,9.0
2026-07-31 19:00:00+00:00,2026-08-02 15:00:00+00:00,SEPD,ISLE,2640,ups_dr,IT Power 2N + UPS Distributed Redundancy,0.0148958498169178,0.13989700721364698,1.0,6.75
2026-07-31 03:00:00+00:00,2026-08-02 00:00:00+00:00,SEPD,ISLE,2700,hvdc_2n,IT Power 2N + HVDC 2N,0.0098697054771041,0.06744418226341832,1.0,8.9
2026-07-31 03:00:00+00:00,2026-08-02 00:00:00+00:00,SEPD,ISLE,2700,mains_2n,IT Power 2N + Direct Utility 2N,0.0098697054771041,0.19760943511503232,1.0,0.05
2026-07-31 03:00:00+00:00,2026-08-02 00:00:00+00:00,SEPD,ISLE,2700,ups_2n,IT Power 2N + UPS 2N,0.0098697054771041,0.09266141479154472,1.0,9.0
2026-07-31 03:00:00+00:00,2026-08-02 00:00:00+00:00,SEPD,ISLE,2700,ups_dr,IT Power 2N + UPS Distributed Redundancy,0.0098697054771041,0.1333759718381597,1.0,6.75
2026-08-01 17:00:00+00:00,2026-08-03 15:00:00+00:00,SEPD,ISLE,2760,hvdc_2n,IT Power 2N + HVDC 2N,0.0155714202841063,0.07206740415560749,1.0,8.9
2026-08-01 17:00:00+00:00,2026-08-03 15:00:00+00:00,SEPD,ISLE,2760,mains_2n,IT Power 2N + Direct Utility 2N,0.0155714202841063,0.20680614425581947,1.0,0.05
2026-08-01 17:00:00+00:00,2026-08-03 15:00:00+00:00,SEPD,ISLE,2760,ups_2n,IT Power 2N + UPS 2N,0.0155714202841063,0.09857644023289329,1.0,9.0
2026-08-01 17:00:00+00:00,2026-08-03 15:00:00+00:00,SEPD,ISLE,2760,ups_dr,IT Power 2N + UPS Distributed Redundancy,0.0155714202841063,0.14079357671267032,1.0,6.75
2026-08-02 00:00:00+00:00,2026-08-03 23:00:00+00:00,SEPD,ISLE,2820,hvdc_2n,IT Power 2N + HVDC 2N,0.0107470110347233,0.06813719441018741,1.0,8.9
2026-08-02 00:00:00+00:00,2026-08-03 23:00:00+00:00,SEPD,ISLE,2820,mains_2n,IT Power 2N + Direct Utility 2N,0.0107470110347233,0.19900418149774568,1.0,0.05
2026-08-02 00:00:00+00:00,2026-08-03 23:00:00+00:00,SEPD,ISLE,2820,ups_2n,IT Power 2N + UPS 2N,0.0107470110347233,0.09355033505361383,1.0,9.0
2026-08-02 00:00:00+00:00,2026-08-03 23:00:00+00:00,SEPD,ISLE,2820,ups_dr,IT Power 2N + UPS Distributed Redundancy,0.0107470110347233,0.13449537824568075,1.0,6.75
2026-08-01 06:00:00+00:00,2026-08-03 06:00:00+00:00,SEPD,ISLE,2880,hvdc_2n,IT Power 2N + HVDC 2N,0.0098680303617052,0.06744286531083167,1.0,8.9
2026-08-01 06:00:00+00:00,2026-08-03 06:00:00+00:00,SEPD,ISLE,2880,mains_2n,IT Power 2N + Direct Utility 2N,0.0098680303617052,0.1976067790664099,1.0,0.05
2026-08-01 06:00:00+00:00,2026-08-03 06:00:00+00:00,SEPD,ISLE,2880,ups_2n,IT Power 2N + UPS 2N,0.0098680303617052,0.0926597247758887,1.0,9.0
2026-08-01 06:00:00+00:00,2026-08-03 06:00:00+00:00,SEPD,ISLE,2880,ups_dr,IT Power 2N + UPS Distributed Redundancy,0.0098680303617052,0.13337384201862837,1.0,6.75
2026-08-04 00:00:00+00:00,2026-08-04 01:00:00+00:00,SEPD,MELK,60,hvdc_2n,IT Power 2N + HVDC 2N,0.003548515821724,0.06264116314624317,1.0,8.9
2026-08-04 00:00:00+00:00,2026-08-04 01:00:00+00:00,SEPD,MELK,60,mains_2n,IT Power 2N + Direct Utility 2N,0.003548515821724,0.18777776299030405,1.0,0.05
2026-08-04 00:00:00+00:00,2026-08-04 01:00:00+00:00,SEPD,MELK,60,ups_2n,IT Power 2N + UPS 2N,0.003548515821724,0.08647796857842414,1.0,9.0
2026-08-04 00:00:00+00:00,2026-08-04 01:00:00+00:00,SEPD,MELK,60,ups_dr,IT Power 2N + UPS Distributed Redundancy,0.003548515821724,0.12554173388622972,1.0,6.75
2026-07-31 20:00:00+00:00,2026-07-31 22:00:00+00:00,SEPD,MELK,120,hvdc_2n,IT Power 2N + HVDC 2N,0.0043292204803989,0.0632166250704253,1.0,8.9
2026-07-31 20:00:00+00:00,2026-07-31 22:00:00+00:00,SEPD,MELK,120,mains_2n,IT Power 2N + Direct Utility 2N,0.0043292204803989,0.18897137586818608,1.0,0.05
2026-07-31 20:00:00+00:00,2026-07-31 22:00:00+00:00,SEPD,MELK,120,ups_2n,IT Power 2N + UPS 2N,0.0043292204803989,0.0872209450908957,1.0,9.0
2026-07-31 20:00:00+00:00,2026-07-31 22:00:00+00:00,SEPD,MELK,120,ups_dr,IT Power 2N + UPS Distributed Redundancy,0.0043292204803989,0.12648754153772301,1.0,6.75
2026-08-03 18:00:00+00:00,2026-08-03 21:00:00+00:00,SEPD,MELK,180,hvdc_2n,IT Power 2N + HVDC 2N,0.0075275239974617,0.06562593116439926,1.0,8.9
2026-08-03 18:00:00+00:00,2026-08-03 21:00:00+00:00,SEPD,MELK,180,mains_2n,IT Power 2N + Direct Utility 2N,0.0075275239974617,0.19392195867519868,1.0,0.05
2026-08-03 18:00:00+00:00,2026-08-03 21:00:00+00:00,SEPD,MELK,180,ups_2n,IT Power 2N + UPS 2N,0.0075275239974617,0.09032527967827197,1.0,9.0
2026-08-03 18:00:00+00:00,2026-08-03 21:00:00+00:00,SEPD,MELK,180,ups_dr,IT Power 2N + UPS Distributed Redundancy,0.0075275239974617,0.13042602091456382,1.0,6.75
2026-08-02 02:00:00+00:00,2026-08-02 06:00:00+00:00,SEPD,MELK,240,hvdc_2n,IT Power 2N + HVDC 2N,0.0086201593675592,0.06646840985651595,1.0,8.9
2026-08-02 02:00:00+00:00,2026-08-02 06:00:00+00:00,SEPD,MELK,240,mains_2n,IT Power 2N + Direct Utility 2N,0.0086201593675592,0.1956356391637079,1.0,0.05
2026-08-02 02:00:00+00:00,2026-08-02 06:00:00+00:00,SEPD,MELK,240,ups_2n,IT Power 2N + UPS 2N,0.0086201593675592,0.09140842016058406,1.0,9.0
2026-08-02 02:00:00+00:00,2026-08-02 06:00:00+00:00,SEPD,MELK,240,ups_dr,IT Power 2N + UPS Distributed Redundancy,0.0086201593675592,0.13179522082362471,1.0,6.75
2026-08-03 21:00:00+00:00,2026-08-04 02:00:00+00:00,SEPD,MELK,300,hvdc_2n,IT Power 2N + HVDC 2N,0.0053146088839415,0.06394999861594947,1.0,8.9
2026-08-03 21:00:00+00:00,2026-08-04 02:00:00+00:00,SEPD,MELK,300,mains_2n,IT Power 2N + Direct Utility 2N,0.0053146088839415,0.19048622442148136,1.0,0.05
2026-08-03 21:00:00+00:00,2026-08-04 02:00:00+00:00,SEPD,MELK,300,ups_2n,IT Power 2N + UPS 2N,0.0053146088839415,0.08816695357574822,1.0,9.0
2026-08-03 21:00:00+00:00,2026-08-04 02:00:00+00:00,SEPD,MELK,300,ups_dr,IT Power 2N + UPS Distributed Redundancy,0.0053146088839415,0.12769001243127756,1.0,6.75
2026-08-02 12:00:00+00:00,2026-08-02 18:00:00+00:00,SEPD,MELK,360,hvdc_2n,IT Power 2N + HVDC 2N,0.0162626852166597,0.07264738813459914,1.0,8.9
2026-08-02 12:00:00+00:00,2026-08-02 18:00:00+00:00,SEPD,MELK,360,mains_2n,IT Power 2N + Direct Utility 2N,0.0162626852166597,0.20794237534984417,1.0,0.05
2026-08-02 12:00:00+00:00,2026-08-02 18:00:00+00:00,SEPD,MELK,360,ups_2n,IT Power 2N + UPS 2N,0.0162626852166597,0.0993160010111495,1.0,9.0
2026-08-02 12:00:00+00:00,2026-08-02 18:00:00+00:00,SEPD,MELK,360,ups_dr,IT Power 2N + UPS Distributed Redundancy,0.0162626852166597,0.14171594277218066,1.0,6.75
2026-08-02 21:00:00+00:00,2026-08-03 04:00:00+00:00,SEPD,MELK,420,hvdc_2n,IT Power 2N + HVDC 2N,0.0408449932792147,0.09626445945060934,1.0,8.9
2026-08-02 21:00:00+00:00,2026-08-03 04:00:00+00:00,SEPD,MELK,420,mains_2n,IT Power 2N + Direct Utility 2N,0.0408449932792147,0.2513265030250603,1.0,0.05
2026-08-02 21:00:00+00:00,2026-08-03 04:00:00+00:00,SEPD,MELK,420,ups_2n,IT Power 2N + UPS 2N,0.0408449932792147,0.12899657217260688,1.0,9.0
2026-08-02 21:00:00+00:00,2026-08-03 04:00:00+00:00,SEPD,MELK,420,ups_dr,IT Power 2N + UPS Distributed Redundancy,0.0408449932792147,0.1778905484767996,1.0,6.75
2026-07-31 16:00:00+00:00,2026-08-01 00:00:00+00:00,SEPD,MELK,480,hvdc_2n,IT Power 2N + HVDC 2N,0.0164731166551599,0.07282479636258377,1.0,8.9
2026-07-31 16:00:00+00:00,2026-08-01 00:00:00+00:00,SEPD,MELK,480,mains_2n,IT Power 2N + Direct Utility 2N,0.0164731166551599,0.20828917386915144,1.0,0.05
2026-07-31 16:00:00+00:00,2026-08-01 00:00:00+00:00,SEPD,MELK,480,ups_2n,IT Power 2N + UPS 2N,0.0164731166551599,0.09954211266755801,1.0,9.0
2026-07-31 16:00:00+00:00,2026-08-01 00:00:00+00:00,SEPD,MELK,480,ups_dr,IT Power 2N + UPS Distributed Redundancy,0.0164731166551599,0.14199772473929845,1.0,6.75
2026-08-03 04:00:00+00:00,2026-08-03 13:00:00+00:00,SEPD,MELK,540,hvdc_2n,IT Power 2N + HVDC 2N,0.0119001965661742,0.06905817374710807,1.0,8.9
2026-08-03 04:00:00+00:00,2026-08-03 13:00:00+00:00,SEPD,MELK,540,mains_2n,IT Power 2N + Direct Utility 2N,0.0119001965661742,0.20084875889234785,1.0,0.05
2026-08-03 04:00:00+00:00,2026-08-03 13:00:00+00:00,SEPD,MELK,540,ups_2n,IT Power 2N + UPS 2N,0.0119001965661742,0.09473041683205989,1.0,9.0
2026-08-03 04:00:00+00:00,2026-08-03 13:00:00+00:00,SEPD,MELK,540,ups_dr,IT Power 2N + UPS Distributed Redundancy,0.0119001965661742,0.1359788559875159,1.0,6.75
2026-08-03 09:00:00+00:00,2026-08-03 19:00:00+00:00,SEPD,MELK,600,hvdc_2n,IT Power 2N + HVDC 2N,0.0105145018022076,0.06795288760467823,1.0,8.9
2026-08-03 09:00:00+00:00,2026-08-03 19:00:00+00:00,SEPD,MELK,600,mains_2n,IT Power 2N + Direct Utility 2N,0.0105145018022076,0.19863381761682797,1.0,0.05
2026-08-03 09:00:00+00:00,2026-08-03 19:00:00+00:00,SEPD,MELK,600,ups_2n,IT Power 2N + UPS 2N,0.0105145018022076,0.09331400553018039,1.0,9.0
2026-08-03 09:00:00+00:00,2026-08-03 19:00:00+00:00,SEPD,MELK,600,ups_dr,IT Power 2N + UPS Distributed Redundancy,0.0105145018022076,0.13419793534495109,1.0,6.75
2026-08-02 10:00:00+00:00,2026-08-02 21:00:00+00:00,SEPD,MELK,660,hvdc_2n,IT Power 2N + HVDC 2N,0.0108361976041245,0.06820801422637637,1.0,8.9
2026-08-02 10:00:00+00:00,2026-08-02 21:00:00+00:00,SEPD,MELK,660,mains_2n,IT Power 2N + Direct Utility 2N,0.0108361976041245,0.19914638440718777,1.0,0.05
2026-08-02 10:00:00+00:00,2026-08-02 21:00:00+00:00,SEPD,MELK,660,ups_2n,IT Power 2N + UPS 2N,0.0108361976041245,0.09364112936977335,1.0,9.0
2026-08-02 10:00:00+00:00,2026-08-02 21:00:00+00:00,SEPD,MELK,660,ups_dr,IT Power 2N + UPS Distributed Redundancy,0.0108361976041245,0.1346096199354169,1.0,6.75
2026-08-01 13:00:00+00:00,2026-08-02 01:00:00+00:00,SEPD,MELK,720,hvdc_2n,IT Power 2N + HVDC 2N,0.0273748834005242,0.08257878062067209,1.0,8.9
2026-08-01 13:00:00+00:00,2026-08-02 01:00:00+00:00,SEPD,MELK,720,mains_2n,IT Power 2N + Direct Utility 2N,0.0273748834005242,0.22683823280413193,1.0,0.05
2026-08-01 13:00:00+00:00,2026-08-02 01:00:00+00:00,SEPD,MELK,720,ups_2n,IT Power 2N + UPS 2N,0.0273748834005242,0.11189774758404439,1.0,9.0
2026-08-01 13:00:00+00:00,2026-08-02 01:00:00+00:00,SEPD,MELK,720,ups_dr,IT Power 2N + UPS Distributed Redundancy,0.0273748834005242,0.15724432493440302,1.0,6.75
2026-07-29 17:00:00+00:00,2026-07-30 06:00:00+00:00,SEPD,MELK,780,hvdc_2n,IT Power 2N + HVDC 2N,0.0156728848363454,0.07215226657028098,1.0,8.9
2026-07-29 17:00:00+00:00,2026-07-30 06:00:00+00:00,SEPD,MELK,780,mains_2n,IT Power 2N + Direct Utility 2N,0.0156728848363454,0.2069726335459001,1.0,0.05
2026-07-29 17:00:00+00:00,2026-07-30 06:00:00+00:00,SEPD,MELK,780,ups_2n,IT Power 2N + UPS 2N,0.0156728848363454,0.0986846857427101,1.0,9.0
2026-07-29 17:00:00+00:00,2026-07-30 06:00:00+00:00,SEPD,MELK,780,ups_dr,IT Power 2N + UPS Distributed Redundancy,0.0156728848363454,0.14092864751816692,1.0,6.75
2026-08-03 06:00:00+00:00,2026-08-03 20:00:00+00:00,SEPD,MELK,840,hvdc_2n,IT Power 2N + HVDC 2N,0.0117531202246015,0.06894007469802037,1.0,8.9
2026-08-03 06:00:00+00:00,2026-08-03 20:00:00+00:00,SEPD,MELK,840,mains_2n,IT Power 2N + Direct Utility 2N,0.0117531202246015,0.20061279267435847,1.0,0.05
2026-08-03 06:00:00+00:00,2026-08-03 20:00:00+00:00,SEPD,MELK,840,ups_2n,IT Power 2N + UPS 2N,0.0117531202246015,0.09457917190971311,1.0,9.0
2026-08-03 06:00:00+00:00,2026-08-03 20:00:00+00:00,SEPD,MELK,840,ups_dr,IT Power 2N + UPS Distributed Redundancy,0.0117531202246015,0.13578889016615087,1.0,6.75
2026-08-02 22:00:00+00:00,2026-08-03 13:00:00+00:00,SEPD,MELK,900,hvdc_2n,IT Power 2N + HVDC 2N,0.0383456486287065,0.09358056807706999,1.0,8.9
2026-08-02 22:00:00+00:00,2026-08-03 13:00:00+00:00,SEPD,MELK,900,mains_2n,IT Power 2N + Direct Utility 2N,0.0383456486287065,0.2466529889855915,1.0,0.05
2026-08-02 22:00:00+00:00,2026-08-03 13:00:00+00:00,SEPD,MELK,900,ups_2n,IT Power 2N + UPS 2N,0.0383456486287065,0.12566409298361658,1.0,9.0
2026-08-02 22:00:00+00:00,2026-08-03 13:00:00+00:00,SEPD,MELK,900,ups_dr,IT Power 2N + UPS Distributed Redundancy,0.0383456486287065,0.17390539375312092,1.0,6.75
2026-08-03 06:00:00+00:00,2026-08-03 22:00:00+00:00,SEPD,MELK,960,hvdc_2n,IT Power 2N + HVDC 2N,0.0117817151860232,0.06896302116496739,1.0,8.9
2026-08-03 06:00:00+00:00,2026-08-03 22:00:00+00:00,SEPD,MELK,960,mains_2n,IT Power 2N + Direct Utility 2N,0.0117817151860232,0.20065865356777496,1.0,0.05
2026-08-03 06:00:00+00:00,2026-08-03 22:00:00+00:00,SEPD,MELK,960,ups_2n,IT Power 2N + UPS 2N,0.0117817151860232,0.09460856039252807,1.0,9.0
2026-08-03 06:00:00+00:00,2026-08-03 22:00:00+00:00,SEPD,MELK,960,ups_dr,IT Power 2N + UPS Distributed Redundancy,0.0117817151860232,0.13582580628506383,1.0,6.75
2026-08-03 07:00:00+00:00,2026-08-04 00:00:00+00:00,SEPD,MELK,1020,hvdc_2n,IT Power 2N + HVDC 2N,0.0140060829610539,0.07076981199686042,1.0,8.9
2026-08-03 07:00:00+00:00,2026-08-04 00:00:00+00:00,SEPD,MELK,1020,mains_2n,IT Power 2N + Direct Utility 2N,0.0140060829610539,0.20425018886747953,1.0,0.05
2026-08-03 07:00:00+00:00,2026-08-04 00:00:00+00:00,SEPD,MELK,1020,ups_2n,IT Power 2N + UPS 2N,0.0140060829610539,0.09691984618574857,1.0,9.0
2026-08-03 07:00:00+00:00,2026-08-04 00:00:00+00:00,SEPD,MELK,1020,ups_dr,IT Power 2N + UPS Distributed Redundancy,0.0140060829610539,0.1387234713563261,1.0,6.75
2026-07-31 01:00:00+00:00,2026-07-31 19:00:00+00:00,SEPD,MELK,1080,hvdc_2n,IT Power 2N + HVDC 2N,0.0133825140257441,0.0702589388692148,1.0,8.9
2026-07-31 01:00:00+00:00,2026-07-31 19:00:00+00:00,SEPD,MELK,1080,mains_2n,IT Power 2N + Direct Utility 2N,0.0133825140257441,0.20323855842950264,1.0,0.05
2026-07-31 01:00:00+00:00,2026-07-31 19:00:00+00:00,SEPD,MELK,1080,ups_2n,IT Power 2N + UPS 2N,0.0133825140257441,0.09626687386315602,1.0,9.0
2026-07-31 01:00:00+00:00,2026-07-31 19:00:00+00:00,SEPD,MELK,1080,ups_dr,IT Power 2N + UPS Distributed Redundancy,0.0133825140257441,0.13790596125240076,1.0,6.75
2026-08-02 10:00:00+00:00,2026-08-03 05:00:00+00:00,SEPD,MELK,1140,hvdc_2n,IT Power 2N + HVDC 2N,0.0109876898756006,0.06832846510981662,1.0,8.9
2026-08-02 10:00:00+00:00,2026-08-03 05:00:00+00:00,SEPD,MELK,1140,mains_2n,IT Power 2N + Direct Utility 2N,0.0109876898756006,0.19938810516353025,1.0,0.05
2026-08-02 10:00:00+00:00,2026-08-03 05:00:00+00:00,SEPD,MELK,1140,ups_2n,IT Power 2N + UPS 2N,0.0109876898756006,0.093795533665245,1.0,9.0
2026-08-02 10:00:00+00:00,2026-08-03 05:00:00+00:00,SEPD,MELK,1140,ups_dr,IT Power 2N + UPS Distributed Redundancy,0.0109876898756006,0.13480385862622699,1.0,6.75
2026-07-30 07:00:00+00:00,2026-07-31 03:00:00+00:00,SEPD,MELK,1200,hvdc_2n,IT Power 2N + HVDC 2N,0.0104239644720636,0.06788124503852973,1.0,8.9
2026-07-30 07:00:00+00:00,2026-07-31 03:00:00+00:00,SEPD,MELK,1200,mains_2n,IT Power 2N + Direct Utility 2N,0.0104239644720636,0.19848974104244407,1.0,0.05
2026-07-30 07:00:00+00:00,2026-07-31 03:00:00+00:00,SEPD,MELK,1200,ups_2n,IT Power 2N + UPS 2N,0.0104239644720636,0.09322212557420859,1.0,9.0
2026-07-30 07:00:00+00:00,2026-07-31 03:00:00+00:00,SEPD,MELK,1200,ups_dr,IT Power 2N + UPS Distributed Redundancy,0.0104239644720636,0.13408226378389185,1.0,6.75
2026-08-02 09:00:00+00:00,2026-08-03 06:00:00+00:00,SEPD,MELK,1260,hvdc_2n,IT Power 2N + HVDC 2N,0.0116209448641879,0.0688341003850712,1.0,8.9
2026-08-02 09:00:00+00:00,2026-08-03 06:00:00+00:00,SEPD,MELK,1260,mains_2n,IT Power 2N + Direct Utility 2N,0.0116209448641879,0.20040091049352093,1.0,0.05
2026-08-02 09:00:00+00:00,2026-08-03 06:00:00+00:00,SEPD,MELK,1260,ups_2n,IT Power 2N + UPS 2N,0.0116209448641879,0.09444343484062796,1.0,9.0
2026-08-02 09:00:00+00:00,2026-08-03 06:00:00+00:00,SEPD,MELK,1260,ups_dr,IT Power 2N + UPS Distributed Redundancy,0.0116209448641879,0.13561836154454218,1.0,6.75
2026-07-30 16:00:00+00:00,2026-07-31 14:00:00+00:00,SEPD,MELK,1320,hvdc_2n,IT Power 2N + HVDC 2N,0.0122252098258482,0.0693198167612594,1.0,8.9
2026-07-30 16:00:00+00:00,2026-07-31 14:00:00+00:00,SEPD,MELK,1320,mains_2n,IT Power 2N + Direct Utility 2N,0.0122252098258482,0.20137094016118856,1.0,0.05
2026-07-30 16:00:00+00:00,2026-07-31 14:00:00+00:00,SEPD,MELK,1320,ups_2n,IT Power 2N + UPS 2N,0.0122252098258482,0.095065410151764,1.0,9.0
2026-07-30 16:00:00+00:00,2026-07-31 14:00:00+00:00,SEPD,MELK,1320,ups_dr,IT Power 2N + UPS Distributed Redundancy,0.0122252098258482,0.1363994418074458,1.0,6.75
2026-08-01 18:00:00+00:00,2026-08-02 17:00:00+00:00,SEPD,MELK,1380,hvdc_2n,IT Power 2N + HVDC 2N,0.0262703428534981,0.08153879745861113,1.0,8.9
2026-08-01 18:00:00+00:00,2026-08-02 17:00:00+00:00,SEPD,MELK,1380,mains_2n,IT Power 2N + Direct Utility 2N,0.0262703428534981,0.22490690713135542,1.0,0.05
2026-08-01 18:00:00+00:00,2026-08-02 17:00:00+00:00,SEPD,MELK,1380,ups_2n,IT Power 2N + UPS 2N,0.0262703428534981,0.11058732136535349,1.0,9.0
2026-08-01 18:00:00+00:00,2026-08-02 17:00:00+00:00,SEPD,MELK,1380,ups_dr,IT Power 2N + UPS Distributed Redundancy,0.0262703428534981,0.15564092874807472,1.0,6.75
2026-08-02 17:00:00+00:00,2026-08-03 17:00:00+00:00,SEPD,MELK,1440,hvdc_2n,IT Power 2N + HVDC 2N,0.0144140105046226,0.07110587060783018,1.0,8.9
2026-08-02 17:00:00+00:00,2026-08-03 17:00:00+00:00,SEPD,MELK,1440,mains_2n,IT Power 2N + Direct Utility 2N,0.0144140105046226,0.20491400179658967,1.0,0.05
2026-08-02 17:00:00+00:00,2026-08-03 17:00:00+00:00,SEPD,MELK,1440,ups_2n,IT Power 2N + UPS 2N,0.0144140105046226,0.0973491454931147,1.0,9.0
2026-08-02 17:00:00+00:00,2026-08-03 17:00:00+00:00,SEPD,MELK,1440,ups_dr,IT Power 2N + UPS Distributed Redundancy,0.0144140105046226,0.13926046872870487,1.0,6.75
2026-08-03 01:00:00+00:00,2026-08-04 02:00:00+00:00,SEPD,MELK,1500,hvdc_2n,IT Power 2N + HVDC 2N,0.0098135063878876,0.06740001233916354,1.0,8.9
2026-08-03 01:00:00+00:00,2026-08-04 02:00:00+00:00,SEPD,MELK,1500,mains_2n,IT Power 2N + Direct Utility 2N,0.0098135063878876,0.19752034101243013,1.0,0.05
2026-08-03 01:00:00+00:00,2026-08-04 02:00:00+00:00,SEPD,MELK,1500,ups_2n,IT Power 2N + UPS 2N,0.0098135063878876,0.09260473091710264,1.0,9.0
2026-08-03 01:00:00+00:00,2026-08-04 02:00:00+00:00,SEPD,MELK,1500,ups_dr,IT Power 2N + UPS Distributed Redundancy,0.0098135063878876,0.13330453341615026,1.0,6.75
2026-08-02 13:00:00+00:00,2026-08-03 15:00:00+00:00,SEPD,MELK,1560,hvdc_2n,IT Power 2N + HVDC 2N,0.0155155952248789,0.07202075273971306,1.0,8.9
2026-08-02 13:00:00+00:00,2026-08-03 15:00:00+00:00,SEPD,MELK,1560,mains_2n,IT Power 2N + Direct Utility 2N,0.0155155952248789,0.2067145852891461,1.0,0.05
2026-08-02 13:00:00+00:00,2026-08-03 15:00:00+00:00,SEPD,MELK,1560,ups_2n,IT Power 2N + UPS 2N,0.0155155952248789,0.098516929446961,1.0,9.0
2026-08-02 13:00:00+00:00,2026-08-03 15:00:00+00:00,SEPD,MELK,1560,ups_dr,IT Power 2N + UPS Distributed Redundancy,0.0155155952248789,0.14071930790787446,1.0,6.75
2026-08-02 05:00:00+00:00,2026-08-03 08:00:00+00:00,SEPD,MELK,1620,hvdc_2n,IT Power 2N + HVDC 2N,0.0094320852364046,0.0671009411887061,1.0,8.9
2026-08-02 05:00:00+00:00,2026-08-03 08:00:00+00:00,SEPD,MELK,1620,mains_2n,IT Power 2N + Direct Utility 2N,0.0094320852364046,0.19691646282814598,1.0,0.05
2026-08-02 05:00:00+00:00,2026-08-03 08:00:00+00:00,SEPD,MELK,1620,ups_2n,IT Power 2N + UPS 2N,0.0094320852364046,0.09222084172514283,1.0,9.0
2026-08-02 05:00:00+00:00,2026-08-03 08:00:00+00:00,SEPD,MELK,1620,ups_dr,IT Power 2N + UPS Distributed Redundancy,0.0094320852364046,0.13282053871274618,1.0,6.75
2026-08-02 19:00:00+00:00,2026-08-03 23:00:00+00:00,SEPD,MELK,1680,hvdc_2n,IT Power 2N + HVDC 2N,0.0367087726068668,0.09185937687705478,1.0,8.9
2026-08-02 19:00:00+00:00,2026-08-03 23:00:00+00:00,SEPD,MELK,1680,mains_2n,IT Power 2N + Direct Utility 2N,0.0367087726068668,0.24362405158779202,1.0,0.05
2026-08-02 19:00:00+00:00,2026-08-03 23:00:00+00:00,SEPD,MELK,1680,ups_2n,IT Power 2N + UPS 2N,0.0367087726068668,0.12352173991087154,1.0,9.0
2026-08-02 19:00:00+00:00,2026-08-03 23:00:00+00:00,SEPD,MELK,1680,ups_dr,IT Power 2N + UPS Distributed Redundancy,0.0367087726068668,0.17133383100889496,1.0,6.75
2026-08-01 18:00:00+00:00,2026-08-02 23:00:00+00:00,SEPD,MELK,1740,hvdc_2n,IT Power 2N + HVDC 2N,0.02472927787746,0.0801077436357732,1.0,8.9
2026-08-01 18:00:00+00:00,2026-08-02 23:00:00+00:00,SEPD,MELK,1740,mains_2n,IT Power 2N + Direct Utility 2N,0.02472927787746,0.2222318577020403,1.0,0.05
2026-08-01 18:00:00+00:00,2026-08-02 23:00:00+00:00,SEPD,MELK,1740,ups_2n,IT Power 2N + UPS 2N,0.02472927787746,0.10878146886179761,1.0,9.0
2026-08-01 18:00:00+00:00,2026-08-02 23:00:00+00:00,SEPD,MELK,1740,ups_dr,IT Power 2N + UPS Distributed Redundancy,0.02472927787746,0.15342616977352416,1.0,6.75
2026-08-01 05:00:00+00:00,2026-08-02 11:00:00+00:00,SEPD,MELK,1800,hvdc_2n,IT Power 2N + HVDC 2N,0.0265055015467187,0.08175920700100014,1.0,8.9
2026-08-01 05:00:00+00:00,2026-08-02 11:00:00+00:00,SEPD,MELK,1800,mains_2n,IT Power 2N + Direct Utility 2N,0.0265055015467187,0.2253171098517833,1.0,0.05
2026-08-01 05:00:00+00:00,2026-08-02 11:00:00+00:00,SEPD,MELK,1800,ups_2n,IT Power 2N + UPS 2N,0.0265055015467187,0.11086518272258616,1.0,9.0
2026-08-01 05:00:00+00:00,2026-08-02 11:00:00+00:00,SEPD,MELK,1800,ups_dr,IT Power 2N + UPS Distributed Redundancy,0.0265055015467187,0.15598117354821261,1.0,6.75
2026-07-27 06:00:00+00:00,2026-07-28 13:00:00+00:00,SEPD,MELK,1860,hvdc_2n,IT Power 2N + HVDC 2N,0.0131991438968717,0.0701093585579773,1.0,8.9
2026-07-27 06:00:00+00:00,2026-07-28 13:00:00+00:00,SEPD,MELK,1860,mains_2n,IT Power 2N + Direct Utility 2N,0.0131991438968717,0.20294178390588016,1.0,0.05
2026-07-27 06:00:00+00:00,2026-07-28 13:00:00+00:00,SEPD,MELK,1860,ups_2n,IT Power 2N + UPS 2N,0.0131991438968717,0.09607560640800362,1.0,9.0
2026-07-27 06:00:00+00:00,2026-07-28 13:00:00+00:00,SEPD,MELK,1860,ups_dr,IT Power 2N + UPS Distributed Redundancy,0.0131991438968717,0.13766633095300132,1.0,6.75
2026-07-29 07:00:00+00:00,2026-07-30 15:00:00+00:00,SEPD,MELK,1920,hvdc_2n,IT Power 2N + HVDC 2N,0.0124648977730529,0.06951335844490529,1.0,8.9
2026-07-29 07:00:00+00:00,2026-07-30 15:00:00+00:00,SEPD,MELK,1920,mains_2n,IT Power 2N + Direct Utility 2N,0.0124648977730529,0.20175668388097395,1.0,0.05
2026-07-29 07:00:00+00:00,2026-07-30 15:00:00+00:00,SEPD,MELK,1920,ups_2n,IT Power 2N + UPS 2N,0.0124648977730529,0.09531313694043159,1.0,9.0
2026-07-29 07:00:00+00:00,2026-07-30 15:00:00+00:00,SEPD,MELK,1920,ups_dr,IT Power 2N + UPS Distributed Redundancy,0.0124648977730529,0.13671031314084403,1.0,6.75
2026-08-02 12:00:00+00:00,2026-08-03 21:00:00+00:00,SEPD,MELK,1980,hvdc_2n,IT Power 2N + HVDC 2N,0.0141675247114618,0.07090263503886365,1.0,8.9
2026-08-02 12:00:00+00:00,2026-08-03 21:00:00+00:00,SEPD,MELK,1980,mains_2n,IT Power 2N + Direct Utility 2N,0.0141675247114618,0.20451270873939006,1.0,0.05
2026-08-02 12:00:00+00:00,2026-08-03 21:00:00+00:00,SEPD,MELK,1980,ups_2n,IT Power 2N + UPS 2N,0.0141675247114618,0.09708954360981478,1.0,9.0
2026-08-02 12:00:00+00:00,2026-08-03 21:00:00+00:00,SEPD,MELK,1980,ups_dr,IT Power 2N + UPS Distributed Redundancy,0.0141675247114618,0.1389357858835748,1.0,6.75
2026-08-01 10:00:00+00:00,2026-08-02 20:00:00+00:00,SEPD,MELK,2040,hvdc_2n,IT Power 2N + HVDC 2N,0.0245402901263011,0.07993383371628991,1.0,8.9
2026-08-01 10:00:00+00:00,2026-08-02 20:00:00+00:00,SEPD,MELK,2040,mains_2n,IT Power 2N + Direct Utility 2N,0.0245402901263011,0.22190537357407444,1.0,0.05
2026-08-01 10:00:00+00:00,2026-08-02 20:00:00+00:00,SEPD,MELK,2040,ups_2n,IT Power 2N + UPS 2N,0.0245402901263011,0.10856179989989777,1.0,9.0
2026-08-01 10:00:00+00:00,2026-08-02 20:00:00+00:00,SEPD,MELK,2040,ups_dr,IT Power 2N + UPS Distributed Redundancy,0.0245402901263011,0.15315634757259797,1.0,6.75
2026-08-02 08:00:00+00:00,2026-08-03 19:00:00+00:00,SEPD,MELK,2100,hvdc_2n,IT Power 2N + HVDC 2N,0.0102784637707076,0.0677662564245339,1.0,8.9
2026-08-02 08:00:00+00:00,2026-08-03 19:00:00+00:00,SEPD,MELK,2100,mains_2n,IT Power 2N + Direct Utility 2N,0.0102784637707076,0.19825836324755158,1.0,0.05
2026-08-02 08:00:00+00:00,2026-08-03 19:00:00+00:00,SEPD,MELK,2100,ups_2n,IT Power 2N + UPS 2N,0.0102784637707076,0.09307463719753223,1.0,9.0
2026-08-02 08:00:00+00:00,2026-08-03 19:00:00+00:00,SEPD,MELK,2100,ups_dr,IT Power 2N + UPS Distributed Redundancy,0.0102784637707076,0.13389654690504388,1.0,6.75
2026-08-02 13:00:00+00:00,2026-08-04 01:00:00+00:00,SEPD,MELK,2160,hvdc_2n,IT Power 2N + HVDC 2N,0.0131679448298932,0.07008393790627788,1.0,8.9
2026-08-02 13:00:00+00:00,2026-08-04 01:00:00+00:00,SEPD,MELK,2160,mains_2n,IT Power 2N + Direct Utility 2N,0.0131679448298932,0.20289132209041172,1.0,0.05
2026-08-02 13:00:00+00:00,2026-08-04 01:00:00+00:00,SEPD,MELK,2160,ups_2n,IT Power 2N + UPS 2N,0.0131679448298932,0.09604309749732844,1.0,9.0
2026-08-02 13:00:00+00:00,2026-08-04 01:00:00+00:00,SEPD,MELK,2160,ups_dr,IT Power 2N + UPS Distributed Redundancy,0.0131679448298932,0.13762559448536846,1.0,6.75
2026-08-02 00:00:00+00:00,2026-08-03 13:00:00+00:00,SEPD,MELK,2220,hvdc_2n,IT Power 2N + HVDC 2N,0.0252754285579544,0.08061226432438437,1.0,8.9
2026-08-02 00:00:00+00:00,2026-08-03 13:00:00+00:00,SEPD,MELK,2220,mains_2n,IT Power 2N + Direct Utility 2N,0.0252754285579544,0.22317728296727968,1.0,0.05
2026-08-02 00:00:00+00:00,2026-08-03 13:00:00+00:00,SEPD,MELK,2220,ups_2n,IT Power 2N + UPS 2N,0.0252754285579544,0.10941847885013249,1.0,9.0
2026-08-02 00:00:00+00:00,2026-08-03 13:00:00+00:00,SEPD,MELK,2220,ups_dr,IT Power 2N + UPS Distributed Redundancy,0.0252754285579544,0.15420810958194814,1.0,6.75
2026-08-02 04:00:00+00:00,2026-08-03 18:00:00+00:00,SEPD,MELK,2280,hvdc_2n,IT Power 2N + HVDC 2N,0.0111586834474207,0.0684646581818569,1.0,8.9
2026-08-02 04:00:00+00:00,2026-08-03 18:00:00+00:00,SEPD,MELK,2280,mains_2n,IT Power 2N + Direct Utility 2N,0.0111586834474207,0.19966120677277666,1.0,0.05
2026-08-02 04:00:00+00:00,2026-08-03 18:00:00+00:00,SEPD,MELK,2280,ups_2n,IT Power 2N + UPS 2N,0.0111586834474207,0.09397008829423835,1.0,9.0
2026-08-02 04:00:00+00:00,2026-08-03 18:00:00+00:00,SEPD,MELK,2280,ups_dr,IT Power 2N + UPS Distributed Redundancy,0.0111586834474207,0.13502338548428625,1.0,6.75
2026-07-27 12:00:00+00:00,2026-07-29 03:00:00+00:00,SEPD,MELK,2340,hvdc_2n,IT Power 2N + HVDC 2N,0.0101247896728949,0.06764500456018555,1.0,8.9
2026-07-27 12:00:00+00:00,2026-07-29 03:00:00+00:00,SEPD,MELK,2340,mains_2n,IT Power 2N + Direct Utility 2N,0.0101247896728949,0.19801420848149143,1.0,0.05
2026-07-27 12:00:00+00:00,2026-07-29 03:00:00+00:00,SEPD,MELK,2340,ups_2n,IT Power 2N + UPS 2N,0.0101247896728949,0.09291909117171761,1.0,9.0
2026-07-27 12:00:00+00:00,2026-07-29 03:00:00+00:00,SEPD,MELK,2340,ups_dr,IT Power 2N + UPS Distributed Redundancy,0.0101247896728949,0.1337006336980814,1.0,6.75
2026-07-31 19:00:00+00:00,2026-08-02 11:00:00+00:00,SEPD,MELK,2400,hvdc_2n,IT Power 2N + HVDC 2N,0.0134228122172956,0.07029185078639684,1.0,8.9
2026-07-31 19:00:00+00:00,2026-08-02 11:00:00+00:00,SEPD,MELK,2400,mains_2n,IT Power 2N + Direct Utility 2N,0.0134228122172956,0.20330382216166681,1.0,0.05
2026-07-31 19:00:00+00:00,2026-08-02 11:00:00+00:00,SEPD,MELK,2400,ups_2n,IT Power 2N + UPS 2N,0.0134228122172956,0.09630895317834574,1.0,9.0
2026-07-31 19:00:00+00:00,2026-08-02 11:00:00+00:00,SEPD,MELK,2400,ups_dr,IT Power 2N + UPS Distributed Redundancy,0.0134228122172956,0.13795867035601736,1.0,6.75
2026-07-29 09:00:00+00:00,2026-07-31 02:00:00+00:00,SEPD,MELK,2460,hvdc_2n,IT Power 2N + HVDC 2N,0.0161196621063609,0.07252703723558679,1.0,8.9
2026-07-29 09:00:00+00:00,2026-07-31 02:00:00+00:00,SEPD,MELK,2460,mains_2n,IT Power 2N + Direct Utility 2N,0.0161196621063609,0.20770691133067626,1.0,0.05
2026-07-29 09:00:00+00:00,2026-07-31 02:00:00+00:00,SEPD,MELK,2460,ups_2n,IT Power 2N + UPS 2N,0.0161196621063609,0.09916258154246374,1.0,9.0
2026-07-29 09:00:00+00:00,2026-07-31 02:00:00+00:00,SEPD,MELK,2460,ups_dr,IT Power 2N + UPS Distributed Redundancy,0.0161196621063609,0.14152469171735674,1.0,6.75
2026-07-31 18:00:00+00:00,2026-08-02 12:00:00+00:00,SEPD,MELK,2520,hvdc_2n,IT Power 2N + HVDC 2N,0.013230376528445,0.07013481509658953,1.0,8.9
2026-07-31 18:00:00+00:00,2026-08-02 12:00:00+00:00,SEPD,MELK,2520,mains_2n,IT Power 2N + Direct Utility 2N,0.013230376528445,0.2029923093787111,1.0,0.05
2026-07-31 18:00:00+00:00,2026-08-02 12:00:00+00:00,SEPD,MELK,2520,ups_2n,IT Power 2N + UPS 2N,0.013230376528445,0.09610816014209797,1.0,9.0
2026-07-31 18:00:00+00:00,2026-08-02 12:00:00+00:00,SEPD,MELK,2520,ups_dr,IT Power 2N + UPS Distributed Redundancy,0.013230376528445,0.13770712139447094,1.0,6.75
2026-08-01 22:00:00+00:00,2026-08-03 17:00:00+00:00,SEPD,MELK,2580,hvdc_2n,IT Power 2N + HVDC 2N,0.0237240407592044,0.07918666028471975,1.0,8.9
2026-08-01 22:00:00+00:00,2026-08-03 17:00:00+00:00,SEPD,MELK,2580,mains_2n,IT Power 2N + Direct Utility 2N,0.0237240407592044,0.22049920956093297,1.0,0.05
2026-08-01 22:00:00+00:00,2026-08-03 17:00:00+00:00,SEPD,MELK,2580,ups_2n,IT Power 2N + UPS 2N,0.0237240407592044,0.10761750648508628,1.0,9.0
2026-08-01 22:00:00+00:00,2026-08-03 17:00:00+00:00,SEPD,MELK,2580,ups_dr,IT Power 2N + UPS Distributed Redundancy,0.0237240407592044,0.1519954324070419,1.0,6.75
2026-08-01 20:00:00+00:00,2026-08-03 16:00:00+00:00,SEPD,MELK,2640,hvdc_2n,IT Power 2N + HVDC 2N,0.0238444823408675,0.07929650653629194,1.0,8.9
2026-08-01 20:00:00+00:00,2026-08-03 16:00:00+00:00,SEPD,MELK,2640,mains_2n,IT Power 2N + Direct Utility 2N,0.0238444823408675,0.22070629340488546,1.0,0.05
2026-08-01 20:00:00+00:00,2026-08-03 16:00:00+00:00,SEPD,MELK,2640,ups_2n,IT Power 2N + UPS 2N,0.0238444823408675,0.10775638592300575,1.0,9.0
2026-08-01 20:00:00+00:00,2026-08-03 16:00:00+00:00,SEPD,MELK,2640,ups_dr,IT Power 2N + UPS Distributed Redundancy,0.0238444823408675,0.1521662757578793,1.0,6.75
2026-08-01 15:00:00+00:00,2026-08-03 12:00:00+00:00,SEPD,MELK,2700,hvdc_2n,IT Power 2N + HVDC 2N,0.028520396293057,0.08367007859834917,1.0,8.9
2026-08-01 15:00:00+00:00,2026-08-03 12:00:00+00:00,SEPD,MELK,2700,mains_2n,IT Power 2N + Direct Utility 2N,0.028520396293057,0.22885354775018488,1.0,0.05
2026-08-01 15:00:00+00:00,2026-08-03 12:00:00+00:00,SEPD,MELK,2700,ups_2n,IT Power 2N + UPS 2N,0.028520396293057,0.11327109936284951,1.0,9.0
2026-08-01 15:00:00+00:00,2026-08-03 12:00:00+00:00,SEPD,MELK,2700,ups_dr,IT Power 2N + UPS Distributed Redundancy,0.028520396293057,0.15892136452847558,1.0,6.75
2026-07-31 20:00:00+00:00,2026-08-02 18:00:00+00:00,SEPD,MELK,2760,hvdc_2n,IT Power 2N + HVDC 2N,0.0117903699658257,0.06896996772026791,1.0,8.9
2026-07-31 20:00:00+00:00,2026-08-02 18:00:00+00:00,SEPD,MELK,2760,mains_2n,IT Power 2N + Direct Utility 2N,0.0117903699658257,0.2006725357405634,1.0,0.05
2026-07-31 20:00:00+00:00,2026-08-02 18:00:00+00:00,SEPD,MELK,2760,ups_2n,IT Power 2N + UPS 2N,0.0117903699658257,0.09461745695785435,1.0,9.0
2026-07-31 20:00:00+00:00,2026-08-02 18:00:00+00:00,SEPD,MELK,2760,ups_dr,IT Power 2N + UPS Distributed Redundancy,0.0117903699658257,0.13583698128038554,1.0,6.75
2026-07-29 09:00:00+00:00,2026-07-31 08:00:00+00:00,SEPD,MELK,2820,hvdc_2n,IT Power 2N + HVDC 2N,0.0176679136486387,0.07383968106187276,1.0,8.9
2026-07-29 09:00:00+00:00,2026-07-31 08:00:00+00:00,SEPD,MELK,2820,mains_2n,IT Power 2N + Direct Utility 2N,0.0176679136486387,0.2102663189153958,1.0,0.05
2026-07-29 09:00:00+00:00,2026-07-31 08:00:00+00:00,SEPD,MELK,2820,ups_2n,IT Power 2N + UPS 2N,0.0176679136486387,0.10083463742985074,1.0,9.0
2026-07-29 09:00:00+00:00,2026-07-31 08:00:00+00:00,SEPD,MELK,2820,ups_dr,IT Power 2N + UPS Distributed Redundancy,0.0176679136486387,0.1436065118921313,1.0,6.75
2026-08-01 23:00:00+00:00,2026-08-03 23:00:00+00:00,SEPD,MELK,2880,hvdc_2n,IT Power 2N + HVDC 2N,0.0244077006389617,0.07981202834053587,1.0,8.9
2026-08-01 23:00:00+00:00,2026-08-03 23:00:00+00:00,SEPD,MELK,2880,mains_2n,IT Power 2N + Direct Utility 2N,0.0244077006389617,0.22167652450108963,1.0,0.05
2026-08-01 23:00:00+00:00,2026-08-03 23:00:00+00:00,SEPD,MELK,2880,ups_2n,IT Power 2N + UPS 2N,0.0244077006389617,0.10840791779291152,1.0,9.0
2026-08-01 23:00:00+00:00,2026-08-03 23:00:00+00:00,SEPD,MELK,2880,ups_dr,IT Power 2N + UPS Distributed Redundancy,0.0244077006389617,0.15296727858539408,1.0,6.75
2026-08-02 22:00:00+00:00,2026-08-02 23:00:00+00:00,SEPD,NEWB,60,hvdc_2n,IT Power 2N + HVDC 2N,0.0247459045659996,0.08012306033332377,1.0,8.9
2026-08-02 22:00:00+00:00,2026-08-02 23:00:00+00:00,SEPD,NEWB,60,mains_2n,IT Power 2N + Direct Utility 2N,0.0247459045659996,0.2222605974056616,1.0,0.05
2026-08-02 22:00:00+00:00,2026-08-02 23:00:00+00:00,SEPD,NEWB,60,ups_2n,IT Power 2N + UPS 2N,0.0247459045659996,0.10880081347425301,1.0,9.0
2026-08-02 22:00:00+00:00,2026-08-02 23:00:00+00:00,SEPD,NEWB,60,ups_dr,IT Power 2N + UPS Distributed Redundancy,0.0247459045659996,0.15344992670017693,1.0,6.75
2026-08-03 11:00:00+00:00,2026-08-03 13:00:00+00:00,SEPD,NEWB,120,hvdc_2n,IT Power 2N + HVDC 2N,0.0083049509634771,0.06622434214075436,1.0,8.9
2026-08-03 11:00:00+00:00,2026-08-03 13:00:00+00:00,SEPD,NEWB,120,mains_2n,IT Power 2N + Direct Utility 2N,0.0083049509634771,0.19514009568205365,1.0,0.05
2026-08-03 11:00:00+00:00,2026-08-03 13:00:00+00:00,SEPD,NEWB,120,ups_2n,IT Power 2N + UPS 2N,0.0083049509634771,0.09109475755572845,1.0,9.0
2026-08-03 11:00:00+00:00,2026-08-03 13:00:00+00:00,SEPD,NEWB,120,ups_dr,IT Power 2N + UPS Distributed Redundancy,0.0083049509634771,0.13139898131692165,1.0,6.75
2026-08-01 00:00:00+00:00,2026-08-01 03:00:00+00:00,SEPD,NEWB,180,hvdc_2n,IT Power 2N + HVDC 2N,0.0047471471829513,0.06352670362227227,1.0,8.9
2026-08-01 00:00:00+00:00,2026-08-01 03:00:00+00:00,SEPD,NEWB,180,mains_2n,IT Power 2N + Direct Utility 2N,0.0047471471829513,0.18961272806867466,1.0,0.05
2026-08-01 00:00:00+00:00,2026-08-01 03:00:00+00:00,SEPD,NEWB,180,ups_2n,IT Power 2N + UPS 2N,0.0047471471829513,0.08762104355963819,1.0,9.0
2026-08-01 00:00:00+00:00,2026-08-01 03:00:00+00:00,SEPD,NEWB,180,ups_dr,IT Power 2N + UPS Distributed Redundancy,0.0047471471829513,0.1269963511020673,1.0,6.75
2026-08-02 07:00:00+00:00,2026-08-02 11:00:00+00:00,SEPD,NEWB,240,hvdc_2n,IT Power 2N + HVDC 2N,0.0214586319610722,0.0771462998178026,1.0,8.9
2026-08-02 07:00:00+00:00,2026-08-02 11:00:00+00:00,SEPD,NEWB,240,mains_2n,IT Power 2N + Direct Utility 2N,0.0214586319610722,0.21663010459800944,1.0,0.05
2026-08-02 07:00:00+00:00,2026-08-02 11:00:00+00:00,SEPD,NEWB,240,ups_2n,IT Power 2N + UPS 2N,0.0214586319610722,0.10503448928002018,1.0,9.0
2026-08-02 07:00:00+00:00,2026-08-02 11:00:00+00:00,SEPD,NEWB,240,ups_dr,IT Power 2N + UPS Distributed Redundancy,0.0214586319610722,0.14881126634715577,1.0,6.75
2026-08-03 01:00:00+00:00,2026-08-03 06:00:00+00:00,SEPD,NEWB,300,hvdc_2n,IT Power 2N + HVDC 2N,0.007566279165353,0.06565564284928008,1.0,8.9
2026-08-03 01:00:00+00:00,2026-08-03 06:00:00+00:00,SEPD,NEWB,300,mains_2n,IT Power 2N + Direct Utility 2N,0.007566279165353,0.1939825464798226,1.0,0.05
2026-08-03 01:00:00+00:00,2026-08-03 06:00:00+00:00,SEPD,NEWB,300,ups_2n,IT Power 2N + UPS 2N,0.007566279165353,0.09036349953486812,1.0,9.0
2026-08-03 01:00:00+00:00,2026-08-03 06:00:00+00:00,SEPD,NEWB,300,ups_dr,IT Power 2N + UPS Distributed Redundancy,0.007566279165353,0.13047437815517718,1.0,6.75
2026-08-02 04:00:00+00:00,2026-08-02 10:00:00+00:00,SEPD,NEWB,360,hvdc_2n,IT Power 2N + HVDC 2N,0.0205061112316752,0.07630287526197865,1.0,8.9
2026-08-02 04:00:00+00:00,2026-08-02 10:00:00+00:00,SEPD,NEWB,360,mains_2n,IT Power 2N + Direct Utility 2N,0.0205061112316752,0.2150180260514095,1.0,0.05
2026-08-02 04:00:00+00:00,2026-08-02 10:00:00+00:00,SEPD,NEWB,360,ups_2n,IT Power 2N + UPS 2N,0.0205061112316752,0.10396486077374377,1.0,9.0
2026-08-02 04:00:00+00:00,2026-08-02 10:00:00+00:00,SEPD,NEWB,360,ups_dr,IT Power 2N + UPS Distributed Redundancy,0.0205061112316752,0.14748896719811233,1.0,6.75
2026-08-02 10:00:00+00:00,2026-08-02 17:00:00+00:00,SEPD,NEWB,420,hvdc_2n,IT Power 2N + HVDC 2N,0.0206853770641573,0.07646096015757285,1.0,8.9
2026-08-02 10:00:00+00:00,2026-08-02 17:00:00+00:00,SEPD,NEWB,420,mains_2n,IT Power 2N + Direct Utility 2N,0.0206853770641573,0.21532075495454298,1.0,0.05
2026-08-02 10:00:00+00:00,2026-08-02 17:00:00+00:00,SEPD,NEWB,420,ups_2n,IT Power 2N + UPS 2N,0.0206853770641573,0.10416542818632844,1.0,9.0
2026-08-02 10:00:00+00:00,2026-08-02 17:00:00+00:00,SEPD,NEWB,420,ups_dr,IT Power 2N + UPS Distributed Redundancy,0.0206853770641573,0.14773708138823663,1.0,6.75
2026-08-03 07:00:00+00:00,2026-08-03 15:00:00+00:00,SEPD,NEWB,480,hvdc_2n,IT Power 2N + HVDC 2N,0.0123334709985015,0.06940717296197493,1.0,8.9
2026-08-03 07:00:00+00:00,2026-08-03 15:00:00+00:00,SEPD,NEWB,480,mains_2n,IT Power 2N + Direct Utility 2N,0.0123334709985015,0.20154510280988266,1.0,0.05
2026-08-03 07:00:00+00:00,2026-08-03 15:00:00+00:00,SEPD,NEWB,480,ups_2n,IT Power 2N + UPS 2N,0.0123334709985015,0.0951772308381896,1.0,9.0
2026-08-03 07:00:00+00:00,2026-08-03 15:00:00+00:00,SEPD,NEWB,480,ups_dr,IT Power 2N + UPS Distributed Redundancy,0.0123334709985015,0.1365397809954144,1.0,6.75
2026-08-03 10:00:00+00:00,2026-08-03 19:00:00+00:00,SEPD,NEWB,540,hvdc_2n,IT Power 2N + HVDC 2N,0.0110375287816254,0.0683681348905778,1.0,8.9
2026-08-03 10:00:00+00:00,2026-08-03 19:00:00+00:00,SEPD,NEWB,540,mains_2n,IT Power 2N + Direct Utility 2N,0.0110375287816254,0.19946767616936462,1.0,0.05
2026-08-03 10:00:00+00:00,2026-08-03 19:00:00+00:00,SEPD,NEWB,540,ups_2n,IT Power 2N + UPS 2N,0.0110375287816254,0.0938463804633818,1.0,9.0
2026-08-03 10:00:00+00:00,2026-08-03 19:00:00+00:00,SEPD,NEWB,540,ups_dr,IT Power 2N + UPS Distributed Redundancy,0.0110375287816254,0.1348678122314579,1.0,6.75
2026-08-03 12:00:00+00:00,2026-08-03 22:00:00+00:00,SEPD,NEWB,600,hvdc_2n,IT Power 2N + HVDC 2N,0.010639770913515,0.06805212917183838,1.0,8.9
2026-08-03 12:00:00+00:00,2026-08-03 22:00:00+00:00,SEPD,NEWB,600,mains_2n,IT Power 2N + Direct Utility 2N,0.010639770913515,0.1988332942942091,1.0,0.05
2026-08-03 12:00:00+00:00,2026-08-03 22:00:00+00:00,SEPD,NEWB,600,ups_2n,IT Power 2N + UPS 2N,0.010639770913515,0.09344126628174813,1.0,9.0
2026-08-03 12:00:00+00:00,2026-08-03 22:00:00+00:00,SEPD,NEWB,600,ups_dr,IT Power 2N + UPS Distributed Redundancy,0.010639770913515,0.13435811967534936,1.0,6.75
2026-08-01 19:00:00+00:00,2026-08-02 06:00:00+00:00,SEPD,NEWB,660,hvdc_2n,IT Power 2N + HVDC 2N,0.0172365076905268,0.0734717434576603,1.0,8.9
2026-08-01 19:00:00+00:00,2026-08-02 06:00:00+00:00,SEPD,NEWB,660,mains_2n,IT Power 2N + Direct Utility 2N,0.0172365076905268,0.2095508457656065,1.0,0.05
2026-08-01 19:00:00+00:00,2026-08-02 06:00:00+00:00,SEPD,NEWB,660,ups_2n,IT Power 2N + UPS 2N,0.0172365076905268,0.1003662349188864,1.0,9.0
2026-08-01 19:00:00+00:00,2026-08-02 06:00:00+00:00,SEPD,NEWB,660,ups_dr,IT Power 2N + UPS Distributed Redundancy,0.0172365076905268,0.14302388353438714,1.0,6.75
2026-08-03 10:00:00+00:00,2026-08-03 22:00:00+00:00,SEPD,NEWB,720,hvdc_2n,IT Power 2N + HVDC 2N,0.0103934736007355,0.06785713325322065,1.0,8.9
2026-08-03 10:00:00+00:00,2026-08-03 22:00:00+00:00,SEPD,NEWB,720,mains_2n,IT Power 2N + Direct Utility 2N,0.0103934736007355,0.19844123709794326,1.0,0.05
2026-08-03 10:00:00+00:00,2026-08-03 22:00:00+00:00,SEPD,NEWB,720,ups_2n,IT Power 2N + UPS 2N,0.0103934736007355,0.09319120081274712,1.0,9.0
2026-08-03 10:00:00+00:00,2026-08-03 22:00:00+00:00,SEPD,NEWB,720,ups_dr,IT Power 2N + UPS Distributed Redundancy,0.0103934736007355,0.13404332725897072,1.0,6.75
2026-08-03 11:00:00+00:00,2026-08-04 00:00:00+00:00,SEPD,NEWB,780,hvdc_2n,IT Power 2N + HVDC 2N,0.0095511191846229,0.06719414289575595,1.0,8.9
2026-08-03 11:00:00+00:00,2026-08-04 00:00:00+00:00,SEPD,NEWB,780,mains_2n,IT Power 2N + Direct Utility 2N,0.0095511191846229,0.19710477146798994,1.0,0.05
2026-08-03 11:00:00+00:00,2026-08-04 00:00:00+00:00,SEPD,NEWB,780,ups_2n,IT Power 2N + UPS 2N,0.0095511191846229,0.09234049217607267,1.0,9.0
2026-08-03 11:00:00+00:00,2026-08-04 00:00:00+00:00,SEPD,NEWB,780,ups_dr,IT Power 2N + UPS Distributed Redundancy,0.0095511191846229,0.1329714238737983,1.0,6.75
2026-08-02 16:00:00+00:00,2026-08-03 06:00:00+00:00,SEPD,NEWB,840,hvdc_2n,IT Power 2N + HVDC 2N,0.0176985501444104,0.07386587470833395,1.0,8.9
2026-08-02 16:00:00+00:00,2026-08-03 06:00:00+00:00,SEPD,NEWB,840,mains_2n,IT Power 2N + Direct Utility 2N,0.0176985501444104,0.21031719667853455,1.0,0.05
2026-08-02 16:00:00+00:00,2026-08-03 06:00:00+00:00,SEPD,NEWB,840,ups_2n,IT Power 2N + UPS 2N,0.0176985501444104,0.10086797495654588,1.0,9.0
2026-08-02 16:00:00+00:00,2026-08-03 06:00:00+00:00,SEPD,NEWB,840,ups_dr,IT Power 2N + UPS Distributed Redundancy,0.0176985501444104,0.14364796254964152,1.0,6.75
2026-08-02 12:00:00+00:00,2026-08-03 03:00:00+00:00,SEPD,NEWB,900,hvdc_2n,IT Power 2N + HVDC 2N,0.0181030919018777,0.07421255330455152,1.0,8.9
2026-08-02 12:00:00+00:00,2026-08-03 03:00:00+00:00,SEPD,NEWB,900,mains_2n,IT Power 2N + Direct Utility 2N,0.0181030919018777,0.2109898626708676,1.0,0.05
2026-08-02 12:00:00+00:00,2026-08-03 03:00:00+00:00,SEPD,NEWB,900,ups_2n,IT Power 2N + UPS 2N,0.0181030919018777,0.10130910111957012,1.0,9.0
2026-08-02 12:00:00+00:00,2026-08-03 03:00:00+00:00,SEPD,NEWB,900,ups_dr,IT Power 2N + UPS Distributed Redundancy,0.0181030919018777,0.1441962349193099,1.0,6.75
2026-08-02 04:00:00+00:00,2026-08-02 20:00:00+00:00,SEPD,NEWB,960,hvdc_2n,IT Power 2N + HVDC 2N,0.0182160204639463,0.07430959614713491,1.0,8.9
2026-08-02 04:00:00+00:00,2026-08-02 20:00:00+00:00,SEPD,NEWB,960,mains_2n,IT Power 2N + Direct Utility 2N,0.0182160204639463,0.21117791975183123,1.0,0.05
2026-08-02 04:00:00+00:00,2026-08-02 20:00:00+00:00,SEPD,NEWB,960,ups_2n,IT Power 2N + UPS 2N,0.0182160204639463,0.10143254753646033,1.0,9.0
2026-08-02 04:00:00+00:00,2026-08-02 20:00:00+00:00,SEPD,NEWB,960,ups_dr,IT Power 2N + UPS Distributed Redundancy,0.0182160204639463,0.14434959648545875,1.0,6.75
2026-08-02 19:00:00+00:00,2026-08-03 12:00:00+00:00,SEPD,NEWB,1020,hvdc_2n,IT Power 2N + HVDC 2N,0.0187687833422941,0.07478628730373565,1.0,8.9
2026-08-02 19:00:00+00:00,2026-08-03 12:00:00+00:00,SEPD,NEWB,1020,mains_2n,IT Power 2N + Direct Utility 2N,0.0187687833422941,0.21210019219806306,1.0,0.05
2026-08-02 19:00:00+00:00,2026-08-03 12:00:00+00:00,SEPD,NEWB,1020,ups_2n,IT Power 2N + UPS 2N,0.0187687833422941,0.1020387200316525,1.0,9.0
2026-08-02 19:00:00+00:00,2026-08-03 12:00:00+00:00,SEPD,NEWB,1020,ups_dr,IT Power 2N + UPS Distributed Redundancy,0.0187687833422941,0.1451022278686793,1.0,6.75
2026-07-31 15:00:00+00:00,2026-08-01 09:00:00+00:00,SEPD,NEWB,1080,hvdc_2n,IT Power 2N + HVDC 2N,0.013747035768658,0.07055716626250169,1.0,8.9
2026-07-31 15:00:00+00:00,2026-08-01 09:00:00+00:00,SEPD,NEWB,1080,mains_2n,IT Power 2N + Direct Utility 2N,0.013747035768658,0.2038294767133799,1.0,0.05
2026-07-31 15:00:00+00:00,2026-08-01 09:00:00+00:00,SEPD,NEWB,1080,ups_2n,IT Power 2N + UPS 2N,0.013747035768658,0.09664810531042489,1.0,9.0
2026-07-31 15:00:00+00:00,2026-08-01 09:00:00+00:00,SEPD,NEWB,1080,ups_dr,IT Power 2N + UPS Distributed Redundancy,0.013747035768658,0.13838336325218673,1.0,6.75
2026-08-03 02:00:00+00:00,2026-08-03 21:00:00+00:00,SEPD,NEWB,1140,hvdc_2n,IT Power 2N + HVDC 2N,0.0113030923493445,0.06857987293009286,1.0,8.9
2026-08-03 02:00:00+00:00,2026-08-03 21:00:00+00:00,SEPD,NEWB,1140,mains_2n,IT Power 2N + Direct Utility 2N,0.0113030923493445,0.1998920673893663,1.0,0.05
2026-08-03 02:00:00+00:00,2026-08-03 21:00:00+00:00,SEPD,NEWB,1140,ups_2n,IT Power 2N + UPS 2N,0.0113030923493445,0.09411773132646217,1.0,9.0
2026-08-03 02:00:00+00:00,2026-08-03 21:00:00+00:00,SEPD,NEWB,1140,ups_dr,IT Power 2N + UPS Distributed Redundancy,0.0113030923493445,0.13520901702961355,1.0,6.75
2026-08-02 17:00:00+00:00,2026-08-03 13:00:00+00:00,SEPD,NEWB,1200,hvdc_2n,IT Power 2N + HVDC 2N,0.0186754553725803,0.07470560645907827,1.0,8.9
2026-08-02 17:00:00+00:00,2026-08-03 13:00:00+00:00,SEPD,NEWB,1200,mains_2n,IT Power 2N + Direct Utility 2N,0.0186754553725803,0.21194427028025695,1.0,0.05
2026-08-02 17:00:00+00:00,2026-08-03 13:00:00+00:00,SEPD,NEWB,1200,ups_2n,IT Power 2N + UPS 2N,0.0186754553725803,0.10193614961649951,1.0,9.0
2026-08-02 17:00:00+00:00,2026-08-03 13:00:00+00:00,SEPD,NEWB,1200,ups_dr,IT Power 2N + UPS Distributed Redundancy,0.0186754553725803,0.14497492607330634,1.0,6.75
2026-08-03 01:00:00+00:00,2026-08-03 22:00:00+00:00,SEPD,NEWB,1260,hvdc_2n,IT Power 2N + HVDC 2N,0.0101230500176666,0.06764363309070102,1.0,8.9
2026-08-03 01:00:00+00:00,2026-08-03 22:00:00+00:00,SEPD,NEWB,1260,mains_2n,IT Power 2N + Direct Utility 2N,0.0101230500176666,0.19801144584379635,1.0,0.05
2026-08-03 01:00:00+00:00,2026-08-03 22:00:00+00:00,SEPD,NEWB,1260,ups_2n,IT Power 2N + UPS 2N,0.0101230500176666,0.09291733166178885,1.0,9.0
2026-08-03 01:00:00+00:00,2026-08-03 22:00:00+00:00,SEPD,NEWB,1260,ups_dr,IT Power 2N + UPS Distributed Redundancy,0.0101230500176666,0.13369841726670278,1.0,6.75
2026-08-03 04:00:00+00:00,2026-08-04 02:00:00+00:00,SEPD,NEWB,1320,hvdc_2n,IT Power 2N + HVDC 2N,0.0098313710540669,0.06741405024271471,1.0,8.9
2026-08-03 04:00:00+00:00,2026-08-04 02:00:00+00:00,SEPD,NEWB,1320,mains_2n,IT Power 2N + Direct Utility 2N,0.0098313710540669,0.19754865912034017,1.0,0.05
2026-08-03 04:00:00+00:00,2026-08-04 02:00:00+00:00,SEPD,NEWB,1320,ups_2n,IT Power 2N + UPS 2N,0.0098313710540669,0.09262274631114203,1.0,9.0
2026-08-03 04:00:00+00:00,2026-08-04 02:00:00+00:00,SEPD,NEWB,1320,ups_dr,IT Power 2N + UPS Distributed Redundancy,0.0098313710540669,0.13332723887743494,1.0,6.75
2026-08-03 02:00:00+00:00,2026-08-04 01:00:00+00:00,SEPD,NEWB,1380,hvdc_2n,IT Power 2N + HVDC 2N,0.0096443057672743,0.06726719034166685,1.0,8.9
2026-08-03 02:00:00+00:00,2026-08-04 01:00:00+00:00,SEPD,NEWB,1380,mains_2n,IT Power 2N + Direct Utility 2N,0.0096443057672743,0.19725228503645856,1.0,0.05
2026-08-03 02:00:00+00:00,2026-08-04 01:00:00+00:00,SEPD,NEWB,1380,ups_2n,IT Power 2N + UPS 2N,0.0096443057672743,0.09243425868687997,1.0,9.0
2026-08-03 02:00:00+00:00,2026-08-04 01:00:00+00:00,SEPD,NEWB,1380,ups_dr,IT Power 2N + UPS Distributed Redundancy,0.0096443057672743,0.13308964665880801,1.0,6.75
2026-07-27 05:00:00+00:00,2026-07-28 05:00:00+00:00,SEPD,NEWB,1440,hvdc_2n,IT Power 2N + HVDC 2N,0.0109459444510532,0.06829525383382463,1.0,8.9
2026-07-27 05:00:00+00:00,2026-07-28 05:00:00+00:00,SEPD,NEWB,1440,mains_2n,IT Power 2N + Direct Utility 2N,0.0109459444510532,0.19932147426600708,1.0,0.05
2026-07-27 05:00:00+00:00,2026-07-28 05:00:00+00:00,SEPD,NEWB,1440,ups_2n,IT Power 2N + UPS 2N,0.0109459444510532,0.09375296303182058,1.0,9.0
2026-07-27 05:00:00+00:00,2026-07-28 05:00:00+00:00,SEPD,NEWB,1440,ups_dr,IT Power 2N + UPS Distributed Redundancy,0.0109459444510532,0.1347503103329856,1.0,6.75
2026-08-02 16:00:00+00:00,2026-08-03 17:00:00+00:00,SEPD,NEWB,1500,hvdc_2n,IT Power 2N + HVDC 2N,0.018480609342481,0.07453742238779516,1.0,8.9
2026-08-02 16:00:00+00:00,2026-08-03 17:00:00+00:00,SEPD,NEWB,1500,mains_2n,IT Power 2N + Direct Utility 2N,0.018480609342481,0.2116190135066583,1.0,0.05
2026-08-02 16:00:00+00:00,2026-08-03 17:00:00+00:00,SEPD,NEWB,1500,ups_2n,IT Power 2N + UPS 2N,0.018480609342481,0.10172230219120786,1.0,9.0
2026-08-02 16:00:00+00:00,2026-08-03 17:00:00+00:00,SEPD,NEWB,1500,ups_dr,IT Power 2N + UPS Distributed Redundancy,0.018480609342481,0.14470944993815849,1.0,6.75
2026-07-30 19:00:00+00:00,2026-07-31 21:00:00+00:00,SEPD,NEWB,1560,hvdc_2n,IT Power 2N + HVDC 2N,0.0116298871052328,0.06884126525021099,1.0,8.9
2026-07-30 19:00:00+00:00,2026-07-31 21:00:00+00:00,SEPD,NEWB,1560,mains_2n,IT Power 2N + Direct Utility 2N,0.0116298871052328,0.20041523995893895,1.0,0.05
2026-07-30 19:00:00+00:00,2026-07-31 21:00:00+00:00,SEPD,NEWB,1560,ups_2n,IT Power 2N + UPS 2N,0.0116298871052328,0.0944526125410148,1.0,9.0
2026-07-30 19:00:00+00:00,2026-07-31 21:00:00+00:00,SEPD,NEWB,1560,ups_dr,IT Power 2N + UPS Distributed Redundancy,0.0116298871052328,0.13562989285459764,1.0,6.75
2026-07-29 18:00:00+00:00,2026-07-30 21:00:00+00:00,SEPD,NEWB,1620,hvdc_2n,IT Power 2N + HVDC 2N,0.0168682640145803,0.07315901188267819,1.0,8.9
2026-07-29 18:00:00+00:00,2026-07-30 21:00:00+00:00,SEPD,NEWB,1620,mains_2n,IT Power 2N + Direct Utility 2N,0.0168682640145803,0.20894154193562736,1.0,0.05
2026-07-29 18:00:00+00:00,2026-07-30 21:00:00+00:00,SEPD,NEWB,1620,ups_2n,IT Power 2N + UPS 2N,0.0168682640145803,0.09996794166471584,1.0,9.0
2026-07-29 18:00:00+00:00,2026-07-30 21:00:00+00:00,SEPD,NEWB,1620,ups_dr,IT Power 2N + UPS Distributed Redundancy,0.0168682640145803,0.14252811707731475,1.0,6.75
2026-07-29 16:00:00+00:00,2026-07-30 20:00:00+00:00,SEPD,NEWB,1680,hvdc_2n,IT Power 2N + HVDC 2N,0.0145529005698698,0.07122062683575899,1.0,8.9
2026-07-29 16:00:00+00:00,2026-07-30 20:00:00+00:00,SEPD,NEWB,1680,mains_2n,IT Power 2N + Direct Utility 2N,0.0145529005698698,0.20514038014248018,1.0,0.05
2026-07-29 16:00:00+00:00,2026-07-30 20:00:00+00:00,SEPD,NEWB,1680,ups_2n,IT Power 2N + UPS 2N,0.0145529005698698,0.09749569886579702,1.0,9.0
2026-07-29 16:00:00+00:00,2026-07-30 20:00:00+00:00,SEPD,NEWB,1680,ups_dr,IT Power 2N + UPS Distributed Redundancy,0.0145529005698698,0.13944370135445314,1.0,6.75
2026-08-02 10:00:00+00:00,2026-08-03 15:00:00+00:00,SEPD,NEWB,1740,hvdc_2n,IT Power 2N + HVDC 2N,0.0190575772087703,0.07503645353718394,1.0,8.9
2026-08-02 10:00:00+00:00,2026-08-03 15:00:00+00:00,SEPD,NEWB,1740,mains_2n,IT Power 2N + Direct Utility 2N,0.0190575772087703,0.21258320757678015,1.0,0.05
2026-08-02 10:00:00+00:00,2026-08-03 15:00:00+00:00,SEPD,NEWB,1740,ups_2n,IT Power 2N + UPS 2N,0.0190575772087703,0.10235669340713224,1.0,9.0
2026-08-02 10:00:00+00:00,2026-08-03 15:00:00+00:00,SEPD,NEWB,1740,ups_dr,IT Power 2N + UPS Distributed Redundancy,0.0190575772087703,0.14549673826925397,1.0,6.75
2026-07-31 07:00:00+00:00,2026-08-01 13:00:00+00:00,SEPD,NEWB,1800,hvdc_2n,IT Power 2N + HVDC 2N,0.0141268459688873,0.07086914571498616,1.0,8.9
2026-07-31 07:00:00+00:00,2026-08-01 13:00:00+00:00,SEPD,NEWB,1800,mains_2n,IT Power 2N + Direct Utility 2N,0.0141268459688873,0.20444653756212908,1.0,0.05
2026-07-31 07:00:00+00:00,2026-08-01 13:00:00+00:00,SEPD,NEWB,1800,ups_2n,IT Power 2N + UPS 2N,0.0141268459688873,0.09704675969790443,1.0,9.0
2026-07-31 07:00:00+00:00,2026-08-01 13:00:00+00:00,SEPD,NEWB,1800,ups_dr,IT Power 2N + UPS Distributed Redundancy,0.0141268459688873,0.13888226297582226,1.0,6.75
2026-08-02 16:00:00+00:00,2026-08-03 23:00:00+00:00,SEPD,NEWB,1860,hvdc_2n,IT Power 2N + HVDC 2N,0.0174753533076749,0.07367524109750052,1.0,8.9
2026-08-02 16:00:00+00:00,2026-08-03 23:00:00+00:00,SEPD,NEWB,1860,mains_2n,IT Power 2N + Direct Utility 2N,0.0174753533076749,0.20994674240240876,1.0,0.05
2026-08-02 16:00:00+00:00,2026-08-03 23:00:00+00:00,SEPD,NEWB,1860,ups_2n,IT Power 2N + UPS 2N,0.0174753533076749,0.10062532413341244,1.0,9.0
2026-08-02 16:00:00+00:00,2026-08-03 23:00:00+00:00,SEPD,NEWB,1860,ups_dr,IT Power 2N + UPS Distributed Redundancy,0.0174753533076749,0.14334620891575764,1.0,6.75
2026-08-02 12:00:00+00:00,2026-08-03 20:00:00+00:00,SEPD,NEWB,1920,hvdc_2n,IT Power 2N + HVDC 2N,0.0180150849232131,0.07413700714961217,1.0,8.9
2026-08-02 12:00:00+00:00,2026-08-03 20:00:00+00:00,SEPD,NEWB,1920,mains_2n,IT Power 2N + Direct Utility 2N,0.0180150849232131,0.21084339195375434,1.0,0.05
2026-08-02 12:00:00+00:00,2026-08-03 20:00:00+00:00,SEPD,NEWB,1920,ups_2n,IT Power 2N + UPS 2N,0.0180150849232131,0.10121298985281774,1.0,9.0
2026-08-02 12:00:00+00:00,2026-08-03 20:00:00+00:00,SEPD,NEWB,1920,ups_dr,IT Power 2N + UPS Distributed Redundancy,0.0180150849232131,0.1440768118272741,1.0,6.75
2026-08-02 12:00:00+00:00,2026-08-03 21:00:00+00:00,SEPD,NEWB,1980,hvdc_2n,IT Power 2N + HVDC 2N,0.0178490749086081,0.07399469489611536,1.0,8.9
2026-08-02 12:00:00+00:00,2026-08-03 21:00:00+00:00,SEPD,NEWB,1980,mains_2n,IT Power 2N + Direct Utility 2N,0.0178490749086081,0.2105673030476775,1.0,0.05
2026-08-02 12:00:00+00:00,2026-08-03 21:00:00+00:00,SEPD,NEWB,1980,ups_2n,IT Power 2N + UPS 2N,0.0178490749086081,0.10103191274416291,1.0,9.0
2026-08-02 12:00:00+00:00,2026-08-03 21:00:00+00:00,SEPD,NEWB,1980,ups_dr,IT Power 2N + UPS Distributed Redundancy,0.0178490749086081,0.14385176465826213,1.0,6.75
2026-08-02 11:00:00+00:00,2026-08-03 21:00:00+00:00,SEPD,NEWB,2040,hvdc_2n,IT Power 2N + HVDC 2N,0.0178234177222317,0.07397272268491667,1.0,8.9
2026-08-02 11:00:00+00:00,2026-08-03 21:00:00+00:00,SEPD,NEWB,2040,mains_2n,IT Power 2N + Direct Utility 2N,0.0178234177222317,0.2105246566039032,1.0,0.05
2026-08-02 11:00:00+00:00,2026-08-03 21:00:00+00:00,SEPD,NEWB,2040,ups_2n,IT Power 2N + UPS 2N,0.0178234177222317,0.10100395257610016,1.0,9.0
2026-08-02 11:00:00+00:00,2026-08-03 21:00:00+00:00,SEPD,NEWB,2040,ups_dr,IT Power 2N + UPS Distributed Redundancy,0.0178234177222317,0.14381700926396915,1.0,6.75
2026-08-01 14:00:00+00:00,2026-08-03 01:00:00+00:00,SEPD,NEWB,2100,hvdc_2n,IT Power 2N + HVDC 2N,0.0113552125808036,0.06862150046682775,1.0,8.9
2026-08-01 14:00:00+00:00,2026-08-03 01:00:00+00:00,SEPD,NEWB,2100,mains_2n,IT Power 2N + Direct Utility 2N,0.0113552125808036,0.19997543903964504,1.0,0.05
2026-08-01 14:00:00+00:00,2026-08-03 01:00:00+00:00,SEPD,NEWB,2100,ups_2n,IT Power 2N + UPS 2N,0.0113552125808036,0.09417106985604778,1.0,9.0
2026-08-01 14:00:00+00:00,2026-08-03 01:00:00+00:00,SEPD,NEWB,2100,ups_dr,IT Power 2N + UPS Distributed Redundancy,0.0113552125808036,0.13527606824527807,1.0,6.75
2026-08-02 10:00:00+00:00,2026-08-03 22:00:00+00:00,SEPD,NEWB,2160,hvdc_2n,IT Power 2N + HVDC 2N,0.0174930326915288,0.07369032462408603,1.0,8.9
2026-08-02 10:00:00+00:00,2026-08-03 22:00:00+00:00,SEPD,NEWB,2160,mains_2n,IT Power 2N + Direct Utility 2N,0.0174930326915288,0.20997606854242137,1.0,0.05
2026-08-02 10:00:00+00:00,2026-08-03 22:00:00+00:00,SEPD,NEWB,2160,ups_2n,IT Power 2N + UPS 2N,0.0174930326915288,0.10064452554316451,1.0,9.0
2026-08-02 10:00:00+00:00,2026-08-03 22:00:00+00:00,SEPD,NEWB,2160,ups_dr,IT Power 2N + UPS Distributed Redundancy,0.0174930326915288,0.14337009150918906,1.0,6.75
2026-08-02 07:00:00+00:00,2026-08-03 20:00:00+00:00,SEPD,NEWB,2220,hvdc_2n,IT Power 2N + HVDC 2N,0.0164187350263337,0.07277891067939267,1.0,8.9
2026-08-02 07:00:00+00:00,2026-08-03 20:00:00+00:00,SEPD,NEWB,2220,mains_2n,IT Power 2N + Direct Utility 2N,0.0164187350263337,0.20819951018240318,1.0,0.05
2026-08-02 07:00:00+00:00,2026-08-03 20:00:00+00:00,SEPD,NEWB,2220,ups_2n,IT Power 2N + UPS 2N,0.0164187350263337,0.09948363497565918,1.0,9.0
2026-08-02 07:00:00+00:00,2026-08-03 20:00:00+00:00,SEPD,NEWB,2220,ups_dr,IT Power 2N + UPS Distributed Redundancy,0.0164187350263337,0.14192485927915546,1.0,6.75
2026-08-02 09:00:00+00:00,2026-08-03 23:00:00+00:00,SEPD,NEWB,2280,hvdc_2n,IT Power 2N + HVDC 2N,0.0160931568316889,0.07250475380723086,1.0,8.9
2026-08-02 09:00:00+00:00,2026-08-03 23:00:00+00:00,SEPD,NEWB,2280,mains_2n,IT Power 2N + Direct Utility 2N,0.0160931568316889,0.2076632963708326,1.0,0.05
2026-08-02 09:00:00+00:00,2026-08-03 23:00:00+00:00,SEPD,NEWB,2280,ups_2n,IT Power 2N + UPS 2N,0.0160931568316889,0.09913417277264697,1.0,9.0
2026-08-02 09:00:00+00:00,2026-08-03 23:00:00+00:00,SEPD,NEWB,2280,ups_dr,IT Power 2N + UPS Distributed Redundancy,0.0160931568316889,0.1414892724455134,1.0,6.75
2026-08-01 07:00:00+00:00,2026-08-02 22:00:00+00:00,SEPD,NEWB,2340,hvdc_2n,IT Power 2N + HVDC 2N,0.0104209316063782,0.06787884633197701,1.0,8.9
2026-08-01 07:00:00+00:00,2026-08-02 22:00:00+00:00,SEPD,NEWB,2340,mains_2n,IT Power 2N + Direct Utility 2N,0.0104209316063782,0.19848491605312094,1.0,0.05
2026-08-01 07:00:00+00:00,2026-08-02 22:00:00+00:00,SEPD,NEWB,2340,ups_2n,IT Power 2N + UPS 2N,0.0104209316063782,0.09321904913803111,1.0,9.0
2026-08-01 07:00:00+00:00,2026-08-02 22:00:00+00:00,SEPD,NEWB,2340,ups_dr,IT Power 2N + UPS Distributed Redundancy,0.0104209316063782,0.134078390417947,1.0,6.75
2026-07-30 01:00:00+00:00,2026-07-31 17:00:00+00:00,SEPD,NEWB,2400,hvdc_2n,IT Power 2N + HVDC 2N,0.0191223505776793,0.07509266861926299,1.0,8.9
2026-07-30 01:00:00+00:00,2026-07-31 17:00:00+00:00,SEPD,NEWB,2400,mains_2n,IT Power 2N + Direct Utility 2N,0.0191223505776793,0.21269165293266118,1.0,0.05
2026-07-30 01:00:00+00:00,2026-07-31 17:00:00+00:00,SEPD,NEWB,2400,ups_2n,IT Power 2N + UPS 2N,0.0191223505776793,0.10242813185448583,1.0,9.0
2026-07-30 01:00:00+00:00,2026-07-31 17:00:00+00:00,SEPD,NEWB,2400,ups_dr,IT Power 2N + UPS Distributed Redundancy,0.0191223505776793,0.14558534482295346,1.0,6.75
2026-08-02 09:00:00+00:00,2026-08-04 02:00:00+00:00,SEPD,NEWB,2460,hvdc_2n,IT Power 2N + HVDC 2N,0.0157988066534422,0.07225771258384567,1.0,8.9
2026-08-02 09:00:00+00:00,2026-08-04 02:00:00+00:00,SEPD,NEWB,2460,mains_2n,IT Power 2N + Direct Utility 2N,0.0157988066534422,0.20717939153653908,1.0,0.05
2026-08-02 09:00:00+00:00,2026-08-04 02:00:00+00:00,SEPD,NEWB,2460,ups_2n,IT Power 2N + UPS 2N,0.0157988066534422,0.09881917020148413,1.0,9.0
2026-08-02 09:00:00+00:00,2026-08-04 02:00:00+00:00,SEPD,NEWB,2460,ups_dr,IT Power 2N + UPS Distributed Redundancy,0.0157988066534422,0.1410964267396434,1.0,6.75
2026-08-02 05:00:00+00:00,2026-08-03 23:00:00+00:00,SEPD,NEWB,2520,hvdc_2n,IT Power 2N + HVDC 2N,0.0163036790237904,0.07268191747448535,1.0,8.9
2026-08-02 05:00:00+00:00,2026-08-03 23:00:00+00:00,SEPD,NEWB,2520,mains_2n,IT Power 2N + Direct Utility 2N,0.0163036790237904,0.20800990119465812,1.0,0.05
2026-08-02 05:00:00+00:00,2026-08-03 23:00:00+00:00,SEPD,NEWB,2520,ups_2n,IT Power 2N + UPS 2N,0.0163036790237904,0.09936001358565176,1.0,9.0
2026-08-02 05:00:00+00:00,2026-08-03 23:00:00+00:00,SEPD,NEWB,2520,ups_dr,IT Power 2N + UPS Distributed Redundancy,0.0163036790237904,0.1417707996212045,1.0,6.75
2026-08-01 18:00:00+00:00,2026-08-03 13:00:00+00:00,SEPD,NEWB,2580,hvdc_2n,IT Power 2N + HVDC 2N,0.0188878317639288,0.07488931939182018,1.0,8.9
2026-08-01 18:00:00+00:00,2026-08-03 13:00:00+00:00,SEPD,NEWB,2580,mains_2n,IT Power 2N + Direct Utility 2N,0.0188878317639288,0.2122992066077727,1.0,0.05
2026-08-01 18:00:00+00:00,2026-08-03 13:00:00+00:00,SEPD,NEWB,2580,ups_2n,IT Power 2N + UPS 2N,0.0188878317639288,0.1021696908079762,1.0,9.0
2026-08-01 18:00:00+00:00,2026-08-03 13:00:00+00:00,SEPD,NEWB,2580,ups_dr,IT Power 2N + UPS Distributed Redundancy,0.0188878317639288,0.14526474771991726,1.0,6.75
2026-08-01 13:00:00+00:00,2026-08-03 09:00:00+00:00,SEPD,NEWB,2640,hvdc_2n,IT Power 2N + HVDC 2N,0.0138375506780133,0.0706314006227899,1.0,8.9
2026-08-01 13:00:00+00:00,2026-08-03 09:00:00+00:00,SEPD,NEWB,2640,mains_2n,IT Power 2N + Direct Utility 2N,0.0138375506780133,0.2039764064215217,1.0,0.05
2026-08-01 13:00:00+00:00,2026-08-03 09:00:00+00:00,SEPD,NEWB,2640,ups_2n,IT Power 2N + UPS 2N,0.0138375506780133,0.09674297815886759,1.0,9.0
2026-08-01 13:00:00+00:00,2026-08-03 09:00:00+00:00,SEPD,NEWB,2640,ups_dr,IT Power 2N + UPS Distributed Redundancy,0.0138375506780133,0.13850212241377047,1.0,6.75
2026-08-01 18:00:00+00:00,2026-08-03 15:00:00+00:00,SEPD,NEWB,2700,hvdc_2n,IT Power 2N + HVDC 2N,0.0190898192159349,0.075064430681467,1.0,8.9
2026-08-01 18:00:00+00:00,2026-08-03 15:00:00+00:00,SEPD,NEWB,2700,mains_2n,IT Power 2N + Direct Utility 2N,0.0190898192159349,0.21263718298576975,1.0,0.05
2026-08-01 18:00:00+00:00,2026-08-03 15:00:00+00:00,SEPD,NEWB,2700,ups_2n,IT Power 2N + UPS 2N,0.0190898192159349,0.10239224754700463,1.0,9.0
2026-08-01 18:00:00+00:00,2026-08-03 15:00:00+00:00,SEPD,NEWB,2700,ups_dr,IT Power 2N + UPS Distributed Redundancy,0.0190898192159349,0.14554083804081527,1.0,6.75
2026-08-02 00:00:00+00:00,2026-08-03 22:00:00+00:00,SEPD,NEWB,2760,hvdc_2n,IT Power 2N + HVDC 2N,0.0163441683838127,0.07271603676227915,1.0,8.9
2026-08-02 00:00:00+00:00,2026-08-03 22:00:00+00:00,SEPD,NEWB,2760,mains_2n,IT Power 2N + Direct Utility 2N,0.0163441683838127,0.20807661197392543,1.0,0.05
2026-08-02 00:00:00+00:00,2026-08-03 22:00:00+00:00,SEPD,NEWB,2760,ups_2n,IT Power 2N + UPS 2N,0.0163441683838127,0.0994035015986396,1.0,9.0
2026-08-02 00:00:00+00:00,2026-08-03 22:00:00+00:00,SEPD,NEWB,2760,ups_dr,IT Power 2N + UPS Distributed Redundancy,0.0163441683838127,0.1418249988320242,1.0,6.75
2026-08-01 13:00:00+00:00,2026-08-03 12:00:00+00:00,SEPD,NEWB,2820,hvdc_2n,IT Power 2N + HVDC 2N,0.0149691934007309,0.07156560881244708,1.0,8.9
2026-08-01 13:00:00+00:00,2026-08-03 12:00:00+00:00,SEPD,NEWB,2820,mains_2n,IT Power 2N + Direct Utility 2N,0.0149691934007309,0.20582001134493733,1.0,0.05
2026-08-01 13:00:00+00:00,2026-08-03 12:00:00+00:00,SEPD,NEWB,2820,ups_2n,IT Power 2N + UPS 2N,0.0149691934007309,0.09793614026316168,1.0,9.0
2026-08-01 13:00:00+00:00,2026-08-03 12:00:00+00:00,SEPD,NEWB,2820,ups_dr,IT Power 2N + UPS Distributed Redundancy,0.0149691934007309,0.13999411182684243,1.0,6.75
2026-07-29 05:00:00+00:00,2026-07-31 05:00:00+00:00,SEPD,NEWB,2880,hvdc_2n,IT Power 2N + HVDC 2N,0.0120357178239952,0.0691671601015109,1.0,8.9
2026-07-29 05:00:00+00:00,2026-07-31 05:00:00+00:00,SEPD,NEWB,2880,mains_2n,IT Power 2N + Direct Utility 2N,0.0120357178239952,0.20106637026710272,1.0,0.05
2026-07-29 05:00:00+00:00,2026-07-31 05:00:00+00:00,SEPD,NEWB,2880,ups_2n,IT Power 2N + UPS 2N,0.0120357178239952,0.09486997082799165,1.0,9.0
2026-07-29 05:00:00+00:00,2026-07-31 05:00:00+00:00,SEPD,NEWB,2880,ups_dr,IT Power 2N + UPS Distributed Redundancy,0.0120357178239952,0.1361540952915585,1.0,6.75
2026-08-03 09:00:00+00:00,2026-08-03 10:00:00+00:00,SEPD,NEWF,60,hvdc_2n,IT Power 2N + HVDC 2N,0.1004979869093111,0.1833557720216988,1.0,8.9
2026-08-03 09:00:00+00:00,2026-08-03 10:00:00+00:00,SEPD,NEWF,60,mains_2n,IT Power 2N + Direct Utility 2N,0.1004979869093111,0.37871166821358637,1.0,0.05
2026-08-03 09:00:00+00:00,2026-08-03 10:00:00+00:00,SEPD,NEWF,60,ups_2n,IT Power 2N + UPS 2N,0.1004979869093111,0.23253999116787194,1.0,9.0
2026-08-03 09:00:00+00:00,2026-08-03 10:00:00+00:00,SEPD,NEWF,60,ups_dr,IT Power 2N + UPS Distributed Redundancy,0.1004979869093111,0.29431420992391405,1.0,6.75
2026-08-02 13:00:00+00:00,2026-08-02 15:00:00+00:00,SEPD,NEWF,120,hvdc_2n,IT Power 2N + HVDC 2N,0.0078314302872247,0.06585925690927157,1.0,8.9
2026-08-02 13:00:00+00:00,2026-08-02 15:00:00+00:00,SEPD,NEWF,120,mains_2n,IT Power 2N + Direct Utility 2N,0.0078314302872247,0.1943974554746447,1.0,0.05
2026-08-02 13:00:00+00:00,2026-08-02 15:00:00+00:00,SEPD,NEWF,120,ups_2n,IT Power 2N + UPS 2N,0.0078314302872247,0.09062537914847812,1.0,9.0
2026-08-02 13:00:00+00:00,2026-08-02 15:00:00+00:00,SEPD,NEWF,120,ups_dr,IT Power 2N + UPS Distributed Redundancy,0.0078314302872247,0.13080563265934927,1.0,6.75
2026-08-02 23:00:00+00:00,2026-08-03 02:00:00+00:00,SEPD,NEWF,180,hvdc_2n,IT Power 2N + HVDC 2N,0.086116866797296,0.15795288650892048,1.0,8.9
2026-08-02 23:00:00+00:00,2026-08-03 02:00:00+00:00,SEPD,NEWF,180,mains_2n,IT Power 2N + Direct Utility 2N,0.086116866797296,0.34551076614263654,1.0,0.05
2026-08-02 23:00:00+00:00,2026-08-03 02:00:00+00:00,SEPD,NEWF,180,ups_2n,IT Power 2N + UPS 2N,0.086116866797296,0.20317011182236566,1.0,9.0
2026-08-02 23:00:00+00:00,2026-08-03 02:00:00+00:00,SEPD,NEWF,180,ups_dr,IT Power 2N + UPS Distributed Redundancy,0.086116866797296,0.26255818700289485,1.0,6.75
2026-07-27 09:00:00+00:00,2026-07-27 13:00:00+00:00,SEPD,NEWF,240,hvdc_2n,IT Power 2N + HVDC 2N,0.0124142505115005,0.06947242050014027,1.0,8.9
2026-07-27 09:00:00+00:00,2026-07-27 13:00:00+00:00,SEPD,NEWF,240,mains_2n,IT Power 2N + Direct Utility 2N,0.0124142505115005,0.2016751283189454,1.0,0.05
2026-07-27 09:00:00+00:00,2026-07-27 13:00:00+00:00,SEPD,NEWF,240,ups_2n,IT Power 2N + UPS 2N,0.0124142505115005,0.09526074295386065,1.0,9.0
2026-07-27 09:00:00+00:00,2026-07-27 13:00:00+00:00,SEPD,NEWF,240,ups_dr,IT Power 2N + UPS Distributed Redundancy,0.0124142505115005,0.1366445748236398,1.0,6.75
2026-07-31 19:00:00+00:00,2026-08-01 00:00:00+00:00,SEPD,NEWF,300,hvdc_2n,IT Power 2N + HVDC 2N,0.0067056075724586,0.06499874525358368,1.0,8.9
2026-07-31 19:00:00+00:00,2026-08-01 00:00:00+00:00,SEPD,NEWF,300,mains_2n,IT Power 2N + Direct Utility 2N,0.0067056075724586,0.1926404011205882,1.0,0.05
2026-07-31 19:00:00+00:00,2026-08-01 00:00:00+00:00,SEPD,NEWF,300,ups_2n,IT Power 2N + UPS 2N,0.0067056075724586,0.08951813840345532,1.0,9.0
2026-07-31 19:00:00+00:00,2026-08-01 00:00:00+00:00,SEPD,NEWF,300,ups_dr,IT Power 2N + UPS Distributed Redundancy,0.0067056075724586,0.12940404781029846,1.0,6.75
2026-08-03 08:00:00+00:00,2026-08-03 14:00:00+00:00,SEPD,NEWF,360,hvdc_2n,IT Power 2N + HVDC 2N,0.0647763892432271,0.1256154364862434,1.0,8.9
2026-08-03 08:00:00+00:00,2026-08-03 14:00:00+00:00,SEPD,NEWF,360,mains_2n,IT Power 2N + Direct Utility 2N,0.0647763892432271,0.2989639934087771,1.0,0.05
2026-08-03 08:00:00+00:00,2026-08-03 14:00:00+00:00,SEPD,NEWF,360,ups_2n,IT Power 2N + UPS 2N,0.0647763892432271,0.16483513869306343,1.0,9.0
2026-08-03 08:00:00+00:00,2026-08-03 14:00:00+00:00,SEPD,NEWF,360,ups_dr,IT Power 2N + UPS Distributed Redundancy,0.0647763892432271,0.21969241653051402,1.0,6.75
2026-08-03 18:00:00+00:00,2026-08-04 01:00:00+00:00,SEPD,NEWF,420,hvdc_2n,IT Power 2N + HVDC 2N,0.0104410482999255,0.06789475817994042,1.0,8.9
2026-08-03 18:00:00+00:00,2026-08-04 01:00:00+00:00,SEPD,NEWF,420,mains_2n,IT Power 2N + Direct Utility 2N,0.0104410482999255,0.19851692137131569,1.0,0.05
2026-08-03 18:00:00+00:00,2026-08-04 01:00:00+00:00,SEPD,NEWF,420,ups_2n,IT Power 2N + UPS 2N,0.0104410482999255,0.09323945653202939,1.0,9.0
2026-08-03 18:00:00+00:00,2026-08-04 01:00:00+00:00,SEPD,NEWF,420,ups_dr,IT Power 2N + UPS Distributed Redundancy,0.0104410482999255,0.13410408383203723,1.0,6.75
2026-08-03 10:00:00+00:00,2026-08-03 18:00:00+00:00,SEPD,NEWF,480,hvdc_2n,IT Power 2N + HVDC 2N,0.0552101296142953,0.11305852645253217,1.0,8.9
2026-08-03 10:00:00+00:00,2026-08-03 18:00:00+00:00,SEPD,NEWF,480,mains_2n,IT Power 2N + Direct Utility 2N,0.0552101296142953,0.2793076058877326,1.0,0.05
2026-08-03 10:00:00+00:00,2026-08-03 18:00:00+00:00,SEPD,NEWF,480,ups_2n,IT Power 2N + UPS 2N,0.0552101296142953,0.149633502219589,1.0,9.0
2026-08-03 10:00:00+00:00,2026-08-03 18:00:00+00:00,SEPD,NEWF,480,ups_dr,IT Power 2N + UPS Distributed Redundancy,0.0552101296142953,0.2021858140973161,1.0,6.75
2026-08-03 07:00:00+00:00,2026-08-03 16:00:00+00:00,SEPD,NEWF,540,hvdc_2n,IT Power 2N + HVDC 2N,0.0558984923572119,0.11392423427065,1.0,8.9
2026-08-03 07:00:00+00:00,2026-08-03 16:00:00+00:00,SEPD,NEWF,540,mains_2n,IT Power 2N + Direct Utility 2N,0.0558984923572119,0.28069534748442443,1.0,0.05
2026-08-03 07:00:00+00:00,2026-08-03 16:00:00+00:00,SEPD,NEWF,540,ups_2n,IT Power 2N + UPS 2N,0.0558984923572119,0.15068762171307043,1.0,9.0
2026-08-03 07:00:00+00:00,2026-08-03 16:00:00+00:00,SEPD,NEWF,540,ups_dr,IT Power 2N + UPS Distributed Redundancy,0.0558984923572119,0.20340998163047824,1.0,6.75
2026-08-02 01:00:00+00:00,2026-08-02 11:00:00+00:00,SEPD,NEWF,600,hvdc_2n,IT Power 2N + HVDC 2N,0.011923658890783,0.06907703078933652,1.0,8.9
2026-08-02 01:00:00+00:00,2026-08-02 11:00:00+00:00,SEPD,NEWF,600,mains_2n,IT Power 2N + Direct Utility 2N,0.011923658890783,0.20088642056906,1.0,0.05
2026-08-02 01:00:00+00:00,2026-08-02 11:00:00+00:00,SEPD,NEWF,600,ups_2n,IT Power 2N + UPS 2N,0.011923658890783,0.09475456416755176,1.0,9.0
2026-08-02 01:00:00+00:00,2026-08-02 11:00:00+00:00,SEPD,NEWF,600,ups_dr,IT Power 2N + UPS Distributed Redundancy,0.011923658890783,0.13600918095044914,1.0,6.75
2026-07-25 23:00:00+00:00,2026-07-26 10:00:00+00:00,SEPD,NEWF,660,hvdc_2n,IT Power 2N + HVDC 2N,0.0149447220849965,0.07154528683303546,1.0,8.9
2026-07-25 23:00:00+00:00,2026-07-26 10:00:00+00:00,SEPD,NEWF,660,mains_2n,IT Power 2N + Direct Utility 2N,0.0149447220849965,0.20578001386841183,1.0,0.05
2026-07-25 23:00:00+00:00,2026-07-26 10:00:00+00:00,SEPD,NEWF,660,ups_2n,IT Power 2N + UPS 2N,0.0149447220849965,0.09791020040735075,1.0,9.0
2026-07-25 23:00:00+00:00,2026-07-26 10:00:00+00:00,SEPD,NEWF,660,ups_dr,IT Power 2N + UPS Distributed Redundancy,0.0149447220849965,0.13996170629804705,1.0,6.75
2026-08-03 04:00:00+00:00,2026-08-03 16:00:00+00:00,SEPD,NEWF,720,hvdc_2n,IT Power 2N + HVDC 2N,0.0539092047978437,0.11143810924130307,1.0,8.9
2026-08-03 04:00:00+00:00,2026-08-03 16:00:00+00:00,SEPD,NEWF,720,mains_2n,IT Power 2N + Direct Utility 2N,0.0539092047978437,0.27669644458650894,1.0,0.05
2026-08-03 04:00:00+00:00,2026-08-03 16:00:00+00:00,SEPD,NEWF,720,ups_2n,IT Power 2N + UPS 2N,0.0539092047978437,0.14765794001766225,1.0,9.0
2026-08-03 04:00:00+00:00,2026-08-03 16:00:00+00:00,SEPD,NEWF,720,ups_dr,IT Power 2N + UPS Distributed Redundancy,0.0539092047978437,0.1998873220386833,1.0,6.75
2026-08-01 10:00:00+00:00,2026-08-01 23:00:00+00:00,SEPD,NEWF,780,hvdc_2n,IT Power 2N + HVDC 2N,0.0142704590035637,0.0709874423871221,1.0,8.9
2026-08-01 10:00:00+00:00,2026-08-01 23:00:00+00:00,SEPD,NEWF,780,mains_2n,IT Power 2N + Direct Utility 2N,0.0142704590035637,0.20468022065479213,1.0,0.05
2026-08-01 10:00:00+00:00,2026-08-01 23:00:00+00:00,SEPD,NEWF,780,ups_2n,IT Power 2N + UPS 2N,0.0142704590035637,0.09719788006180519,1.0,9.0
2026-08-01 10:00:00+00:00,2026-08-01 23:00:00+00:00,SEPD,NEWF,780,ups_dr,IT Power 2N + UPS Distributed Redundancy,0.0142704590035637,0.13907129857465703,1.0,6.75
2026-08-02 21:00:00+00:00,2026-08-03 11:00:00+00:00,SEPD,NEWF,840,hvdc_2n,IT Power 2N + HVDC 2N,0.0154015284089423,0.07192551693830353,1.0,8.9
2026-08-02 21:00:00+00:00,2026-08-03 11:00:00+00:00,SEPD,NEWF,840,mains_2n,IT Power 2N + Direct Utility 2N,0.0154015284089423,0.2065275969188471,1.0,0.05
2026-08-02 21:00:00+00:00,2026-08-03 11:00:00+00:00,SEPD,NEWF,840,ups_2n,IT Power 2N + UPS 2N,0.0154015284089423,0.09839543110860288,1.0,9.0
2026-08-02 21:00:00+00:00,2026-08-03 11:00:00+00:00,SEPD,NEWF,840,ups_dr,IT Power 2N + UPS Distributed Redundancy,0.0154015284089423,0.1405676570211107,1.0,6.75
2026-08-03 00:00:00+00:00,2026-08-03 15:00:00+00:00,SEPD,NEWF,900,hvdc_2n,IT Power 2N + HVDC 2N,0.0520187034153162,0.10911954668402904,1.0,8.9
2026-08-03 00:00:00+00:00,2026-08-03 15:00:00+00:00,SEPD,NEWF,900,mains_2n,IT Power 2N + Direct Utility 2N,0.0520187034153162,0.2729288968994142,1.0,0.05
2026-08-03 00:00:00+00:00,2026-08-03 15:00:00+00:00,SEPD,NEWF,900,ups_2n,IT Power 2N + UPS 2N,0.0520187034153162,0.14482555118074772,1.0,9.0
2026-08-03 00:00:00+00:00,2026-08-03 15:00:00+00:00,SEPD,NEWF,900,ups_dr,IT Power 2N + UPS Distributed Redundancy,0.0520187034153162,0.1965821922038166,1.0,6.75
2026-08-03 08:00:00+00:00,2026-08-04 00:00:00+00:00,SEPD,NEWF,960,hvdc_2n,IT Power 2N + HVDC 2N,0.0511430422031691,0.10806002552872204,1.0,8.9
2026-08-03 08:00:00+00:00,2026-08-04 00:00:00+00:00,SEPD,NEWF,960,mains_2n,IT Power 2N + Direct Utility 2N,0.0511430422031691,0.271194705351699,1.0,0.05
2026-08-03 08:00:00+00:00,2026-08-04 00:00:00+00:00,SEPD,NEWF,960,ups_2n,IT Power 2N + UPS 2N,0.0511430422031691,0.14352898273189424,1.0,9.0
2026-08-03 08:00:00+00:00,2026-08-04 00:00:00+00:00,SEPD,NEWF,960,ups_dr,IT Power 2N + UPS Distributed Redundancy,0.0511430422031691,0.19506533863337336,1.0,6.75
2026-07-31 20:00:00+00:00,2026-08-01 13:00:00+00:00,SEPD,NEWF,1020,hvdc_2n,IT Power 2N + HVDC 2N,0.0118596859523732,0.06902562594269855,1.0,8.9
2026-07-31 20:00:00+00:00,2026-08-01 13:00:00+00:00,SEPD,NEWF,1020,mains_2n,IT Power 2N + Direct Utility 2N,0.0118596859523732,0.20078374377958,1.0,0.05
2026-07-31 20:00:00+00:00,2026-08-01 13:00:00+00:00,SEPD,NEWF,1020,ups_2n,IT Power 2N + UPS 2N,0.0118596859523732,0.09468873643143885,1.0,9.0
2026-07-31 20:00:00+00:00,2026-08-01 13:00:00+00:00,SEPD,NEWF,1020,ups_dr,IT Power 2N + UPS Distributed Redundancy,0.0118596859523732,0.13592650958839897,1.0,6.75
2026-08-01 03:00:00+00:00,2026-08-01 21:00:00+00:00,SEPD,NEWF,1080,hvdc_2n,IT Power 2N + HVDC 2N,0.0314066805347494,0.08647807260693194,1.0,8.9
2026-08-01 03:00:00+00:00,2026-08-01 21:00:00+00:00,SEPD,NEWF,1080,mains_2n,IT Power 2N + Direct Utility 2N,0.0314066805347494,0.23398706953764523,1.0,0.05
2026-08-01 03:00:00+00:00,2026-08-01 21:00:00+00:00,SEPD,NEWF,1080,ups_2n,IT Power 2N + UPS 2N,0.0314066805347494,0.11679677858115596,1.0,9.0
2026-08-01 03:00:00+00:00,2026-08-01 21:00:00+00:00,SEPD,NEWF,1080,ups_dr,IT Power 2N + UPS Distributed Redundancy,0.0314066805347494,0.1632112173660989,1.0,6.75
2026-08-03 02:00:00+00:00,2026-08-03 21:00:00+00:00,SEPD,NEWF,1140,hvdc_2n,IT Power 2N + HVDC 2N,0.0504451639704308,0.10722210031216889,1.0,8.9
2026-08-03 02:00:00+00:00,2026-08-03 21:00:00+00:00,SEPD,NEWF,1140,mains_2n,IT Power 2N + Direct Utility 2N,0.0504451639704308,0.2698175666052932,1.0,0.05
2026-08-03 02:00:00+00:00,2026-08-03 21:00:00+00:00,SEPD,NEWF,1140,ups_2n,IT Power 2N + UPS 2N,0.0504451639704308,0.14250258404790236,1.0,9.0
2026-08-03 02:00:00+00:00,2026-08-03 21:00:00+00:00,SEPD,NEWF,1140,ups_dr,IT Power 2N + UPS Distributed Redundancy,0.0504451639704308,0.19386280979049836,1.0,6.75
2026-08-03 05:00:00+00:00,2026-08-04 01:00:00+00:00,SEPD,NEWF,1200,hvdc_2n,IT Power 2N + HVDC 2N,0.0494088072826263,0.10598832299769616,1.0,8.9
2026-08-03 05:00:00+00:00,2026-08-04 01:00:00+00:00,SEPD,NEWF,1200,mains_2n,IT Power 2N + Direct Utility 2N,0.0494088072826263,0.26778065492868763,1.0,0.05
2026-08-03 05:00:00+00:00,2026-08-04 01:00:00+00:00,SEPD,NEWF,1200,ups_2n,IT Power 2N + UPS 2N,0.0494088072826263,0.1409896711665032,1.0,9.0
2026-08-03 05:00:00+00:00,2026-08-04 01:00:00+00:00,SEPD,NEWF,1200,ups_dr,IT Power 2N + UPS Distributed Redundancy,0.0494088072826263,0.19208744464459643,1.0,6.75
2026-07-30 17:00:00+00:00,2026-07-31 14:00:00+00:00,SEPD,NEWF,1260,hvdc_2n,IT Power 2N + HVDC 2N,0.1201900776634225,0.2231117017105085,1.0,8.9
2026-07-30 17:00:00+00:00,2026-07-31 14:00:00+00:00,SEPD,NEWF,1260,mains_2n,IT Power 2N + Direct Utility 2N,0.1201900776634225,0.42602220945343977,1.0,0.05
2026-07-30 17:00:00+00:00,2026-07-31 14:00:00+00:00,SEPD,NEWF,1260,ups_2n,IT Power 2N + UPS 2N,0.1201900776634225,0.27733510779132997,1.0,9.0
2026-07-30 17:00:00+00:00,2026-07-31 14:00:00+00:00,SEPD,NEWF,1260,ups_dr,IT Power 2N + UPS Distributed Redundancy,0.1201900776634225,0.34120944924386704,0.9881858261341994,6.679114956805196
2026-08-02 21:00:00+00:00,2026-08-03 19:00:00+00:00,SEPD,NEWF,1320,hvdc_2n,IT Power 2N + HVDC 2N,0.0142068298473278,0.07093500740759366,1.0,8.9
2026-08-02 21:00:00+00:00,2026-08-03 19:00:00+00:00,SEPD,NEWF,1320,mains_2n,IT Power 2N + Direct Utility 2N,0.0142068298473278,0.2045766606149013,1.0,0.05
2026-08-02 21:00:00+00:00,2026-08-03 19:00:00+00:00,SEPD,NEWF,1320,ups_2n,IT Power 2N + UPS 2N,0.0142068298473278,0.09713089881900425,1.0,9.0
2026-08-02 21:00:00+00:00,2026-08-03 19:00:00+00:00,SEPD,NEWF,1320,ups_dr,IT Power 2N + UPS Distributed Redundancy,0.0142068298473278,0.13898751790453276,1.0,6.75
2026-08-03 03:00:00+00:00,2026-08-04 02:00:00+00:00,SEPD,NEWF,1380,hvdc_2n,IT Power 2N + HVDC 2N,0.0483419228243669,0.1047312915056546,1.0,8.9
2026-08-03 03:00:00+00:00,2026-08-04 02:00:00+00:00,SEPD,NEWF,1380,mains_2n,IT Power 2N + Direct Utility 2N,0.0483419228243669,0.26569395962655656,1.0,0.05
2026-08-03 03:00:00+00:00,2026-08-04 02:00:00+00:00,SEPD,NEWF,1380,ups_2n,IT Power 2N + UPS 2N,0.0483419228243669,0.13944624147082377,1.0,9.0
2026-08-03 03:00:00+00:00,2026-08-04 02:00:00+00:00,SEPD,NEWF,1380,ups_dr,IT Power 2N + UPS Distributed Redundancy,0.0483419228243669,0.1902727568622854,1.0,6.75
2026-07-31 08:00:00+00:00,2026-08-01 08:00:00+00:00,SEPD,NEWF,1440,hvdc_2n,IT Power 2N + HVDC 2N,0.013129923966999,0.07005297045290874,1.0,8.9
2026-07-31 08:00:00+00:00,2026-08-01 08:00:00+00:00,SEPD,NEWF,1440,mains_2n,IT Power 2N + Direct Utility 2N,0.013129923966999,0.20282983925090692,1.0,0.05
2026-07-31 08:00:00+00:00,2026-08-01 08:00:00+00:00,SEPD,NEWF,1440,ups_2n,IT Power 2N + UPS 2N,0.013129923966999,0.09600349367937389,1.0,9.0
2026-07-31 08:00:00+00:00,2026-08-01 08:00:00+00:00,SEPD,NEWF,1440,ups_dr,IT Power 2N + UPS Distributed Redundancy,0.013129923966999,0.13757596452828724,1.0,6.75
2026-07-31 22:00:00+00:00,2026-08-01 23:00:00+00:00,SEPD,NEWF,1500,hvdc_2n,IT Power 2N + HVDC 2N,0.0104179834822188,0.06787651472318984,1.0,8.9
2026-07-31 22:00:00+00:00,2026-08-01 23:00:00+00:00,SEPD,NEWF,1500,mains_2n,IT Power 2N + Direct Utility 2N,0.0104179834822188,0.19848022596376375,1.0,0.05
2026-07-31 22:00:00+00:00,2026-08-01 23:00:00+00:00,SEPD,NEWF,1500,ups_2n,IT Power 2N + UPS 2N,0.0104179834822188,0.09321605874809301,1.0,9.0
2026-07-31 22:00:00+00:00,2026-08-01 23:00:00+00:00,SEPD,NEWF,1500,ups_dr,IT Power 2N + UPS Distributed Redundancy,0.0104179834822188,0.13407462536865059,1.0,6.75
2026-08-01 02:00:00+00:00,2026-08-02 04:00:00+00:00,SEPD,NEWF,1560,hvdc_2n,IT Power 2N + HVDC 2N,0.0098469495044132,0.06742629387111426,1.0,8.9
2026-08-01 02:00:00+00:00,2026-08-02 04:00:00+00:00,SEPD,NEWF,1560,mains_2n,IT Power 2N + Direct Utility 2N,0.0098469495044132,0.1975733557398073,1.0,0.05
2026-08-01 02:00:00+00:00,2026-08-02 04:00:00+00:00,SEPD,NEWF,1560,ups_2n,IT Power 2N + UPS 2N,0.0098469495044132,0.09263845876865734,1.0,9.0
2026-08-01 02:00:00+00:00,2026-08-02 04:00:00+00:00,SEPD,NEWF,1560,ups_dr,IT Power 2N + UPS Distributed Redundancy,0.0098469495044132,0.13334704129711006,1.0,6.75
2026-07-31 00:00:00+00:00,2026-08-01 03:00:00+00:00,SEPD,NEWF,1620,hvdc_2n,IT Power 2N + HVDC 2N,0.0121998185817898,0.06929934324203296,1.0,8.9
2026-07-31 00:00:00+00:00,2026-08-01 03:00:00+00:00,SEPD,NEWF,1620,mains_2n,IT Power 2N + Direct Utility 2N,0.0121998185817898,0.2013301088849371,1.0,0.05
2026-07-31 00:00:00+00:00,2026-08-01 03:00:00+00:00,SEPD,NEWF,1620,ups_2n,IT Power 2N + UPS 2N,0.0121998185817898,0.09503920109707362,1.0,9.0
2026-07-31 00:00:00+00:00,2026-08-01 03:00:00+00:00,SEPD,NEWF,1620,ups_dr,IT Power 2N + UPS Distributed Redundancy,0.0121998185817898,0.1363665446731971,1.0,6.75
2026-08-02 12:00:00+00:00,2026-08-03 16:00:00+00:00,SEPD,NEWF,1680,hvdc_2n,IT Power 2N + HVDC 2N,0.0135432386481651,0.07039028914822934,1.0,8.9
2026-08-02 12:00:00+00:00,2026-08-03 16:00:00+00:00,SEPD,NEWF,1680,mains_2n,IT Power 2N + Direct Utility 2N,0.0135432386481651,0.20349894820636436,1.0,0.05
2026-08-02 12:00:00+00:00,2026-08-03 16:00:00+00:00,SEPD,NEWF,1680,ups_2n,IT Power 2N + UPS 2N,0.0135432386481651,0.09643480023441091,1.0,9.0
2026-08-02 12:00:00+00:00,2026-08-03 16:00:00+00:00,SEPD,NEWF,1680,ups_dr,IT Power 2N + UPS Distributed Redundancy,0.0135432386481651,0.13811628619546912,1.0,6.75
2026-08-02 15:00:00+00:00,2026-08-03 20:00:00+00:00,SEPD,NEWF,1740,hvdc_2n,IT Power 2N + HVDC 2N,0.0148038158036003,0.0714283760976191,1.0,8.9
2026-08-02 15:00:00+00:00,2026-08-03 20:00:00+00:00,SEPD,NEWF,1740,mains_2n,IT Power 2N + Direct Utility 2N,0.0148038158036003,0.20554981972207062,1.0,0.05
2026-08-02 15:00:00+00:00,2026-08-03 20:00:00+00:00,SEPD,NEWF,1740,ups_2n,IT Power 2N + UPS 2N,0.0148038158036003,0.09776095738394106,1.0,9.0
2026-08-02 15:00:00+00:00,2026-08-03 20:00:00+00:00,SEPD,NEWF,1740,ups_dr,IT Power 2N + UPS Distributed Redundancy,0.0148038158036003,0.13977523685243312,1.0,6.75
2026-08-01 17:00:00+00:00,2026-08-02 23:00:00+00:00,SEPD,NEWF,1800,hvdc_2n,IT Power 2N + HVDC 2N,0.0165380649966359,0.07287963286956482,1.0,8.9
2026-08-01 17:00:00+00:00,2026-08-02 23:00:00+00:00,SEPD,NEWF,1800,mains_2n,IT Power 2N + Direct Utility 2N,0.0165380649966359,0.2083962970897593,1.0,0.05
2026-08-01 17:00:00+00:00,2026-08-02 23:00:00+00:00,SEPD,NEWF,1800,ups_2n,IT Power 2N + UPS 2N,0.0165380649966359,0.09961199302507223,1.0,9.0
2026-08-01 17:00:00+00:00,2026-08-02 23:00:00+00:00,SEPD,NEWF,1800,ups_dr,IT Power 2N + UPS Distributed Redundancy,0.0165380649966359,0.14208478934753066,1.0,6.75
2026-08-02 16:00:00+00:00,2026-08-03 23:00:00+00:00,SEPD,NEWF,1860,hvdc_2n,IT Power 2N + HVDC 2N,0.0142294752810433,0.07095366476442565,1.0,8.9
2026-08-02 16:00:00+00:00,2026-08-03 23:00:00+00:00,SEPD,NEWF,1860,mains_2n,IT Power 2N + Direct Utility 2N,0.0142294752810433,0.20461351287361612,1.0,0.05
2026-08-02 16:00:00+00:00,2026-08-03 23:00:00+00:00,SEPD,NEWF,1860,ups_2n,IT Power 2N + UPS 2N,0.0142294752810433,0.09715473252800481,1.0,9.0
2026-08-02 16:00:00+00:00,2026-08-03 23:00:00+00:00,SEPD,NEWF,1860,ups_dr,IT Power 2N + UPS Distributed Redundancy,0.0142294752810433,0.13901733035189004,1.0,6.75
2026-08-02 15:00:00+00:00,2026-08-03 23:00:00+00:00,SEPD,NEWF,1920,hvdc_2n,IT Power 2N + HVDC 2N,0.0136878892464571,0.07050869714045678,1.0,8.9
2026-08-02 15:00:00+00:00,2026-08-03 23:00:00+00:00,SEPD,NEWF,1920,mains_2n,IT Power 2N + Direct Utility 2N,0.0136878892464571,0.20373350876419677,1.0,0.05
2026-08-02 15:00:00+00:00,2026-08-03 23:00:00+00:00,SEPD,NEWF,1920,ups_2n,IT Power 2N + UPS 2N,0.0136878892464571,0.09658615600628631,1.0,9.0
2026-08-02 15:00:00+00:00,2026-08-03 23:00:00+00:00,SEPD,NEWF,1920,ups_dr,IT Power 2N + UPS Distributed Redundancy,0.0136878892464571,0.13830580684621097,1.0,6.75
2026-08-01 04:00:00+00:00,2026-08-02 13:00:00+00:00,SEPD,NEWF,1980,hvdc_2n,IT Power 2N + HVDC 2N,0.0325360560686961,0.08759985559949493,1.0,8.9
2026-08-01 04:00:00+00:00,2026-08-02 13:00:00+00:00,SEPD,NEWF,1980,mains_2n,IT Power 2N + Direct Utility 2N,0.0325360560686961,0.2360174078623197,1.0,0.05
2026-08-01 04:00:00+00:00,2026-08-02 13:00:00+00:00,SEPD,NEWF,1980,ups_2n,IT Power 2N + UPS 2N,0.0325360560686961,0.11820206799516539,1.0,9.0
2026-08-01 04:00:00+00:00,2026-08-02 13:00:00+00:00,SEPD,NEWF,1980,ups_dr,IT Power 2N + UPS Distributed Redundancy,0.0325360560686961,0.16491499217534245,1.0,6.75
2026-08-02 05:00:00+00:00,2026-08-03 15:00:00+00:00,SEPD,NEWF,2040,hvdc_2n,IT Power 2N + HVDC 2N,0.0121909400391069,0.06929218559826762,1.0,8.9
2026-08-02 05:00:00+00:00,2026-08-03 15:00:00+00:00,SEPD,NEWF,2040,mains_2n,IT Power 2N + Direct Utility 2N,0.0121909400391069,0.20131583289572502,1.0,0.05
2026-08-02 05:00:00+00:00,2026-08-03 15:00:00+00:00,SEPD,NEWF,2040,ups_2n,IT Power 2N + UPS 2N,0.0121909400391069,0.09503003811706927,1.0,9.0
2026-08-02 05:00:00+00:00,2026-08-03 15:00:00+00:00,SEPD,NEWF,2040,ups_dr,IT Power 2N + UPS Distributed Redundancy,0.0121909400391069,0.1363550431266237,1.0,6.75
2026-08-01 11:00:00+00:00,2026-08-02 22:00:00+00:00,SEPD,NEWF,2100,hvdc_2n,IT Power 2N + HVDC 2N,0.0166765791703294,0.07299670882474653,1.0,8.9
2026-08-01 11:00:00+00:00,2026-08-02 22:00:00+00:00,SEPD,NEWF,2100,mains_2n,IT Power 2N + Direct Utility 2N,0.0166765791703294,0.20862489245110366,1.0,0.05
2026-08-01 11:00:00+00:00,2026-08-02 22:00:00+00:00,SEPD,NEWF,2100,ups_2n,IT Power 2N + UPS 2N,0.0166765791703294,0.09976117138133804,1.0,9.0
2026-08-01 11:00:00+00:00,2026-08-02 22:00:00+00:00,SEPD,NEWF,2100,ups_dr,IT Power 2N + UPS Distributed Redundancy,0.0166765791703294,0.14227061928247056,1.0,6.75
2026-07-30 16:00:00+00:00,2026-08-01 04:00:00+00:00,SEPD,NEWF,2160,hvdc_2n,IT Power 2N + HVDC 2N,0.1164335386421711,0.21507847772275235,1.0,8.9
2026-07-30 16:00:00+00:00,2026-08-01 04:00:00+00:00,SEPD,NEWF,2160,mains_2n,IT Power 2N + Direct Utility 2N,0.1164335386421711,0.4168629771354451,1.0,0.05
2026-07-30 16:00:00+00:00,2026-08-01 04:00:00+00:00,SEPD,NEWF,2160,ups_2n,IT Power 2N + UPS 2N,0.1164335386421711,0.2683917480153932,1.0,9.0
2026-07-30 16:00:00+00:00,2026-08-01 04:00:00+00:00,SEPD,NEWF,2160,ups_dr,IT Power 2N + UPS Distributed Redundancy,0.1164335386421711,0.33198273045874005,1.0,6.75
2026-08-02 09:00:00+00:00,2026-08-03 22:00:00+00:00,SEPD,NEWF,2220,hvdc_2n,IT Power 2N + HVDC 2N,0.0112023172217321,0.06849945189633774,1.0,8.9
2026-08-02 09:00:00+00:00,2026-08-03 22:00:00+00:00,SEPD,NEWF,2220,mains_2n,IT Power 2N + Direct Utility 2N,0.0112023172217321,0.19973094120215976,1.0,0.05
2026-08-02 09:00:00+00:00,2026-08-03 22:00:00+00:00,SEPD,NEWF,2220,ups_2n,IT Power 2N + UPS 2N,0.0112023172217321,0.09401467737594403,1.0,9.0
2026-08-02 09:00:00+00:00,2026-08-03 22:00:00+00:00,SEPD,NEWF,2220,ups_dr,IT Power 2N + UPS Distributed Redundancy,0.0112023172217321,0.13507945217235373,1.0,6.75
2026-07-30 12:00:00+00:00,2026-08-01 02:00:00+00:00,SEPD,NEWF,2280,hvdc_2n,IT Power 2N + HVDC 2N,0.1173312519611308,0.21697893041012548,1.0,8.9
2026-07-30 12:00:00+00:00,2026-08-01 02:00:00+00:00,SEPD,NEWF,2280,mains_2n,IT Power 2N + Direct Utility 2N,0.1173312519611308,0.41904682781347846,1.0,0.05
2026-07-30 12:00:00+00:00,2026-08-01 02:00:00+00:00,SEPD,NEWF,2280,ups_2n,IT Power 2N + UPS 2N,0.1173312519611308,0.27051229247926395,1.0,9.0
2026-07-30 12:00:00+00:00,2026-08-01 02:00:00+00:00,SEPD,NEWF,2280,ups_dr,IT Power 2N + UPS Distributed Redundancy,0.1173312519611308,0.33417629873790267,0.998735551893146,6.742413311358876
2026-08-01 22:00:00+00:00,2026-08-03 13:00:00+00:00,SEPD,NEWF,2340,hvdc_2n,IT Power 2N + HVDC 2N,0.0134262338050151,0.07029464588600548,1.0,8.9
2026-08-01 22:00:00+00:00,2026-08-03 13:00:00+00:00,SEPD,NEWF,2340,mains_2n,IT Power 2N + Direct Utility 2N,0.0134262338050151,0.2033093642107083,1.0,0.05
2026-08-01 22:00:00+00:00,2026-08-03 13:00:00+00:00,SEPD,NEWF,2340,ups_2n,IT Power 2N + UPS 2N,0.0134262338050151,0.09631252675222489,1.0,9.0
2026-08-01 22:00:00+00:00,2026-08-03 13:00:00+00:00,SEPD,NEWF,2340,ups_dr,IT Power 2N + UPS Distributed Redundancy,0.0134262338050151,0.137963146493009,1.0,6.75
2026-08-02 06:00:00+00:00,2026-08-03 22:00:00+00:00,SEPD,NEWF,2400,hvdc_2n,IT Power 2N + HVDC 2N,0.010072739018945,0.06760398121526297,1.0,8.9
2026-08-02 06:00:00+00:00,2026-08-03 22:00:00+00:00,SEPD,NEWF,2400,mains_2n,IT Power 2N + Direct Utility 2N,0.010072739018945,0.19793156265080192,1.0,0.05
2026-08-02 06:00:00+00:00,2026-08-03 22:00:00+00:00,SEPD,NEWF,2400,ups_2n,IT Power 2N + UPS 2N,0.010072739018945,0.09286645939998732,1.0,9.0
2026-08-02 06:00:00+00:00,2026-08-03 22:00:00+00:00,SEPD,NEWF,2400,ups_dr,IT Power 2N + UPS Distributed Redundancy,0.010072739018945,0.13363433129764396,1.0,6.75
2026-08-02 07:00:00+00:00,2026-08-04 00:00:00+00:00,SEPD,NEWF,2460,hvdc_2n,IT Power 2N + HVDC 2N,0.0092914864728774,0.0669910091257275,1.0,8.9
2026-08-02 07:00:00+00:00,2026-08-04 00:00:00+00:00,SEPD,NEWF,2460,mains_2n,IT Power 2N + Direct Utility 2N,0.0092914864728774,0.1966942141678106,1.0,0.05
2026-08-02 07:00:00+00:00,2026-08-04 00:00:00+00:00,SEPD,NEWF,2460,ups_2n,IT Power 2N + UPS 2N,0.0092914864728774,0.09207969420821417,1.0,9.0
2026-08-02 07:00:00+00:00,2026-08-04 00:00:00+00:00,SEPD,NEWF,2460,ups_dr,IT Power 2N + UPS Distributed Redundancy,0.0092914864728774,0.13264250519800203,1.0,6.75
2026-08-01 05:00:00+00:00,2026-08-02 23:00:00+00:00,SEPD,NEWF,2520,hvdc_2n,IT Power 2N + HVDC 2N,0.0111034132697083,0.06842060906790752,1.0,8.9
2026-08-01 05:00:00+00:00,2026-08-02 23:00:00+00:00,SEPD,NEWF,2520,mains_2n,IT Power 2N + Direct Utility 2N,0.0111034132697083,0.1995729015635647,1.0,0.05
2026-08-01 05:00:00+00:00,2026-08-02 23:00:00+00:00,SEPD,NEWF,2520,ups_2n,IT Power 2N + UPS 2N,0.0111034132697083,0.09391363525553773,1.0,9.0
2026-08-01 05:00:00+00:00,2026-08-02 23:00:00+00:00,SEPD,NEWF,2520,ups_dr,IT Power 2N + UPS Distributed Redundancy,0.0111034132697083,0.1349523949353314,1.0,6.75
2026-08-02 05:00:00+00:00,2026-08-04 00:00:00+00:00,SEPD,NEWF,2580,hvdc_2n,IT Power 2N + HVDC 2N,0.0098548480192177,0.06743250236779276,1.0,8.9
2026-08-02 05:00:00+00:00,2026-08-04 00:00:00+00:00,SEPD,NEWF,2580,mains_2n,IT Power 2N + Direct Utility 2N,0.0098548480192177,0.19758587819618878,1.0,0.05
2026-08-02 05:00:00+00:00,2026-08-04 00:00:00+00:00,SEPD,NEWF,2580,ups_2n,IT Power 2N + UPS 2N,0.0098548480192177,0.09264642614147517,1.0,9.0
2026-08-02 05:00:00+00:00,2026-08-04 00:00:00+00:00,SEPD,NEWF,2580,ups_dr,IT Power 2N + UPS Distributed Redundancy,0.0098548480192177,0.13335708238028562,1.0,6.75
2026-08-01 00:00:00+00:00,2026-08-02 20:00:00+00:00,SEPD,NEWF,2640,hvdc_2n,IT Power 2N + HVDC 2N,0.0127695919572606,0.06976011273545273,1.0,8.9
2026-08-01 00:00:00+00:00,2026-08-02 20:00:00+00:00,SEPD,NEWF,2640,mains_2n,IT Power 2N + Direct Utility 2N,0.0127695919572606,0.20224784263192783,1.0,0.05
2026-08-01 00:00:00+00:00,2026-08-02 20:00:00+00:00,SEPD,NEWF,2640,ups_2n,IT Power 2N + UPS 2N,0.0127695919572606,0.09562888381576239,1.0,9.0
2026-08-01 00:00:00+00:00,2026-08-02 20:00:00+00:00,SEPD,NEWF,2640,ups_dr,IT Power 2N + UPS Distributed Redundancy,0.0127695919572606,0.13710635710536453,1.0,6.75
2026-07-29 14:00:00+00:00,2026-07-31 11:00:00+00:00,SEPD,NEWF,2700,hvdc_2n,IT Power 2N + HVDC 2N,0.0191202671997317,0.07509085990888473,1.0,8.9
2026-07-29 14:00:00+00:00,2026-07-31 11:00:00+00:00,SEPD,NEWF,2700,mains_2n,IT Power 2N + Direct Utility 2N,0.0191202671997317,0.212688164255633,1.0,0.05
2026-07-29 14:00:00+00:00,2026-07-31 11:00:00+00:00,SEPD,NEWF,2700,ups_2n,IT Power 2N + UPS 2N,0.0191202671997317,0.10242583341286961,1.0,9.0
2026-07-29 14:00:00+00:00,2026-07-31 11:00:00+00:00,SEPD,NEWF,2700,ups_dr,IT Power 2N + UPS Distributed Redundancy,0.0191202671997317,0.14558249417511548,1.0,6.75
2026-08-01 22:00:00+00:00,2026-08-03 20:00:00+00:00,SEPD,NEWF,2760,hvdc_2n,IT Power 2N + HVDC 2N,0.0119021181940553,0.069059718010699,1.0,8.9
2026-08-01 22:00:00+00:00,2026-08-03 20:00:00+00:00,SEPD,NEWF,2760,mains_2n,IT Power 2N + Direct Utility 2N,0.0119021181940553,0.2008518432868376,1.0,0.05
2026-08-01 22:00:00+00:00,2026-08-03 20:00:00+00:00,SEPD,NEWF,2760,ups_2n,IT Power 2N + UPS 2N,0.0119021181940553,0.09473239435701496,1.0,9.0
2026-08-01 22:00:00+00:00,2026-08-03 20:00:00+00:00,SEPD,NEWF,2760,ups_dr,IT Power 2N + UPS Distributed Redundancy,0.0119021181940553,0.13598133946983137,1.0,6.75
2026-08-01 23:00:00+00:00,2026-08-03 22:00:00+00:00,SEPD,NEWF,2820,hvdc_2n,IT Power 2N + HVDC 2N,0.0111045947881697,0.06842155043735978,1.0,8.9
2026-08-01 23:00:00+00:00,2026-08-03 22:00:00+00:00,SEPD,NEWF,2820,mains_2n,IT Power 2N + Direct Utility 2N,0.0111045947881697,0.19957478896989908,1.0,0.05
2026-08-01 23:00:00+00:00,2026-08-03 22:00:00+00:00,SEPD,NEWF,2820,ups_2n,IT Power 2N + UPS 2N,0.0111045947881697,0.09391484174214458,1.0,9.0
2026-08-01 23:00:00+00:00,2026-08-03 22:00:00+00:00,SEPD,NEWF,2820,ups_dr,IT Power 2N + UPS Distributed Redundancy,0.0111045947881697,0.1349539121808445,1.0,6.75
2026-08-02 02:00:00+00:00,2026-08-04 02:00:00+00:00,SEPD,NEWF,2880,hvdc_2n,IT Power 2N + HVDC 2N,0.0084554422529092,0.06634076438726987,1.0,8.9
2026-08-02 02:00:00+00:00,2026-08-04 02:00:00+00:00,SEPD,NEWF,2880,mains_2n,IT Power 2N + Direct Utility 2N,0.0084554422529092,0.19537656640670728,1.0,0.05
2026-08-02 02:00:00+00:00,2026-08-04 02:00:00+00:00,SEPD,NEWF,2880,ups_2n,IT Power 2N + UPS 2N,0.0084554422529092,0.09124438983896914,1.0,9.0
2026-08-02 02:00:00+00:00,2026-08-04 02:00:00+00:00,SEPD,NEWF,2880,ups_dr,IT Power 2N + UPS Distributed Redundancy,0.0084554422529092,0.13158803335437358,1.0,6.75
2026-08-03 04:00:00+00:00,2026-08-03 05:00:00+00:00,SEPD,OXFN,60,hvdc_2n,IT Power 2N + HVDC 2N,0.0051332349942398,0.0638144187969423,1.0,8.9
2026-08-03 04:00:00+00:00,2026-08-03 05:00:00+00:00,SEPD,OXFN,60,mains_2n,IT Power 2N + Direct Utility 2N,0.0051332349942398,0.1902067006607403,1.0,0.05
2026-08-03 04:00:00+00:00,2026-08-03 05:00:00+00:00,SEPD,OXFN,60,ups_2n,IT Power 2N + UPS 2N,0.0051332349942398,0.08799213487059836,1.0,9.0
2026-08-03 04:00:00+00:00,2026-08-03 05:00:00+00:00,SEPD,OXFN,60,ups_dr,IT Power 2N + UPS Distributed Redundancy,0.0051332349942398,0.12746795126933344,1.0,6.75
2026-08-01 17:00:00+00:00,2026-08-01 19:00:00+00:00,SEPD,OXFN,120,hvdc_2n,IT Power 2N + HVDC 2N,0.0105664472218456,0.06799402387287726,1.0,8.9
2026-08-01 17:00:00+00:00,2026-08-01 19:00:00+00:00,SEPD,OXFN,120,mains_2n,IT Power 2N + Direct Utility 2N,0.0105664472218456,0.19871651646151592,1.0,0.05
2026-08-01 17:00:00+00:00,2026-08-01 19:00:00+00:00,SEPD,OXFN,120,ups_2n,IT Power 2N + UPS 2N,0.0105664472218456,0.09336675794445465,1.0,9.0
2026-08-01 17:00:00+00:00,2026-08-01 19:00:00+00:00,SEPD,OXFN,120,ups_dr,IT Power 2N + UPS Distributed Redundancy,0.0105664472218456,0.13426433948686878,1.0,6.75
2026-08-01 12:00:00+00:00,2026-08-01 15:00:00+00:00,SEPD,OXFN,180,hvdc_2n,IT Power 2N + HVDC 2N,0.2945923233609294,0.7175627588718179,0.5648744822563643,5.4189958580509145
2026-08-01 12:00:00+00:00,2026-08-01 15:00:00+00:00,SEPD,OXFN,180,mains_2n,IT Power 2N + Direct Utility 2N,0.2945923233609294,0.8093702226209973,0.3812595547580053,0.05
2026-08-01 12:00:00+00:00,2026-08-01 15:00:00+00:00,SEPD,OXFN,180,ups_2n,IT Power 2N + UPS 2N,0.2945923233609294,0.7567803080414883,0.48643938391702335,4.891515071336187
2026-08-01 12:00:00+00:00,2026-08-01 15:00:00+00:00,SEPD,OXFN,180,ups_dr,IT Power 2N + UPS Distributed Redundancy,0.2945923233609294,0.7791148452739945,0.3313277320890082,2.737966392534049
2026-08-03 12:00:00+00:00,2026-08-03 16:00:00+00:00,SEPD,OXFN,240,hvdc_2n,IT Power 2N + HVDC 2N,0.0077802441791315,0.06581990456317052,1.0,8.9
2026-08-03 12:00:00+00:00,2026-08-03 16:00:00+00:00,SEPD,OXFN,240,mains_2n,IT Power 2N + Direct Utility 2N,0.0077802441791315,0.19431730694201602,1.0,0.05
2026-08-03 12:00:00+00:00,2026-08-03 16:00:00+00:00,SEPD,OXFN,240,ups_2n,IT Power 2N + UPS 2N,0.0077802441791315,0.09057477142311998,1.0,9.0
2026-08-03 12:00:00+00:00,2026-08-03 16:00:00+00:00,SEPD,OXFN,240,ups_dr,IT Power 2N + UPS Distributed Redundancy,0.0077802441791315,0.13074163002306713,1.0,6.75
2026-08-02 11:00:00+00:00,2026-08-02 16:00:00+00:00,SEPD,OXFN,300,hvdc_2n,IT Power 2N + HVDC 2N,0.0177018713599705,0.07386871480088049,1.0,8.9
2026-08-02 11:00:00+00:00,2026-08-02 16:00:00+00:00,SEPD,OXFN,300,mains_2n,IT Power 2N + Direct Utility 2N,0.0177018713599705,0.2103227127350521,1.0,0.05
2026-08-02 11:00:00+00:00,2026-08-02 16:00:00+00:00,SEPD,OXFN,300,ups_2n,IT Power 2N + UPS 2N,0.0177018713599705,0.1008715895710497,1.0,9.0
2026-08-02 11:00:00+00:00,2026-08-02 16:00:00+00:00,SEPD,OXFN,300,ups_dr,IT Power 2N + UPS Distributed Redundancy,0.0177018713599705,0.1436524566959706,1.0,6.75
2026-08-03 10:00:00+00:00,2026-08-03 16:00:00+00:00,SEPD,OXFN,360,hvdc_2n,IT Power 2N + HVDC 2N,0.0090969975028661,0.06683921667042318,1.0,8.9
2026-08-03 10:00:00+00:00,2026-08-03 16:00:00+00:00,SEPD,OXFN,360,mains_2n,IT Power 2N + Direct Utility 2N,0.0090969975028661,0.19638709197032206,1.0,0.05
2026-08-03 10:00:00+00:00,2026-08-03 16:00:00+00:00,SEPD,OXFN,360,ups_2n,IT Power 2N + UPS 2N,0.0090969975028661,0.09188476614956183,1.0,9.0
2026-08-03 10:00:00+00:00,2026-08-03 16:00:00+00:00,SEPD,OXFN,360,ups_dr,IT Power 2N + UPS Distributed Redundancy,0.0090969975028661,0.13239656633437272,1.0,6.75
2026-08-01 07:00:00+00:00,2026-08-01 14:00:00+00:00,SEPD,OXFN,420,hvdc_2n,IT Power 2N + HVDC 2N,0.0319187812096152,0.08698510998987086,1.0,8.9
2026-08-01 07:00:00+00:00,2026-08-01 14:00:00+00:00,SEPD,OXFN,420,mains_2n,IT Power 2N + Direct Utility 2N,0.0319187812096152,0.23490619411550617,1.0,0.05
2026-08-01 07:00:00+00:00,2026-08-01 14:00:00+00:00,SEPD,OXFN,420,ups_2n,IT Power 2N + UPS 2N,0.0319187812096152,0.11743218360390462,1.0,9.0
2026-08-01 07:00:00+00:00,2026-08-01 14:00:00+00:00,SEPD,OXFN,420,ups_dr,IT Power 2N + UPS Distributed Redundancy,0.0319187812096152,0.16398200980977046,1.0,6.75
2026-08-02 19:00:00+00:00,2026-08-03 03:00:00+00:00,SEPD,OXFN,480,hvdc_2n,IT Power 2N + HVDC 2N,0.0117372759281937,0.06892736324261167,1.0,8.9
2026-08-02 19:00:00+00:00,2026-08-03 03:00:00+00:00,SEPD,OXFN,480,mains_2n,IT Power 2N + Direct Utility 2N,0.0117372759281937,0.20058738480928653,1.0,0.05
2026-08-02 19:00:00+00:00,2026-08-03 03:00:00+00:00,SEPD,OXFN,480,ups_2n,IT Power 2N + UPS 2N,0.0117372759281937,0.09456289144806844,1.0,9.0
2026-08-02 19:00:00+00:00,2026-08-03 03:00:00+00:00,SEPD,OXFN,480,ups_dr,IT Power 2N + UPS Distributed Redundancy,0.0117372759281937,0.13576843880776554,1.0,6.75
2026-08-02 16:00:00+00:00,2026-08-03 01:00:00+00:00,SEPD,OXFN,540,hvdc_2n,IT Power 2N + HVDC 2N,0.0123018774381317,0.06938166952050089,1.0,8.9
2026-08-02 16:00:00+00:00,2026-08-03 01:00:00+00:00,SEPD,OXFN,540,mains_2n,IT Power 2N + Direct Utility 2N,0.0123018774381317,0.20149426576971996,1.0,0.05
2026-08-02 16:00:00+00:00,2026-08-03 01:00:00+00:00,SEPD,OXFN,540,ups_2n,IT Power 2N + UPS 2N,0.0123018774381317,0.09514458635873618,1.0,9.0
2026-08-02 16:00:00+00:00,2026-08-03 01:00:00+00:00,SEPD,OXFN,540,ups_dr,IT Power 2N + UPS Distributed Redundancy,0.0123018774381317,0.13649881363964356,1.0,6.75
2026-08-03 06:00:00+00:00,2026-08-03 16:00:00+00:00,SEPD,OXFN,600,hvdc_2n,IT Power 2N + HVDC 2N,0.0160605590897025,0.07247735699360175,1.0,8.9
2026-08-03 06:00:00+00:00,2026-08-03 16:00:00+00:00,SEPD,OXFN,600,mains_2n,IT Power 2N + Direct Utility 2N,0.0160605590897025,0.20760966540134032,1.0,0.05
2026-08-03 06:00:00+00:00,2026-08-03 16:00:00+00:00,SEPD,OXFN,600,ups_2n,IT Power 2N + UPS 2N,0.0160605590897025,0.09909924393262934,1.0,9.0
2026-08-03 06:00:00+00:00,2026-08-03 16:00:00+00:00,SEPD,OXFN,600,ups_dr,IT Power 2N + UPS Distributed Redundancy,0.0160605590897025,0.14144572189874605,1.0,6.75
2026-08-02 11:00:00+00:00,2026-08-02 22:00:00+00:00,SEPD,OXFN,660,hvdc_2n,IT Power 2N + HVDC 2N,0.0140522157059922,0.07080774333457782,1.0,8.9
2026-08-02 11:00:00+00:00,2026-08-02 22:00:00+00:00,SEPD,OXFN,660,mains_2n,IT Power 2N + Direct Utility 2N,0.0140522157059922,0.20432517959340454,1.0,0.05
2026-08-02 11:00:00+00:00,2026-08-02 22:00:00+00:00,SEPD,OXFN,660,ups_2n,IT Power 2N + UPS 2N,0.0140522157059922,0.09696831099034216,1.0,9.0
2026-08-02 11:00:00+00:00,2026-08-02 22:00:00+00:00,SEPD,OXFN,660,ups_dr,IT Power 2N + UPS Distributed Redundancy,0.0140522157059922,0.13878411344624478,1.0,6.75
2026-08-02 16:00:00+00:00,2026-08-03 04:00:00+00:00,SEPD,OXFN,720,hvdc_2n,IT Power 2N + HVDC 2N,0.0133556464345734,0.07023700376700247,1.0,8.9
2026-08-02 16:00:00+00:00,2026-08-03 04:00:00+00:00,SEPD,OXFN,720,mains_2n,IT Power 2N + Direct Utility 2N,0.0133556464345734,0.2031950544969349,1.0,0.05
2026-08-02 16:00:00+00:00,2026-08-03 04:00:00+00:00,SEPD,OXFN,720,ups_2n,IT Power 2N + UPS 2N,0.0133556464345734,0.09623882788984496,1.0,9.0
2026-08-02 16:00:00+00:00,2026-08-03 04:00:00+00:00,SEPD,OXFN,720,ups_dr,IT Power 2N + UPS Distributed Redundancy,0.0133556464345734,0.13787082846386056,1.0,6.75
2026-07-31 20:00:00+00:00,2026-08-01 09:00:00+00:00,SEPD,OXFN,780,hvdc_2n,IT Power 2N + HVDC 2N,0.011635799736508,0.06884600305555875,1.0,8.9
2026-07-31 20:00:00+00:00,2026-08-01 09:00:00+00:00,SEPD,OXFN,780,mains_2n,IT Power 2N + Direct Utility 2N,0.011635799736508,0.20042471505758194,1.0,0.05
2026-07-31 20:00:00+00:00,2026-08-01 09:00:00+00:00,SEPD,OXFN,780,ups_2n,IT Power 2N + UPS 2N,0.011635799736508,0.09445868129728113,1.0,9.0
2026-07-31 20:00:00+00:00,2026-08-01 09:00:00+00:00,SEPD,OXFN,780,ups_dr,IT Power 2N + UPS Distributed Redundancy,0.011635799736508,0.1356375178385006,1.0,6.75
2026-08-03 12:00:00+00:00,2026-08-04 02:00:00+00:00,SEPD,OXFN,840,hvdc_2n,IT Power 2N + HVDC 2N,0.0109339380114577,0.06828570467874132,1.0,8.9
2026-08-03 12:00:00+00:00,2026-08-04 02:00:00+00:00,SEPD,OXFN,840,mains_2n,IT Power 2N + Direct Utility 2N,0.0109339380114577,0.19930231358973946,1.0,0.05
2026-08-03 12:00:00+00:00,2026-08-04 02:00:00+00:00,SEPD,OXFN,840,ups_2n,IT Power 2N + UPS 2N,0.0109339380114577,0.09374072246106581,1.0,9.0
2026-08-03 12:00:00+00:00,2026-08-04 02:00:00+00:00,SEPD,OXFN,840,ups_dr,IT Power 2N + UPS Distributed Redundancy,0.0109339380114577,0.13473491258519762,1.0,6.75
2026-08-02 23:00:00+00:00,2026-08-03 14:00:00+00:00,SEPD,OXFN,900,hvdc_2n,IT Power 2N + HVDC 2N,0.0162953840021004,0.07267492930545498,1.0,8.9
2026-08-02 23:00:00+00:00,2026-08-03 14:00:00+00:00,SEPD,OXFN,900,mains_2n,IT Power 2N + Direct Utility 2N,0.0162953840021004,0.20799623615907598,1.0,0.05
2026-08-02 23:00:00+00:00,2026-08-03 14:00:00+00:00,SEPD,OXFN,900,ups_2n,IT Power 2N + UPS 2N,0.0162953840021004,0.09935110632175527,1.0,9.0
2026-08-02 23:00:00+00:00,2026-08-03 14:00:00+00:00,SEPD,OXFN,900,ups_dr,IT Power 2N + UPS Distributed Redundancy,0.0162953840021004,0.14175969800801727,1.0,6.75
2026-08-01 09:00:00+00:00,2026-08-02 01:00:00+00:00,SEPD,OXFN,960,hvdc_2n,IT Power 2N + HVDC 2N,0.0282176667485812,0.08338040915779649,1.0,8.9
2026-08-01 09:00:00+00:00,2026-08-02 01:00:00+00:00,SEPD,OXFN,960,mains_2n,IT Power 2N + Direct Utility 2N,0.0282176667485812,0.2283197304431799,1.0,0.05
2026-08-01 09:00:00+00:00,2026-08-02 01:00:00+00:00,SEPD,OXFN,960,ups_2n,IT Power 2N + UPS 2N,0.0282176667485812,0.1129067350389189,1.0,9.0
2026-08-01 09:00:00+00:00,2026-08-02 01:00:00+00:00,SEPD,OXFN,960,ups_dr,IT Power 2N + UPS Distributed Redundancy,0.0282176667485812,0.15847676091655,1.0,6.75
2026-07-31 03:00:00+00:00,2026-07-31 20:00:00+00:00,SEPD,OXFN,1020,hvdc_2n,IT Power 2N + HVDC 2N,0.0163714132147786,0.07273900355112266,1.0,8.9
2026-07-31 03:00:00+00:00,2026-07-31 20:00:00+00:00,SEPD,OXFN,1020,mains_2n,IT Power 2N + Direct Utility 2N,0.0163714132147786,0.2081215097774089,1.0,0.05
2026-07-31 03:00:00+00:00,2026-07-31 20:00:00+00:00,SEPD,OXFN,1020,ups_2n,IT Power 2N + UPS 2N,0.0163714132147786,0.0994327737188878,1.0,9.0
2026-07-31 03:00:00+00:00,2026-07-31 20:00:00+00:00,SEPD,OXFN,1020,ups_dr,IT Power 2N + UPS Distributed Redundancy,0.0163714132147786,0.14186147860008577,1.0,6.75
2026-08-02 05:00:00+00:00,2026-08-02 23:00:00+00:00,SEPD,OXFN,1080,hvdc_2n,IT Power 2N + HVDC 2N,0.0111894040951815,0.06848915322063345,1.0,8.9
2026-08-02 05:00:00+00:00,2026-08-02 23:00:00+00:00,SEPD,OXFN,1080,mains_2n,IT Power 2N + Direct Utility 2N,0.0111894040951815,0.19971030185567,1.0,0.05
2026-08-02 05:00:00+00:00,2026-08-02 23:00:00+00:00,SEPD,OXFN,1080,ups_2n,IT Power 2N + UPS 2N,0.0111894040951815,0.09400147955738199,1.0,9.0
2026-08-02 05:00:00+00:00,2026-08-02 23:00:00+00:00,SEPD,OXFN,1080,ups_dr,IT Power 2N + UPS Distributed Redundancy,0.0111894040951815,0.1350628575609893,1.0,6.75
2026-08-01 23:00:00+00:00,2026-08-02 18:00:00+00:00,SEPD,OXFN,1140,hvdc_2n,IT Power 2N + HVDC 2N,0.0127039698531943,0.0697069008032767,1.0,8.9
2026-08-01 23:00:00+00:00,2026-08-02 18:00:00+00:00,SEPD,OXFN,1140,mains_2n,IT Power 2N + Direct Utility 2N,0.0127039698531943,0.20214198621940782,1.0,0.05
2026-08-01 23:00:00+00:00,2026-08-02 18:00:00+00:00,SEPD,OXFN,1140,ups_2n,IT Power 2N + UPS 2N,0.0127039698531943,0.09556080235344953,1.0,9.0
2026-08-01 23:00:00+00:00,2026-08-02 18:00:00+00:00,SEPD,OXFN,1140,ups_dr,IT Power 2N + UPS Distributed Redundancy,0.0127039698531943,0.13702097950794465,1.0,6.75
2026-08-01 05:00:00+00:00,2026-08-02 01:00:00+00:00,SEPD,OXFN,1200,hvdc_2n,IT Power 2N + HVDC 2N,0.009448655444886,0.06711390820909546,1.0,8.9
2026-08-01 05:00:00+00:00,2026-08-02 01:00:00+00:00,SEPD,OXFN,1200,mains_2n,IT Power 2N + Direct Utility 2N,0.009448655444886,0.19694266833308635,1.0,0.05
2026-08-01 05:00:00+00:00,2026-08-02 01:00:00+00:00,SEPD,OXFN,1200,ups_2n,IT Power 2N + UPS 2N,0.009448655444886,0.0922374894052567,1.0,9.0
2026-08-01 05:00:00+00:00,2026-08-02 01:00:00+00:00,SEPD,OXFN,1200,ups_dr,IT Power 2N + UPS Distributed Redundancy,0.009448655444886,0.1328415341026387,1.0,6.75
2026-08-03 04:00:00+00:00,2026-08-04 01:00:00+00:00,SEPD,OXFN,1260,hvdc_2n,IT Power 2N + HVDC 2N,0.0110908891418069,0.068410631263818,1.0,8.9
2026-08-03 04:00:00+00:00,2026-08-04 01:00:00+00:00,SEPD,OXFN,1260,mains_2n,IT Power 2N + Direct Utility 2N,0.0110908891418069,0.1995528958287402,1.0,0.05
2026-08-03 04:00:00+00:00,2026-08-04 01:00:00+00:00,SEPD,OXFN,1260,ups_2n,IT Power 2N + UPS 2N,0.0110908891418069,0.09390084731872461,1.0,9.0
2026-08-03 04:00:00+00:00,2026-08-04 01:00:00+00:00,SEPD,OXFN,1260,ups_dr,IT Power 2N + UPS Distributed Redundancy,0.0110908891418069,0.1349363129766349,1.0,6.75
2026-08-01 09:00:00+00:00,2026-08-02 07:00:00+00:00,SEPD,OXFN,1320,hvdc_2n,IT Power 2N + HVDC 2N,0.0294722594110641,0.08458684371881259,1.0,8.9
2026-08-01 09:00:00+00:00,2026-08-02 07:00:00+00:00,SEPD,OXFN,1320,mains_2n,IT Power 2N + Direct Utility 2N,0.0294722594110641,0.23053772603918096,1.0,0.05
2026-08-01 09:00:00+00:00,2026-08-02 07:00:00+00:00,SEPD,OXFN,1320,ups_2n,IT Power 2N + UPS 2N,0.0294722594110641,0.11442344739543112,1.0,9.0
2026-08-01 09:00:00+00:00,2026-08-02 07:00:00+00:00,SEPD,OXFN,1320,ups_dr,IT Power 2N + UPS Distributed Redundancy,0.0294722594110641,0.16032591013293448,1.0,6.75
2026-08-03 03:00:00+00:00,2026-08-04 02:00:00+00:00,SEPD,OXFN,1380,hvdc_2n,IT Power 2N + HVDC 2N,0.0096492435210296,0.06727106302139775,1.0,8.9
2026-08-03 03:00:00+00:00,2026-08-04 02:00:00+00:00,SEPD,OXFN,1380,mains_2n,IT Power 2N + Direct Utility 2N,0.0096492435210296,0.19726010378131084,1.0,0.05
2026-08-03 03:00:00+00:00,2026-08-04 02:00:00+00:00,SEPD,OXFN,1380,ups_2n,IT Power 2N + UPS 2N,0.0096492435210296,0.09243922955473904,1.0,9.0
2026-08-03 03:00:00+00:00,2026-08-04 02:00:00+00:00,SEPD,OXFN,1380,ups_dr,IT Power 2N + UPS Distributed Redundancy,0.0096492435210296,0.13309591350779842,1.0,6.75
2026-08-01 01:00:00+00:00,2026-08-02 01:00:00+00:00,SEPD,OXFN,1440,hvdc_2n,IT Power 2N + HVDC 2N,0.0091816900526677,0.06690527722429183,1.0,8.9
2026-08-01 01:00:00+00:00,2026-08-02 01:00:00+00:00,SEPD,OXFN,1440,mains_2n,IT Power 2N + Direct Utility 2N,0.0091816900526677,0.1965207874467691,1.0,0.05
2026-08-01 01:00:00+00:00,2026-08-02 01:00:00+00:00,SEPD,OXFN,1440,ups_2n,IT Power 2N + UPS 2N,0.0091816900526677,0.09196960427479096,1.0,9.0
2026-08-01 01:00:00+00:00,2026-08-02 01:00:00+00:00,SEPD,OXFN,1440,ups_dr,IT Power 2N + UPS Distributed Redundancy,0.0091816900526677,0.13250361582436485,1.0,6.75
2026-08-02 02:00:00+00:00,2026-08-03 03:00:00+00:00,SEPD,OXFN,1500,hvdc_2n,IT Power 2N + HVDC 2N,0.0091608484466397,0.06688901506159074,1.0,8.9
2026-08-02 02:00:00+00:00,2026-08-03 03:00:00+00:00,SEPD,OXFN,1500,mains_2n,IT Power 2N + Direct Utility 2N,0.0091608484466397,0.19648788055572605,1.0,0.05
2026-08-02 02:00:00+00:00,2026-08-03 03:00:00+00:00,SEPD,OXFN,1500,ups_2n,IT Power 2N + UPS 2N,0.0091608484466397,0.09194872031667556,1.0,9.0
2026-08-02 02:00:00+00:00,2026-08-03 03:00:00+00:00,SEPD,OXFN,1500,ups_dr,IT Power 2N + UPS Distributed Redundancy,0.0091608484466397,0.13247726569935328,1.0,6.75
2026-08-02 11:00:00+00:00,2026-08-03 13:00:00+00:00,SEPD,OXFN,1560,hvdc_2n,IT Power 2N + HVDC 2N,0.017894624205663,0.07403371703686994,1.0,8.9
2026-08-02 11:00:00+00:00,2026-08-03 13:00:00+00:00,SEPD,OXFN,1560,mains_2n,IT Power 2N + Direct Utility 2N,0.017894624205663,0.21064302904037183,1.0,0.05
2026-08-02 11:00:00+00:00,2026-08-03 13:00:00+00:00,SEPD,OXFN,1560,ups_2n,IT Power 2N + UPS 2N,0.017894624205663,0.10108156745788445,1.0,9.0
2026-08-02 11:00:00+00:00,2026-08-03 13:00:00+00:00,SEPD,OXFN,1560,ups_dr,IT Power 2N + UPS Distributed Redundancy,0.017894624205663,0.14391348325164294,1.0,6.75
2026-08-02 17:00:00+00:00,2026-08-03 20:00:00+00:00,SEPD,OXFN,1620,hvdc_2n,IT Power 2N + HVDC 2N,0.013866107299678,0.07065483585263678,1.0,8.9
2026-08-02 17:00:00+00:00,2026-08-03 20:00:00+00:00,SEPD,OXFN,1620,mains_2n,IT Power 2N + Direct Utility 2N,0.013866107299678,0.20402277773692293,1.0,0.05
2026-08-02 17:00:00+00:00,2026-08-03 20:00:00+00:00,SEPD,OXFN,1620,ups_2n,IT Power 2N + UPS 2N,0.013866107299678,0.09677292692173126,1.0,9.0
2026-08-02 17:00:00+00:00,2026-08-03 20:00:00+00:00,SEPD,OXFN,1620,ups_dr,IT Power 2N + UPS Distributed Redundancy,0.013866107299678,0.13853960758239348,1.0,6.75
2026-08-02 12:00:00+00:00,2026-08-03 16:00:00+00:00,SEPD,OXFN,1680,hvdc_2n,IT Power 2N + HVDC 2N,0.0166675663957545,0.07298908571476881,1.0,8.9
2026-08-02 12:00:00+00:00,2026-08-03 16:00:00+00:00,SEPD,OXFN,1680,mains_2n,IT Power 2N + Direct Utility 2N,0.0166675663957545,0.20861001270177443,1.0,0.05
2026-08-02 12:00:00+00:00,2026-08-03 16:00:00+00:00,SEPD,OXFN,1680,ups_2n,IT Power 2N + UPS 2N,0.0166675663957545,0.09975145867549255,1.0,9.0
2026-08-02 12:00:00+00:00,2026-08-03 16:00:00+00:00,SEPD,OXFN,1680,ups_dr,IT Power 2N + UPS Distributed Redundancy,0.0166675663957545,0.14225852162455113,1.0,6.75
2026-08-02 07:00:00+00:00,2026-08-03 12:00:00+00:00,SEPD,OXFN,1740,hvdc_2n,IT Power 2N + HVDC 2N,0.015050497802383,0.07163316556498564,1.0,8.9
2026-08-02 07:00:00+00:00,2026-08-03 12:00:00+00:00,SEPD,OXFN,1740,mains_2n,IT Power 2N + Direct Utility 2N,0.015050497802383,0.20595294179011248,1.0,0.05
2026-08-02 07:00:00+00:00,2026-08-03 12:00:00+00:00,SEPD,OXFN,1740,ups_2n,IT Power 2N + UPS 2N,0.015050497802383,0.09802236779071943,1.0,9.0
2026-08-02 07:00:00+00:00,2026-08-03 12:00:00+00:00,SEPD,OXFN,1740,ups_dr,IT Power 2N + UPS Distributed Redundancy,0.015050497802383,0.14010182225720588,1.0,6.75
2026-07-31 19:00:00+00:00,2026-08-02 01:00:00+00:00,SEPD,OXFN,1800,hvdc_2n,IT Power 2N + HVDC 2N,0.0098483024314276,0.06742735727933695,1.0,8.9
2026-07-31 19:00:00+00:00,2026-08-02 01:00:00+00:00,SEPD,OXFN,1800,mains_2n,IT Power 2N + Direct Utility 2N,0.0098483024314276,0.1975755006537025,1.0,0.05
2026-07-31 19:00:00+00:00,2026-08-02 01:00:00+00:00,SEPD,OXFN,1800,ups_2n,IT Power 2N + UPS 2N,0.0098483024314276,0.0926398234466109,1.0,9.0
2026-07-31 19:00:00+00:00,2026-08-02 01:00:00+00:00,SEPD,OXFN,1800,ups_dr,IT Power 2N + UPS Distributed Redundancy,0.0098483024314276,0.13334876117665584,1.0,6.75
2026-08-02 14:00:00+00:00,2026-08-03 21:00:00+00:00,SEPD,OXFN,1860,hvdc_2n,IT Power 2N + HVDC 2N,0.0139721502596562,0.07074192378089776,1.0,8.9
2026-08-02 14:00:00+00:00,2026-08-03 21:00:00+00:00,SEPD,OXFN,1860,mains_2n,IT Power 2N + Direct Utility 2N,0.0139721502596562,0.20419504288729745,1.0,0.05
2026-08-02 14:00:00+00:00,2026-08-03 21:00:00+00:00,SEPD,OXFN,1860,ups_2n,IT Power 2N + UPS 2N,0.0139721502596562,0.09688421195281668,1.0,9.0
2026-08-02 14:00:00+00:00,2026-08-03 21:00:00+00:00,SEPD,OXFN,1860,ups_dr,IT Power 2N + UPS Distributed Redundancy,0.0139721502596562,0.13867888057165215,1.0,6.75
2026-07-31 23:00:00+00:00,2026-08-02 07:00:00+00:00,SEPD,OXFN,1920,hvdc_2n,IT Power 2N + HVDC 2N,0.0095742378018642,0.06721225833504024,1.0,8.9
2026-07-31 23:00:00+00:00,2026-08-02 07:00:00+00:00,SEPD,OXFN,1920,mains_2n,IT Power 2N + Direct Utility 2N,0.0095742378018642,0.1971413602775868,1.0,0.05
2026-07-31 23:00:00+00:00,2026-08-02 07:00:00+00:00,SEPD,OXFN,1920,ups_2n,IT Power 2N + UPS 2N,0.0095742378018642,0.0923637466951998,1.0,9.0
2026-07-31 23:00:00+00:00,2026-08-02 07:00:00+00:00,SEPD,OXFN,1920,ups_dr,IT Power 2N + UPS Distributed Redundancy,0.0095742378018642,0.13300074541580928,1.0,6.75
2026-07-29 21:00:00+00:00,2026-07-31 06:00:00+00:00,SEPD,OXFN,1980,hvdc_2n,IT Power 2N + HVDC 2N,0.0167457445424245,0.07305523412073245,1.0,8.9
2026-07-29 21:00:00+00:00,2026-07-31 06:00:00+00:00,SEPD,OXFN,1980,mains_2n,IT Power 2N + Direct Utility 2N,0.0167457445424245,0.20873910787191818,1.0,0.05
2026-07-29 21:00:00+00:00,2026-07-31 06:00:00+00:00,SEPD,OXFN,1980,ups_2n,IT Power 2N + UPS 2N,0.0167457445424245,0.09983573612215522,1.0,9.0
2026-07-29 21:00:00+00:00,2026-07-31 06:00:00+00:00,SEPD,OXFN,1980,ups_dr,IT Power 2N + UPS Distributed Redundancy,0.0167457445424245,0.14236348707177132,1.0,6.75
2026-08-02 07:00:00+00:00,2026-08-03 17:00:00+00:00,SEPD,OXFN,2040,hvdc_2n,IT Power 2N + HVDC 2N,0.0128890378565164,0.06985706598719578,1.0,8.9
2026-08-02 07:00:00+00:00,2026-08-03 17:00:00+00:00,SEPD,OXFN,2040,mains_2n,IT Power 2N + Direct Utility 2N,0.0128890378565164,0.20244062955116132,1.0,0.05
2026-08-02 07:00:00+00:00,2026-08-03 17:00:00+00:00,SEPD,OXFN,2040,ups_2n,IT Power 2N + UPS 2N,0.0128890378565164,0.09575291759558995,1.0,9.0
2026-08-02 07:00:00+00:00,2026-08-03 17:00:00+00:00,SEPD,OXFN,2040,ups_dr,IT Power 2N + UPS Distributed Redundancy,0.0128890378565164,0.13726187696396952,1.0,6.75
2026-08-01 16:00:00+00:00,2026-08-03 03:00:00+00:00,SEPD,OXFN,2100,hvdc_2n,IT Power 2N + HVDC 2N,0.0142172186266151,0.0709435660611167,1.0,8.9
2026-08-01 16:00:00+00:00,2026-08-03 03:00:00+00:00,SEPD,OXFN,2100,mains_2n,IT Power 2N + Direct Utility 2N,0.0142172186266151,0.2045935662800822,1.0,0.05
2026-08-01 16:00:00+00:00,2026-08-03 03:00:00+00:00,SEPD,OXFN,2100,ups_2n,IT Power 2N + UPS 2N,0.0142172186266151,0.09714183208151192,1.0,9.0
2026-08-01 16:00:00+00:00,2026-08-03 03:00:00+00:00,SEPD,OXFN,2100,ups_dr,IT Power 2N + UPS Distributed Redundancy,0.0142172186266151,0.13900119394471955,1.0,6.75
2026-08-02 08:00:00+00:00,2026-08-03 20:00:00+00:00,SEPD,OXFN,2160,hvdc_2n,IT Power 2N + HVDC 2N,0.0122259642480148,0.06932042515409338,1.0,8.9
2026-08-02 08:00:00+00:00,2026-08-03 20:00:00+00:00,SEPD,OXFN,2160,mains_2n,IT Power 2N + Direct Utility 2N,0.0122259642480148,0.20137215343081516,1.0,0.05
2026-08-02 08:00:00+00:00,2026-08-03 20:00:00+00:00,SEPD,OXFN,2160,ups_2n,IT Power 2N + UPS 2N,0.0122259642480148,0.0950661889715812,1.0,9.0
2026-08-02 08:00:00+00:00,2026-08-03 20:00:00+00:00,SEPD,OXFN,2160,ups_dr,IT Power 2N + UPS Distributed Redundancy,0.0122259642480148,0.13640041934610903,1.0,6.75
2026-07-27 17:00:00+00:00,2026-07-29 06:00:00+00:00,SEPD,OXFN,2220,hvdc_2n,IT Power 2N + HVDC 2N,0.0170516039035373,0.07331456004672378,1.0,8.9
2026-07-27 17:00:00+00:00,2026-07-29 06:00:00+00:00,SEPD,OXFN,2220,mains_2n,IT Power 2N + Direct Utility 2N,0.0170516039035373,0.2092447369312827,1.0,0.05
2026-07-27 17:00:00+00:00,2026-07-29 06:00:00+00:00,SEPD,OXFN,2220,ups_2n,IT Power 2N + UPS 2N,0.0170516039035373,0.10016606660808304,1.0,9.0
2026-07-27 17:00:00+00:00,2026-07-29 06:00:00+00:00,SEPD,OXFN,2220,ups_dr,IT Power 2N + UPS Distributed Redundancy,0.0170516039035373,0.1427747682277468,1.0,6.75
2026-08-02 10:00:00+00:00,2026-08-04 00:00:00+00:00,SEPD,OXFN,2280,hvdc_2n,IT Power 2N + HVDC 2N,0.0135622174480398,0.07040581432033033,1.0,8.9
2026-08-02 10:00:00+00:00,2026-08-04 00:00:00+00:00,SEPD,OXFN,2280,mains_2n,IT Power 2N + Direct Utility 2N,0.0135622174480398,0.2035297121287503,1.0,0.05
2026-08-02 10:00:00+00:00,2026-08-04 00:00:00+00:00,SEPD,OXFN,2280,ups_2n,IT Power 2N + UPS 2N,0.0135622174480398,0.0964546467006445,1.0,9.0
2026-08-02 10:00:00+00:00,2026-08-04 00:00:00+00:00,SEPD,OXFN,2280,ups_dr,IT Power 2N + UPS Distributed Redundancy,0.0135622174480398,0.13814113970984682,1.0,6.75
2026-08-01 19:00:00+00:00,2026-08-03 10:00:00+00:00,SEPD,OXFN,2340,hvdc_2n,IT Power 2N + HVDC 2N,0.018249331791134,0.07433824383610088,1.0,8.9
2026-08-01 19:00:00+00:00,2026-08-03 10:00:00+00:00,SEPD,OXFN,2340,mains_2n,IT Power 2N + Direct Utility 2N,0.018249331791134,0.21123341570102822,1.0,0.05
2026-08-01 19:00:00+00:00,2026-08-03 10:00:00+00:00,SEPD,OXFN,2340,ups_2n,IT Power 2N + UPS 2N,0.018249331791134,0.10146898686715307,1.0,9.0
2026-08-01 19:00:00+00:00,2026-08-03 10:00:00+00:00,SEPD,OXFN,2340,ups_dr,IT Power 2N + UPS Distributed Redundancy,0.018249331791134,0.14439486050844805,1.0,6.75
2026-08-02 08:00:00+00:00,2026-08-04 00:00:00+00:00,SEPD,OXFN,2400,hvdc_2n,IT Power 2N + HVDC 2N,0.0109112131212792,0.068267634139939,1.0,8.9
2026-08-02 08:00:00+00:00,2026-08-04 00:00:00+00:00,SEPD,OXFN,2400,mains_2n,IT Power 2N + Direct Utility 2N,0.0109112131212792,0.19926605148321586,1.0,0.05
2026-08-02 08:00:00+00:00,2026-08-04 00:00:00+00:00,SEPD,OXFN,2400,ups_2n,IT Power 2N + UPS 2N,0.0109112131212792,0.09371755834741388,1.0,9.0
2026-08-02 08:00:00+00:00,2026-08-04 00:00:00+00:00,SEPD,OXFN,2400,ups_dr,IT Power 2N + UPS Distributed Redundancy,0.0109112131212792,0.1347057729473846,1.0,6.75
2026-07-30 01:00:00+00:00,2026-07-31 18:00:00+00:00,SEPD,OXFN,2460,hvdc_2n,IT Power 2N + HVDC 2N,0.0169622257921746,0.07323869237911838,1.0,8.9
2026-07-30 01:00:00+00:00,2026-07-31 18:00:00+00:00,SEPD,OXFN,2460,mains_2n,IT Power 2N + Direct Utility 2N,0.0169622257921746,0.20909688910877433,1.0,0.05
2026-07-30 01:00:00+00:00,2026-07-31 18:00:00+00:00,SEPD,OXFN,2460,ups_2n,IT Power 2N + UPS 2N,0.0169622257921746,0.10006943723477627,1.0,9.0
2026-07-30 01:00:00+00:00,2026-07-31 18:00:00+00:00,SEPD,OXFN,2460,ups_dr,IT Power 2N + UPS Distributed Redundancy,0.0169622257921746,0.14265448149417456,1.0,6.75
2026-08-01 11:00:00+00:00,2026-08-03 05:00:00+00:00,SEPD,OXFN,2520,hvdc_2n,IT Power 2N + HVDC 2N,0.0104262381475393,0.06788304334981546,1.0,8.9
2026-08-01 11:00:00+00:00,2026-08-03 05:00:00+00:00,SEPD,OXFN,2520,mains_2n,IT Power 2N + Direct Utility 2N,0.0104262381475393,0.19849335829311024,1.0,0.05
2026-08-01 11:00:00+00:00,2026-08-03 05:00:00+00:00,SEPD,OXFN,2520,ups_2n,IT Power 2N + UPS 2N,0.0104262381475393,0.09322443197330565,1.0,9.0
2026-08-01 11:00:00+00:00,2026-08-03 05:00:00+00:00,SEPD,OXFN,2520,ups_dr,IT Power 2N + UPS Distributed Redundancy,0.0104262381475393,0.13408516762671896,1.0,6.75
2026-07-28 21:00:00+00:00,2026-07-30 16:00:00+00:00,SEPD,OXFN,2580,hvdc_2n,IT Power 2N + HVDC 2N,0.0170166043037493,0.07328484238784477,1.0,8.9
2026-07-28 21:00:00+00:00,2026-07-30 16:00:00+00:00,SEPD,OXFN,2580,mains_2n,IT Power 2N + Direct Utility 2N,0.0170166043037493,0.2091868320047102,1.0,0.05
2026-07-28 21:00:00+00:00,2026-07-30 16:00:00+00:00,SEPD,OXFN,2580,ups_2n,IT Power 2N + UPS 2N,0.0170166043037493,0.10012821761062778,1.0,9.0
2026-07-28 21:00:00+00:00,2026-07-30 16:00:00+00:00,SEPD,OXFN,2580,ups_dr,IT Power 2N + UPS Distributed Redundancy,0.0170166043037493,0.14272765504510607,1.0,6.75
2026-08-01 18:00:00+00:00,2026-08-03 14:00:00+00:00,SEPD,OXFN,2640,hvdc_2n,IT Power 2N + HVDC 2N,0.0188013372281632,0.07481444856036748,1.0,8.9
2026-08-01 18:00:00+00:00,2026-08-03 14:00:00+00:00,SEPD,OXFN,2640,mains_2n,IT Power 2N + Direct Utility 2N,0.0188013372281632,0.21215459930014324,1.0,0.05
2026-08-01 18:00:00+00:00,2026-08-03 14:00:00+00:00,SEPD,OXFN,2640,ups_2n,IT Power 2N + UPS 2N,0.0188013372281632,0.10207451930498387,1.0,9.0
2026-08-01 18:00:00+00:00,2026-08-03 14:00:00+00:00,SEPD,OXFN,2640,ups_dr,IT Power 2N + UPS Distributed Redundancy,0.0188013372281632,0.14514665404944008,1.0,6.75
2026-08-01 21:00:00+00:00,2026-08-03 18:00:00+00:00,SEPD,OXFN,2700,hvdc_2n,IT Power 2N + HVDC 2N,0.0151724247043111,0.07173458632436898,1.0,8.9
2026-08-01 21:00:00+00:00,2026-08-03 18:00:00+00:00,SEPD,OXFN,2700,mains_2n,IT Power 2N + Direct Utility 2N,0.0151724247043111,0.20615240805625829,1.0,0.05
2026-08-01 21:00:00+00:00,2026-08-03 18:00:00+00:00,SEPD,OXFN,2700,ups_2n,IT Power 2N + UPS 2N,0.0151724247043111,0.09815180441153502,1.0,9.0
2026-08-01 21:00:00+00:00,2026-08-03 18:00:00+00:00,SEPD,OXFN,2700,ups_dr,IT Power 2N + UPS Distributed Redundancy,0.0151724247043111,0.14026347856429536,1.0,6.75
2026-07-31 22:00:00+00:00,2026-08-02 20:00:00+00:00,SEPD,OXFN,2760,hvdc_2n,IT Power 2N + HVDC 2N,0.0106668887047664,0.06807363030028399,1.0,8.9
2026-07-31 22:00:00+00:00,2026-08-02 20:00:00+00:00,SEPD,OXFN,2760,mains_2n,IT Power 2N + Direct Utility 2N,0.0106668887047664,0.198876496088208,1.0,0.05
2026-07-31 22:00:00+00:00,2026-08-02 20:00:00+00:00,SEPD,OXFN,2760,ups_2n,IT Power 2N + UPS 2N,0.0106668887047664,0.09346883570480462,1.0,9.0
2026-07-31 22:00:00+00:00,2026-08-02 20:00:00+00:00,SEPD,OXFN,2760,ups_dr,IT Power 2N + UPS Distributed Redundancy,0.0106668887047664,0.13439281704421513,1.0,6.75
2026-08-02 00:00:00+00:00,2026-08-03 23:00:00+00:00,SEPD,OXFN,2820,hvdc_2n,IT Power 2N + HVDC 2N,0.0103463563387043,0.06781988915069946,1.0,8.9
2026-08-02 00:00:00+00:00,2026-08-03 23:00:00+00:00,SEPD,OXFN,2820,mains_2n,IT Power 2N + Direct Utility 2N,0.0103463563387043,0.19836630194000232,1.0,0.05
2026-08-02 00:00:00+00:00,2026-08-03 23:00:00+00:00,SEPD,OXFN,2820,ups_2n,IT Power 2N + UPS 2N,0.0103463563387043,0.09314343116574263,1.0,9.0
2026-08-02 00:00:00+00:00,2026-08-03 23:00:00+00:00,SEPD,OXFN,2820,ups_dr,IT Power 2N + UPS Distributed Redundancy,0.0103463563387043,0.13398317780097938,1.0,6.75
2026-07-31 18:00:00+00:00,2026-08-02 18:00:00+00:00,SEPD,OXFN,2880,hvdc_2n,IT Power 2N + HVDC 2N,0.0119354593625822,0.06908651681723105,1.0,8.9
2026-07-31 18:00:00+00:00,2026-08-02 18:00:00+00:00,SEPD,OXFN,2880,mains_2n,IT Power 2N + Direct Utility 2N,0.0119354593625822,0.20090536466094716,1.0,0.05
2026-07-31 18:00:00+00:00,2026-08-02 18:00:00+00:00,SEPD,OXFN,2880,ups_2n,IT Power 2N + UPS 2N,0.0119354593625822,0.09476671125118376,1.0,9.0
2026-07-31 18:00:00+00:00,2026-08-02 18:00:00+00:00,SEPD,OXFN,2880,ups_dr,IT Power 2N + UPS Distributed Redundancy,0.0119354593625822,0.13602443516775078,1.0,6.75
2026-08-03 08:00:00+00:00,2026-08-03 09:00:00+00:00,SEPD,OXFS,60,hvdc_2n,IT Power 2N + HVDC 2N,0.0073520306852508,0.06549154547123909,1.0,8.9
2026-08-03 08:00:00+00:00,2026-08-03 09:00:00+00:00,SEPD,OXFS,60,mains_2n,IT Power 2N + Direct Utility 2N,0.0073520306852508,0.19364778148473627,1.0,0.05
2026-08-03 08:00:00+00:00,2026-08-03 09:00:00+00:00,SEPD,OXFS,60,ups_2n,IT Power 2N + UPS 2N,0.0073520306852508,0.09015239258414229,1.0,9.0
2026-08-03 08:00:00+00:00,2026-08-03 09:00:00+00:00,SEPD,OXFS,60,ups_dr,IT Power 2N + UPS Distributed Redundancy,0.0073520306852508,0.13020723761338626,1.0,6.75
2026-08-03 14:00:00+00:00,2026-08-03 16:00:00+00:00,SEPD,OXFS,120,hvdc_2n,IT Power 2N + HVDC 2N,0.0091599213860732,0.06688829178560683,1.0,8.9
2026-08-03 14:00:00+00:00,2026-08-03 16:00:00+00:00,SEPD,OXFS,120,mains_2n,IT Power 2N + Direct Utility 2N,0.0091599213860732,0.19648641691297533,1.0,0.05
2026-08-03 14:00:00+00:00,2026-08-03 16:00:00+00:00,SEPD,OXFS,120,ups_2n,IT Power 2N + UPS 2N,0.0091599213860732,0.09194779147124903,1.0,9.0
2026-08-03 14:00:00+00:00,2026-08-03 16:00:00+00:00,SEPD,OXFS,120,ups_dr,IT Power 2N + UPS Distributed Redundancy,0.0091599213860732,0.13247609371615315,1.0,6.75
2026-08-02 14:00:00+00:00,2026-08-02 17:00:00+00:00,SEPD,OXFS,180,hvdc_2n,IT Power 2N + HVDC 2N,0.0104043404559691,0.06786572571039952,1.0,8.9
2026-08-02 14:00:00+00:00,2026-08-02 17:00:00+00:00,SEPD,OXFS,180,mains_2n,IT Power 2N + Direct Utility 2N,0.0104043404559691,0.19845852273560827,1.0,0.05
2026-08-02 14:00:00+00:00,2026-08-02 17:00:00+00:00,SEPD,OXFS,180,ups_2n,IT Power 2N + UPS 2N,0.0104043404559691,0.09320222124933195,1.0,9.0
2026-08-02 14:00:00+00:00,2026-08-02 17:00:00+00:00,SEPD,OXFS,180,ups_dr,IT Power 2N + UPS Distributed Redundancy,0.0104043404559691,0.1340572030236897,1.0,6.75
2026-08-03 21:00:00+00:00,2026-08-04 01:00:00+00:00,SEPD,OXFS,240,hvdc_2n,IT Power 2N + HVDC 2N,0.036211208296825,0.09134184941898474,1.0,8.9
2026-08-03 21:00:00+00:00,2026-08-04 01:00:00+00:00,SEPD,OXFS,240,mains_2n,IT Power 2N + Direct Utility 2N,0.036211208296825,0.24270835298829008,1.0,0.05
2026-08-03 21:00:00+00:00,2026-08-04 01:00:00+00:00,SEPD,OXFS,240,ups_2n,IT Power 2N + UPS 2N,0.036211208296825,0.12287677128572044,1.0,9.0
2026-08-03 21:00:00+00:00,2026-08-04 01:00:00+00:00,SEPD,OXFS,240,ups_dr,IT Power 2N + UPS Distributed Redundancy,0.036211208296825,0.17055815023641402,1.0,6.75
2026-08-03 08:00:00+00:00,2026-08-03 13:00:00+00:00,SEPD,OXFS,300,hvdc_2n,IT Power 2N + HVDC 2N,0.0143217876859488,0.07102976697980724,1.0,8.9
2026-08-03 08:00:00+00:00,2026-08-03 13:00:00+00:00,SEPD,OXFS,300,mains_2n,IT Power 2N + Direct Utility 2N,0.0143217876859488,0.2047637893465128,1.0,0.05
2026-08-03 08:00:00+00:00,2026-08-03 13:00:00+00:00,SEPD,OXFS,300,ups_2n,IT Power 2N + UPS 2N,0.0143217876859488,0.09725194285433578,1.0,9.0
2026-08-03 08:00:00+00:00,2026-08-03 13:00:00+00:00,SEPD,OXFS,300,ups_dr,IT Power 2N + UPS Distributed Redundancy,0.0143217876859488,0.13913891403327602,1.0,6.75
2026-08-02 22:00:00+00:00,2026-08-03 04:00:00+00:00,SEPD,OXFS,360,hvdc_2n,IT Power 2N + HVDC 2N,0.0079030021173984,0.06591431865310887,1.0,8.9
2026-08-02 22:00:00+00:00,2026-08-03 04:00:00+00:00,SEPD,OXFS,360,mains_2n,IT Power 2N + Direct Utility 2N,0.0079030021173984,0.19450956654814938,1.0,0.05
2026-08-02 22:00:00+00:00,2026-08-03 04:00:00+00:00,SEPD,OXFS,360,ups_2n,IT Power 2N + UPS 2N,0.0079030021173984,0.09069618493174823,1.0,9.0
2026-08-02 22:00:00+00:00,2026-08-03 04:00:00+00:00,SEPD,OXFS,360,ups_dr,IT Power 2N + UPS Distributed Redundancy,0.0079030021173984,0.1308951700401843,1.0,6.75
2026-08-02 10:00:00+00:00,2026-08-02 17:00:00+00:00,SEPD,OXFS,420,hvdc_2n,IT Power 2N + HVDC 2N,0.0138600588925331,0.07064987157721508,1.0,8.9
2026-08-02 10:00:00+00:00,2026-08-02 17:00:00+00:00,SEPD,OXFS,420,mains_2n,IT Power 2N + Direct Utility 2N,0.0138600588925331,0.20401295545174414,1.0,0.05
2026-08-02 10:00:00+00:00,2026-08-02 17:00:00+00:00,SEPD,OXFS,420,ups_2n,IT Power 2N + UPS 2N,0.0138600588925331,0.09676658296259882,1.0,9.0
2026-08-02 10:00:00+00:00,2026-08-02 17:00:00+00:00,SEPD,OXFS,420,ups_dr,IT Power 2N + UPS Distributed Redundancy,0.0138600588925331,0.13853166736256342,1.0,6.75
2026-08-02 10:00:00+00:00,2026-08-02 18:00:00+00:00,SEPD,OXFS,480,hvdc_2n,IT Power 2N + HVDC 2N,0.0128189040510746,0.06980012386058049,1.0,8.9
2026-08-02 10:00:00+00:00,2026-08-02 18:00:00+00:00,SEPD,OXFS,480,mains_2n,IT Power 2N + Direct Utility 2N,0.0128189040510746,0.2023274162473592,1.0,0.05
2026-08-02 10:00:00+00:00,2026-08-02 18:00:00+00:00,SEPD,OXFS,480,ups_2n,IT Power 2N + UPS 2N,0.0128189040510746,0.09568007254863728,1.0,9.0
2026-08-02 10:00:00+00:00,2026-08-02 18:00:00+00:00,SEPD,OXFS,480,ups_dr,IT Power 2N + UPS Distributed Redundancy,0.0128189040510746,0.1371705440164671,1.0,6.75
2026-08-03 05:00:00+00:00,2026-08-03 14:00:00+00:00,SEPD,OXFS,540,hvdc_2n,IT Power 2N + HVDC 2N,0.0139832670627755,0.07075105921192806,1.0,8.9
2026-08-03 05:00:00+00:00,2026-08-03 14:00:00+00:00,SEPD,OXFS,540,mains_2n,IT Power 2N + Direct Utility 2N,0.0139832670627755,0.20421310822274857,1.0,0.05
2026-08-03 05:00:00+00:00,2026-08-03 14:00:00+00:00,SEPD,OXFS,540,ups_2n,IT Power 2N + UPS 2N,0.0139832670627755,0.09689588491183382,1.0,9.0
2026-08-03 05:00:00+00:00,2026-08-03 14:00:00+00:00,SEPD,OXFS,540,ups_dr,IT Power 2N + UPS Distributed Redundancy,0.0139832670627755,0.13869348777959403,1.0,6.75
2026-08-03 12:00:00+00:00,2026-08-03 22:00:00+00:00,SEPD,OXFS,600,hvdc_2n,IT Power 2N + HVDC 2N,0.0123011920192696,0.06938111632223386,1.0,8.9
2026-08-03 12:00:00+00:00,2026-08-03 22:00:00+00:00,SEPD,OXFS,600,mains_2n,IT Power 2N + Direct Utility 2N,0.0123011920192696,0.20149316297191358,1.0,0.05
2026-08-03 12:00:00+00:00,2026-08-03 22:00:00+00:00,SEPD,OXFS,600,ups_2n,IT Power 2N + UPS 2N,0.0123011920192696,0.0951438782513525,1.0,9.0
2026-08-03 12:00:00+00:00,2026-08-03 22:00:00+00:00,SEPD,OXFS,600,ups_dr,IT Power 2N + UPS Distributed Redundancy,0.0123011920192696,0.13649792497201196,1.0,6.75
2026-08-03 00:00:00+00:00,2026-08-03 11:00:00+00:00,SEPD,OXFS,660,hvdc_2n,IT Power 2N + HVDC 2N,0.0142469188769936,0.07096803946697519,1.0,8.9
2026-08-03 00:00:00+00:00,2026-08-03 11:00:00+00:00,SEPD,OXFS,660,mains_2n,IT Power 2N + Direct Utility 2N,0.0142469188769936,0.20464190323465165,1.0,0.05
2026-08-03 00:00:00+00:00,2026-08-03 11:00:00+00:00,SEPD,OXFS,660,ups_2n,IT Power 2N + UPS 2N,0.0142469188769936,0.09717309500110823,1.0,9.0
2026-08-03 00:00:00+00:00,2026-08-03 11:00:00+00:00,SEPD,OXFS,660,ups_dr,IT Power 2N + UPS Distributed Redundancy,0.0142469188769936,0.13904029829685383,1.0,6.75
2026-08-03 10:00:00+00:00,2026-08-03 22:00:00+00:00,SEPD,OXFS,720,hvdc_2n,IT Power 2N + HVDC 2N,0.0124107793829228,0.06946961562016828,1.0,8.9
2026-08-03 10:00:00+00:00,2026-08-03 22:00:00+00:00,SEPD,OXFS,720,mains_2n,IT Power 2N + Direct Utility 2N,0.0124107793829228,0.2016695397809794,1.0,0.05
2026-08-03 10:00:00+00:00,2026-08-03 22:00:00+00:00,SEPD,OXFS,720,ups_2n,IT Power 2N + UPS 2N,0.0124107793829228,0.09525715305655798,1.0,9.0
2026-08-03 10:00:00+00:00,2026-08-03 22:00:00+00:00,SEPD,OXFS,720,ups_dr,IT Power 2N + UPS Distributed Redundancy,0.0124107793829228,0.1366400703984654,1.0,6.75
2026-08-03 11:00:00+00:00,2026-08-04 00:00:00+00:00,SEPD,OXFS,780,hvdc_2n,IT Power 2N + HVDC 2N,0.0114867427330362,0.0687266554322372,1.0,8.9
2026-08-03 11:00:00+00:00,2026-08-04 00:00:00+00:00,SEPD,OXFS,780,mains_2n,IT Power 2N + Direct Utility 2N,0.0114867427330362,0.20018595094182176,1.0,0.05
2026-08-03 11:00:00+00:00,2026-08-04 00:00:00+00:00,SEPD,OXFS,780,ups_2n,IT Power 2N + UPS 2N,0.0114867427330362,0.09430579493419136,1.0,9.0
2026-08-03 11:00:00+00:00,2026-08-04 00:00:00+00:00,SEPD,OXFS,780,ups_dr,IT Power 2N + UPS Distributed Redundancy,0.0114867427330362,0.13544540281084996,1.0,6.75
2026-08-03 11:00:00+00:00,2026-08-04 01:00:00+00:00,SEPD,OXFS,840,hvdc_2n,IT Power 2N + HVDC 2N,0.0114867427330362,0.0687266554322372,1.0,8.9
2026-08-03 11:00:00+00:00,2026-08-04 01:00:00+00:00,SEPD,OXFS,840,mains_2n,IT Power 2N + Direct Utility 2N,0.0114867427330362,0.20018595094182176,1.0,0.05
2026-08-03 11:00:00+00:00,2026-08-04 01:00:00+00:00,SEPD,OXFS,840,ups_2n,IT Power 2N + UPS 2N,0.0114867427330362,0.09430579493419136,1.0,9.0
2026-08-03 11:00:00+00:00,2026-08-04 01:00:00+00:00,SEPD,OXFS,840,ups_dr,IT Power 2N + UPS Distributed Redundancy,0.0114867427330362,0.13544540281084996,1.0,6.75
2026-08-02 10:00:00+00:00,2026-08-03 01:00:00+00:00,SEPD,OXFS,900,hvdc_2n,IT Power 2N + HVDC 2N,0.0110865597363294,0.06840718239835464,1.0,8.9
2026-08-02 10:00:00+00:00,2026-08-03 01:00:00+00:00,SEPD,OXFS,900,mains_2n,IT Power 2N + Direct Utility 2N,0.0110865597363294,0.19954598049275507,1.0,0.05
2026-08-02 10:00:00+00:00,2026-08-03 01:00:00+00:00,SEPD,OXFS,900,ups_2n,IT Power 2N + UPS 2N,0.0110865597363294,0.09389642708146556,1.0,9.0
2026-08-02 10:00:00+00:00,2026-08-03 01:00:00+00:00,SEPD,OXFS,900,ups_dr,IT Power 2N + UPS Distributed Redundancy,0.0110865597363294,0.13493075405799065,1.0,6.75
2026-08-03 09:00:00+00:00,2026-08-04 01:00:00+00:00,SEPD,OXFS,960,hvdc_2n,IT Power 2N + HVDC 2N,0.0118561313004765,0.06902277067485656,1.0,8.9
2026-08-03 09:00:00+00:00,2026-08-04 01:00:00+00:00,SEPD,OXFS,960,mains_2n,IT Power 2N + Direct Utility 2N,0.0118561313004765,0.20077803970343172,1.0,0.05
2026-08-03 09:00:00+00:00,2026-08-04 01:00:00+00:00,SEPD,OXFS,960,ups_2n,IT Power 2N + UPS 2N,0.0118561313004765,0.09468507991896226,1.0,9.0
2026-08-03 09:00:00+00:00,2026-08-04 01:00:00+00:00,SEPD,OXFS,960,ups_dr,IT Power 2N + UPS Distributed Redundancy,0.0118561313004765,0.13592191720195793,1.0,6.75
2026-07-28 01:00:00+00:00,2026-07-28 18:00:00+00:00,SEPD,OXFS,1020,hvdc_2n,IT Power 2N + HVDC 2N,0.0147643304918738,0.0713956465574399,1.0,8.9
2026-07-28 01:00:00+00:00,2026-07-28 18:00:00+00:00,SEPD,OXFS,1020,mains_2n,IT Power 2N + Direct Utility 2N,0.0147643304918738,0.20548534806341817,1.0,0.05
2026-07-28 01:00:00+00:00,2026-07-28 18:00:00+00:00,SEPD,OXFS,1020,ups_2n,IT Power 2N + UPS 2N,0.0147643304918738,0.09771917231655577,1.0,9.0
2026-07-28 01:00:00+00:00,2026-07-28 18:00:00+00:00,SEPD,OXFS,1020,ups_dr,IT Power 2N + UPS Distributed Redundancy,0.0147643304918738,0.13972302098676773,1.0,6.75
2026-08-02 15:00:00+00:00,2026-08-03 09:00:00+00:00,SEPD,OXFS,1080,hvdc_2n,IT Power 2N + HVDC 2N,0.0133121593049198,0.07020151364156652,1.0,8.9
2026-08-02 15:00:00+00:00,2026-08-03 09:00:00+00:00,SEPD,OXFS,1080,mains_2n,IT Power 2N + Direct Utility 2N,0.0133121593049198,0.20312465495403853,1.0,0.05
2026-08-02 15:00:00+00:00,2026-08-03 09:00:00+00:00,SEPD,OXFS,1080,ups_2n,IT Power 2N + UPS 2N,0.0133121593049198,0.09619344893524329,1.0,9.0
2026-08-02 15:00:00+00:00,2026-08-03 09:00:00+00:00,SEPD,OXFS,1080,ups_dr,IT Power 2N + UPS Distributed Redundancy,0.0133121593049198,0.1378139794519668,1.0,6.75
2026-08-02 02:00:00+00:00,2026-08-02 21:00:00+00:00,SEPD,OXFS,1140,hvdc_2n,IT Power 2N + HVDC 2N,0.0108093782204116,0.06818671075790242,1.0,8.9
2026-08-02 02:00:00+00:00,2026-08-02 21:00:00+00:00,SEPD,OXFS,1140,mains_2n,IT Power 2N + Direct Utility 2N,0.0108093782204116,0.1991036144005774,1.0,0.05
2026-08-02 02:00:00+00:00,2026-08-02 21:00:00+00:00,SEPD,OXFS,1140,ups_2n,IT Power 2N + UPS 2N,0.0108093782204116,0.09361381821423417,1.0,9.0
2026-08-02 02:00:00+00:00,2026-08-02 21:00:00+00:00,SEPD,OXFS,1140,ups_dr,IT Power 2N + UPS Distributed Redundancy,0.0108093782204116,0.13457525758796487,1.0,6.75
2026-08-02 13:00:00+00:00,2026-08-03 09:00:00+00:00,SEPD,OXFS,1200,hvdc_2n,IT Power 2N + HVDC 2N,0.0140895370557454,0.07083844349522554,1.0,8.9
2026-08-02 13:00:00+00:00,2026-08-03 09:00:00+00:00,SEPD,OXFS,1200,mains_2n,IT Power 2N + Direct Utility 2N,0.0140895370557454,0.20438586199606895,1.0,0.05
2026-08-02 13:00:00+00:00,2026-08-03 09:00:00+00:00,SEPD,OXFS,1200,ups_2n,IT Power 2N + UPS 2N,0.0140895370557454,0.09700753480245089,1.0,9.0
2026-08-02 13:00:00+00:00,2026-08-03 09:00:00+00:00,SEPD,OXFS,1200,ups_dr,IT Power 2N + UPS Distributed Redundancy,0.0140895370557454,0.13883318911382025,1.0,6.75
2026-07-29 09:00:00+00:00,2026-07-30 06:00:00+00:00,SEPD,OXFS,1260,hvdc_2n,IT Power 2N + HVDC 2N,0.0160452023849321,0.07246445373874127,1.0,8.9
2026-07-29 09:00:00+00:00,2026-07-30 06:00:00+00:00,SEPD,OXFS,1260,mains_2n,IT Power 2N + Direct Utility 2N,0.0160452023849321,0.20758440354435145,1.0,0.05
2026-07-29 09:00:00+00:00,2026-07-30 06:00:00+00:00,SEPD,OXFS,1260,ups_2n,IT Power 2N + UPS 2N,0.0160452023849321,0.09908279284980989,1.0,9.0
2026-07-29 09:00:00+00:00,2026-07-30 06:00:00+00:00,SEPD,OXFS,1260,ups_dr,IT Power 2N + UPS Distributed Redundancy,0.0160452023849321,0.14142520923841104,1.0,6.75
2026-08-02 20:00:00+00:00,2026-08-03 18:00:00+00:00,SEPD,OXFS,1320,hvdc_2n,IT Power 2N + HVDC 2N,0.0259268117253998,0.08121778575719138,1.0,8.9
2026-08-02 20:00:00+00:00,2026-08-03 18:00:00+00:00,SEPD,OXFS,1320,mains_2n,IT Power 2N + Direct Utility 2N,0.0259268117253998,0.22430861663923843,1.0,0.05
2026-08-02 20:00:00+00:00,2026-08-03 18:00:00+00:00,SEPD,OXFS,1320,ups_2n,IT Power 2N + UPS 2N,0.0259268117253998,0.11018250434266293,1.0,9.0
2026-08-02 20:00:00+00:00,2026-08-03 18:00:00+00:00,SEPD,OXFS,1320,ups_dr,IT Power 2N + UPS Distributed Redundancy,0.0259268117253998,0.15514497122654297,1.0,6.75
2026-08-02 10:00:00+00:00,2026-08-03 09:00:00+00:00,SEPD,OXFS,1380,hvdc_2n,IT Power 2N + HVDC 2N,0.0150906194025419,0.0716665247415196,1.0,8.9
2026-08-02 10:00:00+00:00,2026-08-03 09:00:00+00:00,SEPD,OXFS,1380,mains_2n,IT Power 2N + Direct Utility 2N,0.0150906194025419,0.20601856292243353,1.0,0.05
2026-08-02 10:00:00+00:00,2026-08-03 09:00:00+00:00,SEPD,OXFS,1380,ups_2n,IT Power 2N + UPS 2N,0.0150906194025419,0.09806494375566219,1.0,9.0
2026-08-02 10:00:00+00:00,2026-08-03 09:00:00+00:00,SEPD,OXFS,1380,ups_dr,IT Power 2N + UPS Distributed Redundancy,0.0150906194025419,0.1401550001009587,1.0,6.75
2026-08-02 01:00:00+00:00,2026-08-03 01:00:00+00:00,SEPD,OXFS,1440,hvdc_2n,IT Power 2N + HVDC 2N,0.0100021912374669,0.06754841632503734,1.0,8.9
2026-08-02 01:00:00+00:00,2026-08-03 01:00:00+00:00,SEPD,OXFS,1440,mains_2n,IT Power 2N + Direct Utility 2N,0.0100021912374669,0.19781958862737076,1.0,0.05
2026-08-02 01:00:00+00:00,2026-08-03 01:00:00+00:00,SEPD,OXFS,1440,ups_2n,IT Power 2N + UPS 2N,0.0100021912374669,0.09279516670495733,1.0,9.0
2026-08-02 01:00:00+00:00,2026-08-03 01:00:00+00:00,SEPD,OXFS,1440,ups_dr,IT Power 2N + UPS Distributed Redundancy,0.0100021912374669,0.13354451154657593,1.0,6.75
2026-08-02 08:00:00+00:00,2026-08-03 09:00:00+00:00,SEPD,OXFS,1500,hvdc_2n,IT Power 2N + HVDC 2N,0.0135294499243831,0.07037901158352103,1.0,8.9
2026-08-02 08:00:00+00:00,2026-08-03 09:00:00+00:00,SEPD,OXFS,1500,mains_2n,IT Power 2N + Direct Utility 2N,0.0135294499243831,0.20347659937397333,1.0,0.05
2026-08-02 08:00:00+00:00,2026-08-03 09:00:00+00:00,SEPD,OXFS,1500,ups_2n,IT Power 2N + UPS 2N,0.0135294499243831,0.09642038341034373,1.0,9.0
2026-08-02 08:00:00+00:00,2026-08-03 09:00:00+00:00,SEPD,OXFS,1500,ups_dr,IT Power 2N + UPS Distributed Redundancy,0.0135294499243831,0.13809823165308127,1.0,6.75
2026-08-01 22:00:00+00:00,2026-08-03 00:00:00+00:00,SEPD,OXFS,1560,hvdc_2n,IT Power 2N + HVDC 2N,0.0133118838157514,0.0702012888659439,1.0,8.9
2026-08-01 22:00:00+00:00,2026-08-03 00:00:00+00:00,SEPD,OXFS,1560,mains_2n,IT Power 2N + Direct Utility 2N,0.0133118838157514,0.20312420903377953,1.0,0.05
2026-08-01 22:00:00+00:00,2026-08-03 00:00:00+00:00,SEPD,OXFS,1560,ups_2n,IT Power 2N + UPS 2N,0.0133118838157514,0.09619316152239703,1.0,9.0
2026-08-01 22:00:00+00:00,2026-08-03 00:00:00+00:00,SEPD,OXFS,1560,ups_dr,IT Power 2N + UPS Distributed Redundancy,0.0133118838157514,0.13781361937861047,1.0,6.75
2026-08-02 17:00:00+00:00,2026-08-03 20:00:00+00:00,SEPD,OXFS,1620,hvdc_2n,IT Power 2N + HVDC 2N,0.0133887310075704,0.07026401540804585,1.0,8.9
2026-08-02 17:00:00+00:00,2026-08-03 20:00:00+00:00,SEPD,OXFS,1620,mains_2n,IT Power 2N + Direct Utility 2N,0.0133887310075704,0.20324862593846318,1.0,0.05
2026-08-02 17:00:00+00:00,2026-08-03 20:00:00+00:00,SEPD,OXFS,1620,ups_2n,IT Power 2N + UPS 2N,0.0133887310075704,0.09627336455506712,1.0,9.0
2026-08-02 17:00:00+00:00,2026-08-03 20:00:00+00:00,SEPD,OXFS,1620,ups_dr,IT Power 2N + UPS Distributed Redundancy,0.0133887310075704,0.13791409181726647,1.0,6.75
2026-08-01 10:00:00+00:00,2026-08-02 14:00:00+00:00,SEPD,OXFS,1680,hvdc_2n,IT Power 2N + HVDC 2N,0.0139371978158118,0.07071320808663296,1.0,8.9
2026-08-01 10:00:00+00:00,2026-08-02 14:00:00+00:00,SEPD,OXFS,1680,mains_2n,IT Power 2N + Direct Utility 2N,0.0139371978158118,0.20413825123853335,1.0,0.05
2026-08-01 10:00:00+00:00,2026-08-02 14:00:00+00:00,SEPD,OXFS,1680,ups_2n,IT Power 2N + UPS 2N,0.0139371978158118,0.09684751907216432,1.0,9.0
2026-08-01 10:00:00+00:00,2026-08-02 14:00:00+00:00,SEPD,OXFS,1680,ups_dr,IT Power 2N + UPS Distributed Redundancy,0.0139371978158118,0.13863296232229796,1.0,6.75
2026-08-02 21:00:00+00:00,2026-08-04 02:00:00+00:00,SEPD,OXFS,1740,hvdc_2n,IT Power 2N + HVDC 2N,0.0248863379532315,0.08025253587957977,1.0,8.9
2026-08-02 21:00:00+00:00,2026-08-04 02:00:00+00:00,SEPD,OXFS,1740,mains_2n,IT Power 2N + Direct Utility 2N,0.0248863379532315,0.2225034463969782,1.0,0.05
2026-08-02 21:00:00+00:00,2026-08-04 02:00:00+00:00,SEPD,OXFS,1740,ups_2n,IT Power 2N + UPS 2N,0.0248863379532315,0.10896432367090178,1.0,9.0
2026-08-02 21:00:00+00:00,2026-08-04 02:00:00+00:00,SEPD,OXFS,1740,ups_dr,IT Power 2N + UPS Distributed Redundancy,0.0248863379532315,0.1536507041177258,1.0,6.75
2026-07-28 00:00:00+00:00,2026-07-29 06:00:00+00:00,SEPD,OXFS,1800,hvdc_2n,IT Power 2N + HVDC 2N,0.0119395846850701,0.06908983331863341,1.0,8.9
2026-07-28 00:00:00+00:00,2026-07-29 06:00:00+00:00,SEPD,OXFS,1800,mains_2n,IT Power 2N + Direct Utility 2N,0.0119395846850701,0.20091198763435772,1.0,0.05
2026-07-28 00:00:00+00:00,2026-07-29 06:00:00+00:00,SEPD,OXFS,1800,ups_2n,IT Power 2N + UPS 2N,0.0119395846850701,0.09477095807444967,1.0,9.0
2026-07-28 00:00:00+00:00,2026-07-29 06:00:00+00:00,SEPD,OXFS,1800,ups_dr,IT Power 2N + UPS Distributed Redundancy,0.0119395846850701,0.13602976822386698,1.0,6.75
2026-07-29 08:00:00+00:00,2026-07-30 15:00:00+00:00,SEPD,OXFS,1860,hvdc_2n,IT Power 2N + HVDC 2N,0.0198783654106066,0.0757516607740727,1.0,8.9
2026-07-29 08:00:00+00:00,2026-07-30 15:00:00+00:00,SEPD,OXFS,1860,mains_2n,IT Power 2N + Direct Utility 2N,0.0198783654106066,0.2139603791078287,1.0,0.05
2026-07-29 08:00:00+00:00,2026-07-30 15:00:00+00:00,SEPD,OXFS,1860,ups_2n,IT Power 2N + UPS 2N,0.0198783654106066,0.10326521061176828,1.0,9.0
2026-07-29 08:00:00+00:00,2026-07-30 15:00:00+00:00,SEPD,OXFS,1860,ups_dr,IT Power 2N + UPS Distributed Redundancy,0.0198783654106066,0.14662284637772446,1.0,6.75
2026-08-01 06:00:00+00:00,2026-08-02 14:00:00+00:00,SEPD,OXFS,1920,hvdc_2n,IT Power 2N + HVDC 2N,0.0122345952865331,0.06932738588184288,1.0,8.9
2026-08-01 06:00:00+00:00,2026-08-02 14:00:00+00:00,SEPD,OXFS,1920,mains_2n,IT Power 2N + Direct Utility 2N,0.0122345952865331,0.20138603434636107,1.0,0.05
2026-08-01 06:00:00+00:00,2026-08-02 14:00:00+00:00,SEPD,OXFS,1920,ups_2n,IT Power 2N + UPS 2N,0.0122345952865331,0.0950750995401053,1.0,9.0
2026-08-01 06:00:00+00:00,2026-08-02 14:00:00+00:00,SEPD,OXFS,1920,ups_dr,IT Power 2N + UPS Distributed Redundancy,0.0122345952865331,0.13641160338993596,1.0,6.75
2026-08-02 05:00:00+00:00,2026-08-03 14:00:00+00:00,SEPD,OXFS,1980,hvdc_2n,IT Power 2N + HVDC 2N,0.013628755480062,0.07046026923318317,1.0,8.9
2026-08-02 05:00:00+00:00,2026-08-03 14:00:00+00:00,SEPD,OXFS,1980,mains_2n,IT Power 2N + Direct Utility 2N,0.013628755480062,0.20363759512830545,1.0,0.05
2026-08-02 05:00:00+00:00,2026-08-03 14:00:00+00:00,SEPD,OXFS,1980,ups_2n,IT Power 2N + UPS 2N,0.013628755480062,0.0965242555162184,1.0,9.0
2026-08-02 05:00:00+00:00,2026-08-03 14:00:00+00:00,SEPD,OXFS,1980,ups_dr,IT Power 2N + UPS Distributed Redundancy,0.013628755480062,0.13822830364754002,1.0,6.75
2026-07-30 01:00:00+00:00,2026-07-31 11:00:00+00:00,SEPD,OXFS,2040,hvdc_2n,IT Power 2N + HVDC 2N,0.0579010535100468,0.11647562764909154,1.0,8.9
2026-07-30 01:00:00+00:00,2026-07-31 11:00:00+00:00,SEPD,OXFS,2040,mains_2n,IT Power 2N + Direct Utility 2N,0.0579010535100468,0.2847563269108429,1.0,0.05
2026-07-30 01:00:00+00:00,2026-07-31 11:00:00+00:00,SEPD,OXFS,2040,ups_2n,IT Power 2N + UPS 2N,0.0579010535100468,0.15378898003107033,1.0,9.0
2026-07-30 01:00:00+00:00,2026-07-31 11:00:00+00:00,SEPD,OXFS,2040,ups_dr,IT Power 2N + UPS Distributed Redundancy,0.0579010535100468,0.20700262921562176,1.0,6.75
2026-08-02 13:00:00+00:00,2026-08-04 00:00:00+00:00,SEPD,OXFS,2100,hvdc_2n,IT Power 2N + HVDC 2N,0.0118374131768546,0.06900773717914382,1.0,8.9
2026-08-02 13:00:00+00:00,2026-08-04 00:00:00+00:00,SEPD,OXFS,2100,mains_2n,IT Power 2N + Direct Utility 2N,0.0118374131768546,0.20074800512057267,1.0,0.05
2026-08-02 13:00:00+00:00,2026-08-04 00:00:00+00:00,SEPD,OXFS,2100,ups_2n,IT Power 2N + UPS 2N,0.0118374131768546,0.09466582750254501,1.0,9.0
2026-08-02 13:00:00+00:00,2026-08-04 00:00:00+00:00,SEPD,OXFS,2100,ups_dr,IT Power 2N + UPS Distributed Redundancy,0.0118374131768546,0.1358977367217723,1.0,6.75
2026-08-01 01:00:00+00:00,2026-08-02 13:00:00+00:00,SEPD,OXFS,2160,hvdc_2n,IT Power 2N + HVDC 2N,0.0200455219361595,0.07589808036135663,1.0,8.9
2026-08-01 01:00:00+00:00,2026-08-02 13:00:00+00:00,SEPD,OXFS,2160,mains_2n,IT Power 2N + Direct Utility 2N,0.0200455219361595,0.2142416395991945,1.0,0.05
2026-08-01 01:00:00+00:00,2026-08-02 13:00:00+00:00,SEPD,OXFS,2160,ups_2n,IT Power 2N + UPS 2N,0.0200455219361595,0.1034511058390081,1.0,9.0
2026-08-01 01:00:00+00:00,2026-08-02 13:00:00+00:00,SEPD,OXFS,2160,ups_dr,IT Power 2N + UPS Distributed Redundancy,0.0200455219361595,0.14685306520438285,1.0,6.75
2026-07-31 23:00:00+00:00,2026-08-02 12:00:00+00:00,SEPD,OXFS,2220,hvdc_2n,IT Power 2N + HVDC 2N,0.021483722502577,0.07716863171410471,1.0,8.9
2026-07-31 23:00:00+00:00,2026-08-02 12:00:00+00:00,SEPD,OXFS,2220,mains_2n,IT Power 2N + Direct Utility 2N,0.021483722502577,0.21667268665121805,1.0,0.05
2026-07-31 23:00:00+00:00,2026-08-02 12:00:00+00:00,SEPD,OXFS,2220,ups_2n,IT Power 2N + UPS 2N,0.021483722502577,0.10506279545280144,1.0,9.0
2026-07-31 23:00:00+00:00,2026-08-02 12:00:00+00:00,SEPD,OXFS,2220,ups_dr,IT Power 2N + UPS Distributed Redundancy,0.021483722502577,0.14884622917024076,1.0,6.75
2026-07-31 20:00:00+00:00,2026-08-02 10:00:00+00:00,SEPD,OXFS,2280,hvdc_2n,IT Power 2N + HVDC 2N,0.0228447803972372,0.07838895442909104,1.0,8.9
2026-07-31 20:00:00+00:00,2026-08-02 10:00:00+00:00,SEPD,OXFS,2280,mains_2n,IT Power 2N + Direct Utility 2N,0.0228447803972372,0.21899165751532035,1.0,0.05
2026-07-31 20:00:00+00:00,2026-08-02 10:00:00+00:00,SEPD,OXFS,2280,ups_2n,IT Power 2N + UPS 2N,0.0228447803972372,0.10660840604607402,1.0,9.0
2026-07-31 20:00:00+00:00,2026-08-02 10:00:00+00:00,SEPD,OXFS,2280,ups_dr,IT Power 2N + UPS Distributed Redundancy,0.0228447803972372,0.1507529901379329,1.0,6.75
2026-08-02 07:00:00+00:00,2026-08-03 22:00:00+00:00,SEPD,OXFS,2340,hvdc_2n,IT Power 2N + HVDC 2N,0.0102657836130936,0.06775624390848756,1.0,8.9
2026-08-02 07:00:00+00:00,2026-08-03 22:00:00+00:00,SEPD,OXFS,2340,mains_2n,IT Power 2N + Direct Utility 2N,0.0102657836130936,0.19823820865653555,1.0,0.05
2026-08-02 07:00:00+00:00,2026-08-03 22:00:00+00:00,SEPD,OXFS,2340,ups_2n,IT Power 2N + UPS 2N,0.0102657836130936,0.09306179374140704,1.0,9.0
2026-08-02 07:00:00+00:00,2026-08-03 22:00:00+00:00,SEPD,OXFS,2340,ups_dr,IT Power 2N + UPS Distributed Redundancy,0.0102657836130936,0.1338803722768305,1.0,6.75
2026-08-01 11:00:00+00:00,2026-08-03 03:00:00+00:00,SEPD,OXFS,2400,hvdc_2n,IT Power 2N + HVDC 2N,0.0125321414897493,0.06956774571825759,1.0,8.9
2026-08-01 11:00:00+00:00,2026-08-03 03:00:00+00:00,SEPD,OXFS,2400,mains_2n,IT Power 2N + Direct Utility 2N,0.0125321414897493,0.2018650022274589,1.0,0.05
2026-08-01 11:00:00+00:00,2026-08-03 03:00:00+00:00,SEPD,OXFS,2400,ups_2n,IT Power 2N + UPS 2N,0.0125321414897493,0.09538273959801931,1.0,9.0
2026-08-01 11:00:00+00:00,2026-08-03 03:00:00+00:00,SEPD,OXFS,2400,ups_dr,IT Power 2N + UPS Distributed Redundancy,0.0125321414897493,0.13679763418586655,1.0,6.75
2026-07-26 14:00:00+00:00,2026-07-28 07:00:00+00:00,SEPD,OXFS,2460,hvdc_2n,IT Power 2N + HVDC 2N,0.0114374848789152,0.06868725757880652,1.0,8.9
2026-07-26 14:00:00+00:00,2026-07-28 07:00:00+00:00,SEPD,OXFS,2460,mains_2n,IT Power 2N + Direct Utility 2N,0.0114374848789152,0.20010709508217708,1.0,0.05
2026-07-26 14:00:00+00:00,2026-07-28 07:00:00+00:00,SEPD,OXFS,2460,ups_2n,IT Power 2N + UPS 2N,0.0114374848789152,0.09425532037230615,1.0,9.0
2026-07-26 14:00:00+00:00,2026-07-28 07:00:00+00:00,SEPD,OXFS,2460,ups_dr,IT Power 2N + UPS Distributed Redundancy,0.0114374848789152,0.1353819663304889,1.0,6.75
2026-07-30 12:00:00+00:00,2026-08-01 06:00:00+00:00,SEPD,OXFS,2520,hvdc_2n,IT Power 2N + HVDC 2N,0.0153613448134644,0.07189199483583272,1.0,8.9
2026-07-30 12:00:00+00:00,2026-08-01 06:00:00+00:00,SEPD,OXFS,2520,mains_2n,IT Power 2N + Direct Utility 2N,0.0153613448134644,0.20646175423980195,1.0,0.05
2026-07-30 12:00:00+00:00,2026-08-01 06:00:00+00:00,SEPD,OXFS,2520,ups_2n,IT Power 2N + UPS 2N,0.0153613448134644,0.09835266133292957,1.0,9.0
2026-07-30 12:00:00+00:00,2026-08-01 06:00:00+00:00,SEPD,OXFS,2520,ups_dr,IT Power 2N + UPS Distributed Redundancy,0.0153613448134644,0.140514265833987,1.0,6.75
2026-07-31 09:00:00+00:00,2026-08-02 04:00:00+00:00,SEPD,OXFS,2580,hvdc_2n,IT Power 2N + HVDC 2N,0.0879117076933565,0.16095984339266933,1.0,8.9
2026-07-31 09:00:00+00:00,2026-08-02 04:00:00+00:00,SEPD,OXFS,2580,mains_2n,IT Power 2N + Direct Utility 2N,0.0879117076933565,0.3495806710020399,1.0,0.05
2026-07-31 09:00:00+00:00,2026-08-02 04:00:00+00:00,SEPD,OXFS,2580,ups_2n,IT Power 2N + UPS 2N,0.0879117076933565,0.2066792556129598,1.0,9.0
2026-07-31 09:00:00+00:00,2026-08-02 04:00:00+00:00,SEPD,OXFS,2580,ups_dr,IT Power 2N + UPS Distributed Redundancy,0.0879117076933565,0.26639878186113336,1.0,6.75
2026-08-01 08:00:00+00:00,2026-08-03 04:00:00+00:00,SEPD,OXFS,2640,hvdc_2n,IT Power 2N + HVDC 2N,0.0113474630303298,0.06861530955249454,1.0,8.9
2026-08-01 08:00:00+00:00,2026-08-03 04:00:00+00:00,SEPD,OXFS,2640,mains_2n,IT Power 2N + Direct Utility 2N,0.0113474630303298,0.19996304118921523,1.0,0.05
2026-08-01 08:00:00+00:00,2026-08-03 04:00:00+00:00,SEPD,OXFS,2640,ups_2n,IT Power 2N + UPS 2N,0.0113474630303298,0.09416313744778274,1.0,9.0
2026-08-01 08:00:00+00:00,2026-08-03 04:00:00+00:00,SEPD,OXFS,2640,ups_dr,IT Power 2N + UPS Distributed Redundancy,0.0113474630303298,0.13526609689105654,1.0,6.75
2026-08-01 18:00:00+00:00,2026-08-03 15:00:00+00:00,SEPD,OXFS,2700,hvdc_2n,IT Power 2N + HVDC 2N,0.0144337905955585,0.07112220323423425,1.0,8.9
2026-08-01 18:00:00+00:00,2026-08-03 15:00:00+00:00,SEPD,OXFS,2700,mains_2n,IT Power 2N + Direct Utility 2N,0.0144337905955585,0.20494623024313496,1.0,0.05
2026-08-01 18:00:00+00:00,2026-08-03 15:00:00+00:00,SEPD,OXFS,2700,ups_2n,IT Power 2N + UPS 2N,0.0144337905955585,0.09737000494912361,1.0,9.0
2026-08-01 18:00:00+00:00,2026-08-03 15:00:00+00:00,SEPD,OXFS,2700,ups_dr,IT Power 2N + UPS Distributed Redundancy,0.0144337905955585,0.13928655155555716,1.0,6.75
2026-07-31 15:00:00+00:00,2026-08-02 13:00:00+00:00,SEPD,OXFS,2760,hvdc_2n,IT Power 2N + HVDC 2N,0.0200550864956994,0.07590646622261411,1.0,8.9
2026-07-31 15:00:00+00:00,2026-08-02 13:00:00+00:00,SEPD,OXFS,2760,mains_2n,IT Power 2N + Direct Utility 2N,0.0200550864956994,0.21425774122533672,1.0,0.05
2026-07-31 15:00:00+00:00,2026-08-02 13:00:00+00:00,SEPD,OXFS,2760,ups_2n,IT Power 2N + UPS 2N,0.0200550864956994,0.10346175156059455,1.0,9.0
2026-07-31 15:00:00+00:00,2026-08-02 13:00:00+00:00,SEPD,OXFS,2760,ups_dr,IT Power 2N + UPS Distributed Redundancy,0.0200550864956994,0.14686624718433192,1.0,6.75
2026-08-01 01:00:00+00:00,2026-08-03 00:00:00+00:00,SEPD,OXFS,2820,hvdc_2n,IT Power 2N + HVDC 2N,0.0184513159607526,0.07451216752009407,1.0,8.9
2026-08-01 01:00:00+00:00,2026-08-03 00:00:00+00:00,SEPD,OXFS,2820,mains_2n,IT Power 2N + Direct Utility 2N,0.0184513159607526,0.21157014560974288,1.0,0.05
2026-08-01 01:00:00+00:00,2026-08-03 00:00:00+00:00,SEPD,OXFS,2820,ups_2n,IT Power 2N + UPS 2N,0.0184513159607526,0.10169018653854452,1.0,9.0
2026-08-01 01:00:00+00:00,2026-08-03 00:00:00+00:00,SEPD,OXFS,2820,ups_dr,IT Power 2N + UPS Distributed Redundancy,0.0184513159607526,0.14466957288642782,1.0,6.75
2026-08-01 17:00:00+00:00,2026-08-03 17:00:00+00:00,SEPD,OXFS,2880,hvdc_2n,IT Power 2N + HVDC 2N,0.0142618147203564,0.07098031677822776,1.0,8.9
2026-08-01 17:00:00+00:00,2026-08-03 17:00:00+00:00,SEPD,OXFS,2880,mains_2n,IT Power 2N + Direct Utility 2N,0.0142618147203564,0.20466614931145358,1.0,0.05
2026-08-01 17:00:00+00:00,2026-08-03 17:00:00+00:00,SEPD,OXFS,2880,ups_2n,IT Power 2N + UPS 2N,0.0142618147203564,0.09718877796500644,1.0,9.0
2026-08-01 17:00:00+00:00,2026-08-03 17:00:00+00:00,SEPD,OXFS,2880,ups_dr,IT Power 2N + UPS Distributed Redundancy,0.0142618147203564,0.1390599141401357,1.0,6.75
2026-08-04 01:00:00+00:00,2026-08-04 02:00:00+00:00,SEPD,PETE,60,hvdc_2n,IT Power 2N + HVDC 2N,0.0065089945660013,0.06484954307820348,1.0,8.9
2026-08-04 01:00:00+00:00,2026-08-04 02:00:00+00:00,SEPD,PETE,60,mains_2n,IT Power 2N + Direct Utility 2N,0.0065089945660013,0.1923347935401425,1.0,0.05
2026-08-04 01:00:00+00:00,2026-08-04 02:00:00+00:00,SEPD,PETE,60,ups_2n,IT Power 2N + UPS 2N,0.0065089945660013,0.08932602607735395,1.0,9.0
2026-08-04 01:00:00+00:00,2026-08-04 02:00:00+00:00,SEPD,PETE,60,ups_dr,IT Power 2N + UPS Distributed Redundancy,0.0065089945660013,0.12916059134295652,1.0,6.75
2026-08-03 10:00:00+00:00,2026-08-03 12:00:00+00:00,SEPD,PETE,120,hvdc_2n,IT Power 2N + HVDC 2N,0.0132801921122935,0.07017543558424469,1.0,8.9
2026-08-03 10:00:00+00:00,2026-08-03 12:00:00+00:00,SEPD,PETE,120,mains_2n,IT Power 2N + Direct Utility 2N,0.0132801921122935,0.20307291615885503,1.0,0.05
2026-08-03 10:00:00+00:00,2026-08-03 12:00:00+00:00,SEPD,PETE,120,ups_2n,IT Power 2N + UPS 2N,0.0132801921122935,0.09616010326495299,1.0,9.0
2026-08-03 10:00:00+00:00,2026-08-03 12:00:00+00:00,SEPD,PETE,120,ups_dr,IT Power 2N + UPS Distributed Redundancy,0.0132801921122935,0.1377722025605539,1.0,6.75
2026-07-31 14:00:00+00:00,2026-07-31 17:00:00+00:00,SEPD,PETE,180,hvdc_2n,IT Power 2N + HVDC 2N,0.0098032537766118,0.06739195714879925,1.0,8.9
2026-07-31 14:00:00+00:00,2026-07-31 17:00:00+00:00,SEPD,PETE,180,mains_2n,IT Power 2N + Direct Utility 2N,0.0098032537766118,0.19750409050664622,1.0,0.05
2026-07-31 14:00:00+00:00,2026-07-31 17:00:00+00:00,SEPD,PETE,180,ups_2n,IT Power 2N + UPS 2N,0.0098032537766118,0.09259439322353616,1.0,9.0
2026-07-31 14:00:00+00:00,2026-07-31 17:00:00+00:00,SEPD,PETE,180,ups_dr,IT Power 2N + UPS Distributed Redundancy,0.0098032537766118,0.13329150412885882,1.0,6.75
2026-08-03 20:00:00+00:00,2026-08-04 00:00:00+00:00,SEPD,PETE,240,hvdc_2n,IT Power 2N + HVDC 2N,0.0124452579809544,0.06949748104382443,1.0,8.9
2026-08-03 20:00:00+00:00,2026-08-04 00:00:00+00:00,SEPD,PETE,240,mains_2n,IT Power 2N + Direct Utility 2N,0.0124452579809544,0.20172505566695526,1.0,0.05
2026-08-03 20:00:00+00:00,2026-08-04 00:00:00+00:00,SEPD,PETE,240,ups_2n,IT Power 2N + UPS 2N,0.0124452579809544,0.09529281675071735,1.0,9.0
2026-08-03 20:00:00+00:00,2026-08-04 00:00:00+00:00,SEPD,PETE,240,ups_dr,IT Power 2N + UPS Distributed Redundancy,0.0124452579809544,0.13668481824063192,1.0,6.75
2026-08-03 18:00:00+00:00,2026-08-03 23:00:00+00:00,SEPD,PETE,300,hvdc_2n,IT Power 2N + HVDC 2N,0.012266162438002,0.06935284955026934,1.0,8.9
2026-08-03 18:00:00+00:00,2026-08-03 23:00:00+00:00,SEPD,PETE,300,mains_2n,IT Power 2N + Direct Utility 2N,0.012266162438002,0.2014368084869625,1.0,0.05
2026-08-03 18:00:00+00:00,2026-08-03 23:00:00+00:00,SEPD,PETE,300,ups_2n,IT Power 2N + UPS 2N,0.012266162438002,0.09510769541055751,1.0,9.0
2026-08-03 18:00:00+00:00,2026-08-03 23:00:00+00:00,SEPD,PETE,300,ups_dr,IT Power 2N + UPS Distributed Redundancy,0.012266162438002,0.13645251447714704,1.0,6.75
2026-08-03 15:00:00+00:00,2026-08-03 21:00:00+00:00,SEPD,PETE,360,hvdc_2n,IT Power 2N + HVDC 2N,0.0166538279258739,0.0729774669675596,1.0,8.9
2026-08-03 15:00:00+00:00,2026-08-03 21:00:00+00:00,SEPD,PETE,360,mains_2n,IT Power 2N + Direct Utility 2N,0.0166538279258739,0.2085873325121917,1.0,0.05
2026-08-03 15:00:00+00:00,2026-08-03 21:00:00+00:00,SEPD,PETE,360,ups_2n,IT Power 2N + UPS 2N,0.0166538279258739,0.09973665489501977,1.0,9.0
2026-08-03 15:00:00+00:00,2026-08-03 21:00:00+00:00,SEPD,PETE,360,ups_dr,IT Power 2N + UPS Distributed Redundancy,0.0166538279258739,0.14224008241606292,1.0,6.75
2026-08-03 18:00:00+00:00,2026-08-04 01:00:00+00:00,SEPD,PETE,420,hvdc_2n,IT Power 2N + HVDC 2N,0.0157645836980266,0.07222904047618439,1.0,8.9
2026-08-03 18:00:00+00:00,2026-08-04 01:00:00+00:00,SEPD,PETE,420,mains_2n,IT Power 2N + Direct Utility 2N,0.0157645836980266,0.20712318388088274,1.0,0.05
2026-08-03 18:00:00+00:00,2026-08-04 01:00:00+00:00,SEPD,PETE,420,ups_2n,IT Power 2N + UPS 2N,0.0157645836980266,0.09878260395751559,1.0,9.0
2026-08-03 18:00:00+00:00,2026-08-04 01:00:00+00:00,SEPD,PETE,420,ups_dr,IT Power 2N + UPS Distributed Redundancy,0.0157645836980266,0.14105081129182237,1.0,6.75
2026-08-01 01:00:00+00:00,2026-08-01 09:00:00+00:00,SEPD,PETE,480,hvdc_2n,IT Power 2N + HVDC 2N,0.0139424767777144,0.07071754440488265,1.0,8.9
2026-08-01 01:00:00+00:00,2026-08-01 09:00:00+00:00,SEPD,PETE,480,mains_2n,IT Power 2N + Direct Utility 2N,0.0139424767777144,0.20414682788152427,1.0,0.05
2026-08-01 01:00:00+00:00,2026-08-01 09:00:00+00:00,SEPD,PETE,480,ups_2n,IT Power 2N + UPS 2N,0.0139424767777144,0.0968530601014351,1.0,9.0
2026-08-01 01:00:00+00:00,2026-08-01 09:00:00+00:00,SEPD,PETE,480,ups_dr,IT Power 2N + UPS Distributed Redundancy,0.0139424767777144,0.13863989666143703,1.0,6.75
2026-08-02 12:00:00+00:00,2026-08-02 21:00:00+00:00,SEPD,PETE,540,hvdc_2n,IT Power 2N + HVDC 2N,0.0170583618219114,0.07332029937651456,1.0,8.9
2026-08-02 12:00:00+00:00,2026-08-02 21:00:00+00:00,SEPD,PETE,540,mains_2n,IT Power 2N + Direct Utility 2N,0.0170583618219114,0.2092559188957911,1.0,0.05
2026-08-02 12:00:00+00:00,2026-08-02 21:00:00+00:00,SEPD,PETE,540,ups_2n,IT Power 2N + UPS 2N,0.0170583618219114,0.10017337616843573,1.0,9.0
2026-08-02 12:00:00+00:00,2026-08-02 21:00:00+00:00,SEPD,PETE,540,ups_dr,IT Power 2N + UPS Distributed Redundancy,0.0170583618219114,0.14278386659722367,1.0,6.75
2026-08-03 14:00:00+00:00,2026-08-04 00:00:00+00:00,SEPD,PETE,600,hvdc_2n,IT Power 2N + HVDC 2N,0.0155761667559323,0.07207137193261781,1.0,8.9
2026-08-03 14:00:00+00:00,2026-08-04 00:00:00+00:00,SEPD,PETE,600,mains_2n,IT Power 2N + Direct Utility 2N,0.0155761667559323,0.2068139303513889,1.0,0.05
2026-08-03 14:00:00+00:00,2026-08-04 00:00:00+00:00,SEPD,PETE,600,ups_2n,IT Power 2N + UPS 2N,0.0155761667559323,0.09858150155665212,1.0,9.0
2026-08-03 14:00:00+00:00,2026-08-04 00:00:00+00:00,SEPD,PETE,600,ups_dr,IT Power 2N + UPS Distributed Redundancy,0.0155761667559323,0.14079989285771213,1.0,6.75
2026-08-02 19:00:00+00:00,2026-08-03 06:00:00+00:00,SEPD,PETE,660,hvdc_2n,IT Power 2N + HVDC 2N,0.0198055395285482,0.07568795058696992,1.0,8.9
2026-08-02 19:00:00+00:00,2026-08-03 06:00:00+00:00,SEPD,PETE,660,mains_2n,IT Power 2N + Direct Utility 2N,0.0198055395285482,0.21383792508087135,1.0,0.05
2026-08-02 19:00:00+00:00,2026-08-03 06:00:00+00:00,SEPD,PETE,660,ups_2n,IT Power 2N + UPS 2N,0.0198055395285482,0.10318431322787837,1.0,9.0
2026-08-02 19:00:00+00:00,2026-08-03 06:00:00+00:00,SEPD,PETE,660,ups_dr,IT Power 2N + UPS Distributed Redundancy,0.0198055395285482,0.14652263935738213,1.0,6.75
2026-08-01 15:00:00+00:00,2026-08-02 03:00:00+00:00,SEPD,PETE,720,hvdc_2n,IT Power 2N + HVDC 2N,0.0163676155126399,0.07273580177144838,1.0,8.9
2026-08-01 15:00:00+00:00,2026-08-02 03:00:00+00:00,SEPD,PETE,720,mains_2n,IT Power 2N + Direct Utility 2N,0.0163676155126399,0.2081152509698376,1.0,0.05
2026-08-01 15:00:00+00:00,2026-08-02 03:00:00+00:00,SEPD,PETE,720,ups_2n,IT Power 2N + UPS 2N,0.0163676155126399,0.09942869296963683,1.0,9.0
2026-08-01 15:00:00+00:00,2026-08-02 03:00:00+00:00,SEPD,PETE,720,ups_dr,IT Power 2N + UPS Distributed Redundancy,0.0163676155126399,0.141856393155029,1.0,6.75
2026-08-03 08:00:00+00:00,2026-08-03 21:00:00+00:00,SEPD,PETE,780,hvdc_2n,IT Power 2N + HVDC 2N,0.0141841209068452,0.070916302278712,1.0,8.9
2026-08-03 08:00:00+00:00,2026-08-03 21:00:00+00:00,SEPD,PETE,780,mains_2n,IT Power 2N + Direct Utility 2N,0.0141841209068452,0.2045397099591087,1.0,0.05
2026-08-03 08:00:00+00:00,2026-08-03 21:00:00+00:00,SEPD,PETE,780,ups_2n,IT Power 2N + UPS 2N,0.0141841209068452,0.09710700351076164,1.0,9.0
2026-08-03 08:00:00+00:00,2026-08-03 21:00:00+00:00,SEPD,PETE,780,ups_dr,IT Power 2N + UPS Distributed Redundancy,0.0141841209068452,0.13895762723531,1.0,6.75
2026-08-03 04:00:00+00:00,2026-08-03 18:00:00+00:00,SEPD,PETE,840,hvdc_2n,IT Power 2N + HVDC 2N,0.0154006131601787,0.07192475325576439,1.0,8.9
2026-08-03 04:00:00+00:00,2026-08-03 18:00:00+00:00,SEPD,PETE,840,mains_2n,IT Power 2N + Direct Utility 2N,0.0154006131601787,0.20652609706858707,1.0,0.05
2026-08-03 04:00:00+00:00,2026-08-03 18:00:00+00:00,SEPD,PETE,840,ups_2n,IT Power 2N + UPS 2N,0.0154006131601787,0.09839445677087817,1.0,9.0
2026-08-03 04:00:00+00:00,2026-08-03 18:00:00+00:00,SEPD,PETE,840,ups_dr,IT Power 2N + UPS Distributed Redundancy,0.0154006131601787,0.14056644075847835,1.0,6.75
2026-08-02 12:00:00+00:00,2026-08-03 03:00:00+00:00,SEPD,PETE,900,hvdc_2n,IT Power 2N + HVDC 2N,0.0157561265911555,0.07222195670030383,1.0,8.9
2026-08-02 12:00:00+00:00,2026-08-03 03:00:00+00:00,SEPD,PETE,900,mains_2n,IT Power 2N + Direct Utility 2N,0.0157561265911555,0.20710929569584308,1.0,0.05
2026-08-02 12:00:00+00:00,2026-08-03 03:00:00+00:00,SEPD,PETE,900,ups_2n,IT Power 2N + UPS 2N,0.0157561265911555,0.09877356963859045,1.0,9.0
2026-08-02 12:00:00+00:00,2026-08-03 03:00:00+00:00,SEPD,PETE,900,ups_dr,IT Power 2N + UPS Distributed Redundancy,0.0157561265911555,0.14103954079492004,1.0,6.75
2026-08-03 06:00:00+00:00,2026-08-03 22:00:00+00:00,SEPD,PETE,960,hvdc_2n,IT Power 2N + HVDC 2N,0.0144414121305271,0.07112849733929903,1.0,8.9
2026-08-03 06:00:00+00:00,2026-08-03 22:00:00+00:00,SEPD,PETE,960,mains_2n,IT Power 2N + Direct Utility 2N,0.0144414121305271,0.20495864930093113,1.0,0.05
2026-08-03 06:00:00+00:00,2026-08-03 22:00:00+00:00,SEPD,PETE,960,ups_2n,IT Power 2N + UPS 2N,0.0144414121305271,0.09737804344213366,1.0,9.0
2026-08-03 06:00:00+00:00,2026-08-03 22:00:00+00:00,SEPD,PETE,960,ups_dr,IT Power 2N + UPS Distributed Redundancy,0.0144414121305271,0.1392966027121756,1.0,6.75
2026-08-02 14:00:00+00:00,2026-08-03 07:00:00+00:00,SEPD,PETE,1020,hvdc_2n,IT Power 2N + HVDC 2N,0.0185839975949195,0.07462662000253711,1.0,8.9
2026-08-02 14:00:00+00:00,2026-08-03 07:00:00+00:00,SEPD,PETE,1020,mains_2n,IT Power 2N + Direct Utility 2N,0.0185839975949195,0.2117915541798916,1.0,0.05
2026-08-02 14:00:00+00:00,2026-08-03 07:00:00+00:00,SEPD,PETE,1020,ups_2n,IT Power 2N + UPS 2N,0.0185839975949195,0.10183572328531175,1.0,9.0
2026-08-02 14:00:00+00:00,2026-08-03 07:00:00+00:00,SEPD,PETE,1020,ups_dr,IT Power 2N + UPS Distributed Redundancy,0.0185839975949195,0.14485026526138217,1.0,6.75
2026-07-31 12:00:00+00:00,2026-08-01 06:00:00+00:00,SEPD,PETE,1080,hvdc_2n,IT Power 2N + HVDC 2N,0.0135029133005845,0.07035731242592697,1.0,8.9
2026-07-31 12:00:00+00:00,2026-08-01 06:00:00+00:00,SEPD,PETE,1080,mains_2n,IT Power 2N + Direct Utility 2N,0.0135029133005845,0.20343359382429396,1.0,0.05
2026-07-31 12:00:00+00:00,2026-08-01 06:00:00+00:00,SEPD,PETE,1080,ups_2n,IT Power 2N + UPS 2N,0.0135029133005845,0.09639264341528614,1.0,9.0
2026-07-31 12:00:00+00:00,2026-08-01 06:00:00+00:00,SEPD,PETE,1080,ups_dr,IT Power 2N + UPS Distributed Redundancy,0.0135029133005845,0.1380634909692808,1.0,6.75
2026-08-01 08:00:00+00:00,2026-08-02 03:00:00+00:00,SEPD,PETE,1140,hvdc_2n,IT Power 2N + HVDC 2N,0.0131779753761285,0.07009210975376307,1.0,8.9
2026-08-01 08:00:00+00:00,2026-08-02 03:00:00+00:00,SEPD,PETE,1140,mains_2n,IT Power 2N + Direct Utility 2N,0.0131779753761285,0.20290754461854374,1.0,0.05
2026-08-01 08:00:00+00:00,2026-08-02 03:00:00+00:00,SEPD,PETE,1140,ups_2n,IT Power 2N + UPS 2N,0.0131779753761285,0.09605354808782189,1.0,9.0
2026-08-01 08:00:00+00:00,2026-08-02 03:00:00+00:00,SEPD,PETE,1140,ups_dr,IT Power 2N + UPS Distributed Redundancy,0.0131779753761285,0.13763869021499492,1.0,6.75
2026-08-02 15:00:00+00:00,2026-08-03 11:00:00+00:00,SEPD,PETE,1200,hvdc_2n,IT Power 2N + HVDC 2N,0.0223551438254624,0.0779479267778,1.0,8.9
2026-08-02 15:00:00+00:00,2026-08-03 11:00:00+00:00,SEPD,PETE,1200,mains_2n,IT Power 2N + Direct Utility 2N,0.0223551438254624,0.21815536332054783,1.0,0.05
2026-08-02 15:00:00+00:00,2026-08-03 11:00:00+00:00,SEPD,PETE,1200,ups_2n,IT Power 2N + UPS 2N,0.0223551438254624,0.10605008438384032,1.0,9.0
2026-08-02 15:00:00+00:00,2026-08-03 11:00:00+00:00,SEPD,PETE,1200,ups_dr,IT Power 2N + UPS Distributed Redundancy,0.0223551438254624,0.15006473527752273,1.0,6.75
2026-07-26 02:00:00+00:00,2026-07-26 23:00:00+00:00,SEPD,PETE,1260,hvdc_2n,IT Power 2N + HVDC 2N,0.0138718474928179,0.07065954745718839,1.0,8.9
2026-07-26 02:00:00+00:00,2026-07-26 23:00:00+00:00,SEPD,PETE,1260,mains_2n,IT Power 2N + Direct Utility 2N,0.0138718474928179,0.20403209982452974,1.0,0.05
2026-07-26 02:00:00+00:00,2026-07-26 23:00:00+00:00,SEPD,PETE,1260,ups_2n,IT Power 2N + UPS 2N,0.0138718474928179,0.09677894794959642,1.0,9.0
2026-07-26 02:00:00+00:00,2026-07-26 23:00:00+00:00,SEPD,PETE,1260,ups_dr,IT Power 2N + UPS Distributed Redundancy,0.0138718474928179,0.13854714353867376,1.0,6.75
2026-08-02 18:00:00+00:00,2026-08-03 16:00:00+00:00,SEPD,PETE,1320,hvdc_2n,IT Power 2N + HVDC 2N,0.0268926678293027,0.08212327281093197,1.0,8.9
2026-08-02 18:00:00+00:00,2026-08-03 16:00:00+00:00,SEPD,PETE,1320,mains_2n,IT Power 2N + Direct Utility 2N,0.0268926678293027,0.2259936245405033,1.0,0.05
2026-08-02 18:00:00+00:00,2026-08-03 16:00:00+00:00,SEPD,PETE,1320,ups_2n,IT Power 2N + UPS 2N,0.0268926678293027,0.11132398616287718,1.0,9.0
2026-08-02 18:00:00+00:00,2026-08-03 16:00:00+00:00,SEPD,PETE,1320,ups_dr,IT Power 2N + UPS Distributed Redundancy,0.0268926678293027,0.15654267467590632,1.0,6.75
2026-08-02 23:00:00+00:00,2026-08-03 22:00:00+00:00,SEPD,PETE,1380,hvdc_2n,IT Power 2N + HVDC 2N,0.0146211376903009,0.07127706955086492,1.0,8.9
2026-08-02 23:00:00+00:00,2026-08-03 22:00:00+00:00,SEPD,PETE,1380,mains_2n,IT Power 2N + Direct Utility 2N,0.0146211376903009,0.20525166848027065,1.0,0.05
2026-08-02 23:00:00+00:00,2026-08-03 22:00:00+00:00,SEPD,PETE,1380,ups_2n,IT Power 2N + UPS 2N,0.0146211376903009,0.09756777306281385,1.0,9.0
2026-08-02 23:00:00+00:00,2026-08-03 22:00:00+00:00,SEPD,PETE,1380,ups_dr,IT Power 2N + UPS Distributed Redundancy,0.0146211376903009,0.13953379809878147,1.0,6.75
2026-08-03 00:00:00+00:00,2026-08-04 00:00:00+00:00,SEPD,PETE,1440,hvdc_2n,IT Power 2N + HVDC 2N,0.0121098011697086,0.06922680530376397,1.0,8.9
2026-08-03 00:00:00+00:00,2026-08-04 00:00:00+00:00,SEPD,PETE,1440,mains_2n,IT Power 2N + Direct Utility 2N,0.0121098011697086,0.20118540313505054,1.0,0.05
2026-08-03 00:00:00+00:00,2026-08-04 00:00:00+00:00,SEPD,PETE,1440,ups_2n,IT Power 2N + UPS 2N,0.0121098011697086,0.09494633646688037,1.0,9.0
2026-08-03 00:00:00+00:00,2026-08-04 00:00:00+00:00,SEPD,PETE,1440,ups_dr,IT Power 2N + UPS Distributed Redundancy,0.0121098011697086,0.13624997109696255,1.0,6.75
2026-08-01 06:00:00+00:00,2026-08-02 07:00:00+00:00,SEPD,PETE,1500,hvdc_2n,IT Power 2N + HVDC 2N,0.0136653335750314,0.07049022142764189,1.0,8.9
2026-08-01 06:00:00+00:00,2026-08-02 07:00:00+00:00,SEPD,PETE,1500,mains_2n,IT Power 2N + Direct Utility 2N,0.0136653335750314,0.20369692000838366,1.0,0.05
2026-08-01 06:00:00+00:00,2026-08-02 07:00:00+00:00,SEPD,PETE,1500,ups_2n,IT Power 2N + UPS 2N,0.0136653335750314,0.09656254082913317,1.0,9.0
2026-08-01 06:00:00+00:00,2026-08-02 07:00:00+00:00,SEPD,PETE,1500,ups_dr,IT Power 2N + UPS Distributed Redundancy,0.0136653335750314,0.1382762401328416,1.0,6.75
2026-08-02 02:00:00+00:00,2026-08-03 04:00:00+00:00,SEPD,PETE,1560,hvdc_2n,IT Power 2N + HVDC 2N,0.0100765679111236,0.06760699814239254,1.0,8.9
2026-08-02 02:00:00+00:00,2026-08-03 04:00:00+00:00,SEPD,PETE,1560,mains_2n,IT Power 2N + Direct Utility 2N,0.0100765679111236,0.19793764126583335,1.0,0.05
2026-08-02 02:00:00+00:00,2026-08-03 04:00:00+00:00,SEPD,PETE,1560,ups_2n,IT Power 2N + UPS 2N,0.0100765679111236,0.09287033012768364,1.0,9.0
2026-08-02 02:00:00+00:00,2026-08-03 04:00:00+00:00,SEPD,PETE,1560,ups_dr,IT Power 2N + UPS Distributed Redundancy,0.0100765679111236,0.13363920761320552,1.0,6.75
2026-07-31 08:00:00+00:00,2026-08-01 11:00:00+00:00,SEPD,PETE,1620,hvdc_2n,IT Power 2N + HVDC 2N,0.0178591295616447,0.07400330710218966,1.0,8.9
2026-07-31 08:00:00+00:00,2026-08-01 11:00:00+00:00,SEPD,PETE,1620,mains_2n,IT Power 2N + Direct Utility 2N,0.0178591295616447,0.21058401725450449,1.0,0.05
2026-07-31 08:00:00+00:00,2026-08-01 11:00:00+00:00,SEPD,PETE,1620,ups_2n,IT Power 2N + UPS 2N,0.0178591295616447,0.10104287177352961,1.0,9.0
2026-07-31 08:00:00+00:00,2026-08-01 11:00:00+00:00,SEPD,PETE,1620,ups_dr,IT Power 2N + UPS Distributed Redundancy,0.0178591295616447,0.1438653866634223,1.0,6.75
2026-08-02 18:00:00+00:00,2026-08-03 22:00:00+00:00,SEPD,PETE,1680,hvdc_2n,IT Power 2N + HVDC 2N,0.0227979491053921,0.0783466737934632,1.0,8.9
2026-08-02 18:00:00+00:00,2026-08-03 22:00:00+00:00,SEPD,PETE,1680,mains_2n,IT Power 2N + Direct Utility 2N,0.0227979491053921,0.21891157047867268,1.0,0.05
2026-08-02 18:00:00+00:00,2026-08-03 22:00:00+00:00,SEPD,PETE,1680,ups_2n,IT Power 2N + UPS 2N,0.0227979491053921,0.10655489361483178,1.0,9.0
2026-08-02 18:00:00+00:00,2026-08-03 22:00:00+00:00,SEPD,PETE,1680,ups_dr,IT Power 2N + UPS Distributed Redundancy,0.0227979491053921,0.15068704987918688,1.0,6.75
2026-08-02 19:00:00+00:00,2026-08-04 00:00:00+00:00,SEPD,PETE,1740,hvdc_2n,IT Power 2N + HVDC 2N,0.0194262177699703,0.07535690374895022,1.0,8.9
2026-08-02 19:00:00+00:00,2026-08-04 00:00:00+00:00,SEPD,PETE,1740,mains_2n,IT Power 2N + Direct Utility 2N,0.0194262177699703,0.21320093466793807,1.0,0.05
2026-08-02 19:00:00+00:00,2026-08-04 00:00:00+00:00,SEPD,PETE,1740,ups_2n,IT Power 2N + UPS 2N,0.0194262177699703,0.10276385641862336,1.0,9.0
2026-08-02 19:00:00+00:00,2026-08-04 00:00:00+00:00,SEPD,PETE,1740,ups_dr,IT Power 2N + UPS Distributed Redundancy,0.0194262177699703,0.14600161685341473,1.0,6.75
2026-08-02 05:00:00+00:00,2026-08-03 11:00:00+00:00,SEPD,PETE,1800,hvdc_2n,IT Power 2N + HVDC 2N,0.0159509565278611,0.0723853113543046,1.0,8.9
2026-08-02 05:00:00+00:00,2026-08-03 11:00:00+00:00,SEPD,PETE,1800,mains_2n,IT Power 2N + Direct Utility 2N,0.0159509565278611,0.2074294183183607,1.0,0.05
2026-08-02 05:00:00+00:00,2026-08-03 11:00:00+00:00,SEPD,PETE,1800,ups_2n,IT Power 2N + UPS 2N,0.0159509565278611,0.09898188389279235,1.0,9.0
2026-08-02 05:00:00+00:00,2026-08-03 11:00:00+00:00,SEPD,PETE,1800,ups_dr,IT Power 2N + UPS Distributed Redundancy,0.0159509565278611,0.14129937510451518,1.0,6.75
2026-08-01 12:00:00+00:00,2026-08-02 19:00:00+00:00,SEPD,PETE,1860,hvdc_2n,IT Power 2N + HVDC 2N,0.0195861788093914,0.07549634464668989,1.0,8.9
2026-08-01 12:00:00+00:00,2026-08-02 19:00:00+00:00,SEPD,PETE,1860,mains_2n,IT Power 2N + Direct Utility 2N,0.0195861788093914,0.21346938648634017,1.0,0.05
2026-08-01 12:00:00+00:00,2026-08-02 19:00:00+00:00,SEPD,PETE,1860,ups_2n,IT Power 2N + UPS 2N,0.0195861788093914,0.1029409789306839,1.0,9.0
2026-08-01 12:00:00+00:00,2026-08-02 19:00:00+00:00,SEPD,PETE,1860,ups_dr,IT Power 2N + UPS Distributed Redundancy,0.0195861788093914,0.14622114595712196,1.0,6.75
2026-08-01 18:00:00+00:00,2026-08-03 02:00:00+00:00,SEPD,PETE,1920,hvdc_2n,IT Power 2N + HVDC 2N,0.0169513440676401,0.0732294604809383,1.0,8.9
2026-08-01 18:00:00+00:00,2026-08-03 02:00:00+00:00,SEPD,PETE,1920,mains_2n,IT Power 2N + Direct Utility 2N,0.0169513440676401,0.2090788939851251,1.0,0.05
2026-08-01 18:00:00+00:00,2026-08-03 02:00:00+00:00,SEPD,PETE,1920,ups_2n,IT Power 2N + UPS 2N,0.0169513440676401,0.10005767833328302,1.0,9.0
2026-08-01 18:00:00+00:00,2026-08-03 02:00:00+00:00,SEPD,PETE,1920,ups_dr,IT Power 2N + UPS Distributed Redundancy,0.0169513440676401,0.14263984243595518,1.0,6.75
2026-08-02 17:00:00+00:00,2026-08-04 02:00:00+00:00,SEPD,PETE,1980,hvdc_2n,IT Power 2N + HVDC 2N,0.0195721988679904,0.07548414863857486,1.0,8.9
2026-08-02 17:00:00+00:00,2026-08-04 02:00:00+00:00,SEPD,PETE,1980,mains_2n,IT Power 2N + Direct Utility 2N,0.0195721988679904,0.21344591507594493,1.0,0.05
2026-08-02 17:00:00+00:00,2026-08-04 02:00:00+00:00,SEPD,PETE,1980,ups_2n,IT Power 2N + UPS 2N,0.0195721988679904,0.10292548837560252,1.0,9.0
2026-08-02 17:00:00+00:00,2026-08-04 02:00:00+00:00,SEPD,PETE,1980,ups_dr,IT Power 2N + UPS Distributed Redundancy,0.0195721988679904,0.14620194910647422,1.0,6.75
2026-08-02 03:00:00+00:00,2026-08-03 13:00:00+00:00,SEPD,PETE,2040,hvdc_2n,IT Power 2N + HVDC 2N,0.0141073001107665,0.07085305952103148,1.0,8.9
2026-08-02 03:00:00+00:00,2026-08-03 13:00:00+00:00,SEPD,PETE,2040,mains_2n,IT Power 2N + Direct Utility 2N,0.0141073001107665,0.2044147484218405,1.0,0.05
2026-08-02 03:00:00+00:00,2026-08-03 13:00:00+00:00,SEPD,PETE,2040,ups_2n,IT Power 2N + UPS 2N,0.0141073001107665,0.09702620830597136,1.0,9.0
2026-08-02 03:00:00+00:00,2026-08-03 13:00:00+00:00,SEPD,PETE,2040,ups_dr,IT Power 2N + UPS Distributed Redundancy,0.0141073001107665,0.13885655173557288,1.0,6.75
2026-08-02 09:00:00+00:00,2026-08-03 20:00:00+00:00,SEPD,PETE,2100,hvdc_2n,IT Power 2N + HVDC 2N,0.0135400045236463,0.07038764386238312,1.0,8.9
2026-08-02 09:00:00+00:00,2026-08-03 20:00:00+00:00,SEPD,PETE,2100,mains_2n,IT Power 2N + Direct Utility 2N,0.0135400045236463,0.20349370615713894,1.0,0.05
2026-08-02 09:00:00+00:00,2026-08-03 20:00:00+00:00,SEPD,PETE,2100,ups_2n,IT Power 2N + UPS 2N,0.0135400045236463,0.09643141861706812,1.0,9.0
2026-08-02 09:00:00+00:00,2026-08-03 20:00:00+00:00,SEPD,PETE,2100,ups_dr,IT Power 2N + UPS Distributed Redundancy,0.0135400045236463,0.13811205135165852,1.0,6.75
2026-08-02 07:00:00+00:00,2026-08-03 19:00:00+00:00,SEPD,PETE,2160,hvdc_2n,IT Power 2N + HVDC 2N,0.0162409625912856,0.0726290971605128,1.0,8.9
2026-08-02 07:00:00+00:00,2026-08-03 19:00:00+00:00,SEPD,PETE,2160,mains_2n,IT Power 2N + Direct Utility 2N,0.0162409625912856,0.20790659994652463,1.0,0.05
2026-08-02 07:00:00+00:00,2026-08-03 19:00:00+00:00,SEPD,PETE,2160,ups_2n,IT Power 2N + UPS 2N,0.0162409625912856,0.09929268577227471,1.0,9.0
2026-08-02 07:00:00+00:00,2026-08-03 19:00:00+00:00,SEPD,PETE,2160,ups_dr,IT Power 2N + UPS Distributed Redundancy,0.0162409625912856,0.14168688130257348,1.0,6.75
2026-08-01 14:00:00+00:00,2026-08-03 03:00:00+00:00,SEPD,PETE,2220,hvdc_2n,IT Power 2N + HVDC 2N,0.0183739219982431,0.07444548127848366,1.0,8.9
2026-08-01 14:00:00+00:00,2026-08-03 03:00:00+00:00,SEPD,PETE,2220,mains_2n,IT Power 2N + Direct Utility 2N,0.0183739219982431,0.21144107493773204,1.0,0.05
2026-08-01 14:00:00+00:00,2026-08-03 03:00:00+00:00,SEPD,PETE,2220,ups_2n,IT Power 2N + UPS 2N,0.0183739219982431,0.1016053793120111,1.0,9.0
2026-08-01 14:00:00+00:00,2026-08-03 03:00:00+00:00,SEPD,PETE,2220,ups_dr,IT Power 2N + UPS Distributed Redundancy,0.0183739219982431,0.1445642604873411,1.0,6.75
2026-07-31 10:00:00+00:00,2026-08-02 00:00:00+00:00,SEPD,PETE,2280,hvdc_2n,IT Power 2N + HVDC 2N,0.0139538773181574,0.07072691003346383,1.0,8.9
2026-07-31 10:00:00+00:00,2026-08-02 00:00:00+00:00,SEPD,PETE,2280,mains_2n,IT Power 2N + Direct Utility 2N,0.0139538773181574,0.20416535106699515,1.0,0.05
2026-07-31 10:00:00+00:00,2026-08-02 00:00:00+00:00,SEPD,PETE,2280,ups_2n,IT Power 2N + UPS 2N,0.0139538773181574,0.09686502757288239,1.0,9.0
2026-07-31 10:00:00+00:00,2026-08-02 00:00:00+00:00,SEPD,PETE,2280,ups_dr,IT Power 2N + UPS Distributed Redundancy,0.0139538773181574,0.13865487317704844,1.0,6.75
2026-08-01 21:00:00+00:00,2026-08-03 12:00:00+00:00,SEPD,PETE,2340,hvdc_2n,IT Power 2N + HVDC 2N,0.0213247531824246,0.07702724077217778,1.0,8.9
2026-08-01 21:00:00+00:00,2026-08-03 12:00:00+00:00,SEPD,PETE,2340,mains_2n,IT Power 2N + Direct Utility 2N,0.0213247531824246,0.21640299649168984,1.0,0.05
2026-08-01 21:00:00+00:00,2026-08-03 12:00:00+00:00,SEPD,PETE,2340,ups_2n,IT Power 2N + UPS 2N,0.0213247531824246,0.10488356620814043,1.0,9.0
2026-08-01 21:00:00+00:00,2026-08-03 12:00:00+00:00,SEPD,PETE,2340,ups_dr,IT Power 2N + UPS Distributed Redundancy,0.0213247531824246,0.14862482532491475,1.0,6.75
2026-08-02 10:00:00+00:00,2026-08-04 02:00:00+00:00,SEPD,PETE,2400,hvdc_2n,IT Power 2N + HVDC 2N,0.0124452035108285,0.06949743701319627,1.0,8.9
2026-08-02 10:00:00+00:00,2026-08-04 02:00:00+00:00,SEPD,PETE,2400,mains_2n,IT Power 2N + Direct Utility 2N,0.0124452035108285,0.20172496795260506,1.0,0.05
2026-08-02 10:00:00+00:00,2026-08-04 02:00:00+00:00,SEPD,PETE,2400,ups_2n,IT Power 2N + UPS 2N,0.0124452035108285,0.0952927603989277,1.0,9.0
2026-08-02 10:00:00+00:00,2026-08-04 02:00:00+00:00,SEPD,PETE,2400,ups_dr,IT Power 2N + UPS Distributed Redundancy,0.0124452035108285,0.1366847475371784,1.0,6.75
2026-08-02 01:00:00+00:00,2026-08-03 18:00:00+00:00,SEPD,PETE,2460,hvdc_2n,IT Power 2N + HVDC 2N,0.0189839374201239,0.07497259049842712,1.0,8.9
2026-08-02 01:00:00+00:00,2026-08-03 18:00:00+00:00,SEPD,PETE,2460,mains_2n,IT Power 2N + Direct Utility 2N,0.0189839374201239,0.21245996685543483,1.0,0.05
2026-08-02 01:00:00+00:00,2026-08-03 18:00:00+00:00,SEPD,PETE,2460,ups_2n,IT Power 2N + UPS 2N,0.0189839374201239,0.10227552982308571,1.0,9.0
2026-08-02 01:00:00+00:00,2026-08-03 18:00:00+00:00,SEPD,PETE,2460,ups_dr,IT Power 2N + UPS Distributed Redundancy,0.0189839374201239,0.14539605727805113,1.0,6.75
2026-08-01 15:00:00+00:00,2026-08-03 09:00:00+00:00,SEPD,PETE,2520,hvdc_2n,IT Power 2N + HVDC 2N,0.0220191513576631,0.07764660550395602,1.0,8.9
2026-08-01 15:00:00+00:00,2026-08-03 09:00:00+00:00,SEPD,PETE,2520,mains_2n,IT Power 2N + Direct Utility 2N,0.0220191513576631,0.21758282518805613,1.0,0.05
2026-08-01 15:00:00+00:00,2026-08-03 09:00:00+00:00,SEPD,PETE,2520,ups_2n,IT Power 2N + UPS 2N,0.0220191513576631,0.1056684520764677,1.0,9.0
2026-08-01 15:00:00+00:00,2026-08-03 09:00:00+00:00,SEPD,PETE,2520,ups_dr,IT Power 2N + UPS Distributed Redundancy,0.0220191513576631,0.14959394779786483,1.0,6.75
2026-08-01 05:00:00+00:00,2026-08-03 00:00:00+00:00,SEPD,PETE,2580,hvdc_2n,IT Power 2N + HVDC 2N,0.013481568944058,0.07033986350415967,1.0,8.9
2026-08-01 05:00:00+00:00,2026-08-03 00:00:00+00:00,SEPD,PETE,2580,mains_2n,IT Power 2N + Direct Utility 2N,0.013481568944058,0.20339900783258535,1.0,0.05
2026-08-01 05:00:00+00:00,2026-08-03 00:00:00+00:00,SEPD,PETE,2580,ups_2n,IT Power 2N + UPS 2N,0.013481568944058,0.09637033631782084,1.0,9.0
2026-08-01 05:00:00+00:00,2026-08-03 00:00:00+00:00,SEPD,PETE,2580,ups_dr,IT Power 2N + UPS Distributed Redundancy,0.013481568944058,0.13803555311983767,1.0,6.75
2026-08-01 00:00:00+00:00,2026-08-02 20:00:00+00:00,SEPD,PETE,2640,hvdc_2n,IT Power 2N + HVDC 2N,0.0161054377556087,0.0725150778008953,1.0,8.9
2026-08-01 00:00:00+00:00,2026-08-02 20:00:00+00:00,SEPD,PETE,2640,mains_2n,IT Power 2N + Direct Utility 2N,0.0161054377556087,0.20768350403661656,1.0,0.05
2026-08-01 00:00:00+00:00,2026-08-02 20:00:00+00:00,SEPD,PETE,2640,ups_2n,IT Power 2N + UPS 2N,0.0161054377556087,0.09914733475921696,1.0,9.0
2026-08-01 00:00:00+00:00,2026-08-02 20:00:00+00:00,SEPD,PETE,2640,ups_dr,IT Power 2N + UPS Distributed Redundancy,0.0161054377556087,0.1415056826502355,1.0,6.75
2026-07-30 07:00:00+00:00,2026-08-01 04:00:00+00:00,SEPD,PETE,2700,hvdc_2n,IT Power 2N + HVDC 2N,0.0156568388503948,0.07213883997676046,1.0,8.9
2026-07-30 07:00:00+00:00,2026-08-01 04:00:00+00:00,SEPD,PETE,2700,mains_2n,IT Power 2N + Direct Utility 2N,0.0156568388503948,0.20694629771122042,1.0,0.05
2026-07-30 07:00:00+00:00,2026-08-01 04:00:00+00:00,SEPD,PETE,2700,ups_2n,IT Power 2N + UPS 2N,0.0156568388503948,0.09866756034734402,1.0,9.0
2026-07-30 07:00:00+00:00,2026-08-01 04:00:00+00:00,SEPD,PETE,2700,ups_dr,IT Power 2N + UPS Distributed Redundancy,0.0156568388503948,0.14090727970446398,1.0,6.75
2026-07-29 21:00:00+00:00,2026-07-31 19:00:00+00:00,SEPD,PETE,2760,hvdc_2n,IT Power 2N + HVDC 2N,0.0181688960047471,0.07426908652852648,1.0,8.9
2026-07-29 21:00:00+00:00,2026-07-31 19:00:00+00:00,SEPD,PETE,2760,mains_2n,IT Power 2N + Direct Utility 2N,0.0181688960047471,0.21109942966106035,1.0,0.05
2026-07-29 21:00:00+00:00,2026-07-31 19:00:00+00:00,SEPD,PETE,2760,ups_2n,IT Power 2N + UPS 2N,0.0181688960047471,0.10138101781947592,1.0,9.0
2026-07-29 21:00:00+00:00,2026-07-31 19:00:00+00:00,SEPD,PETE,2760,ups_dr,IT Power 2N + UPS Distributed Redundancy,0.0181688960047471,0.14428558308027484,1.0,6.75
2026-08-01 21:00:00+00:00,2026-08-03 20:00:00+00:00,SEPD,PETE,2820,hvdc_2n,IT Power 2N + HVDC 2N,0.01888352498778,0.0748855897600832,1.0,8.9
2026-08-01 21:00:00+00:00,2026-08-03 20:00:00+00:00,SEPD,PETE,2820,mains_2n,IT Power 2N + Direct Utility 2N,0.01888352498778,0.21229200455047684,1.0,0.05
2026-08-01 21:00:00+00:00,2026-08-03 20:00:00+00:00,SEPD,PETE,2820,ups_2n,IT Power 2N + UPS 2N,0.01888352498778,0.1021649501245225,1.0,9.0
2026-08-01 21:00:00+00:00,2026-08-03 20:00:00+00:00,SEPD,PETE,2820,ups_dr,IT Power 2N + UPS Distributed Redundancy,0.01888352498778,0.14525886565875232,1.0,6.75
2026-07-31 15:00:00+00:00,2026-08-02 15:00:00+00:00,SEPD,PETE,2880,hvdc_2n,IT Power 2N + HVDC 2N,0.0159253026669362,0.07236378248304542,1.0,8.9
2026-07-31 15:00:00+00:00,2026-08-02 15:00:00+00:00,SEPD,PETE,2880,mains_2n,IT Power 2N + Direct Utility 2N,0.0159253026669362,0.20738724590677507,1.0,0.05
2026-07-31 15:00:00+00:00,2026-08-02 15:00:00+00:00,SEPD,PETE,2880,ups_2n,IT Power 2N + UPS 2N,0.0159253026669362,0.09895443216992703,1.0,9.0
2026-07-31 15:00:00+00:00,2026-08-02 15:00:00+00:00,SEPD,PETE,2880,ups_dr,IT Power 2N + UPS Distributed Redundancy,0.0159253026669362,0.14126513906805477,1.0,6.75
2026-08-03 21:00:00+00:00,2026-08-03 22:00:00+00:00,SEPD,POOL,60,hvdc_2n,IT Power 2N + HVDC 2N,0.0067400210465353,0.06502489316257913,1.0,8.9
2026-08-03 21:00:00+00:00,2026-08-03 22:00:00+00:00,SEPD,POOL,60,mains_2n,IT Power 2N + Direct Utility 2N,0.0067400210465353,0.19269393008470703,1.0,0.05
2026-08-03 21:00:00+00:00,2026-08-03 22:00:00+00:00,SEPD,POOL,60,ups_2n,IT Power 2N + UPS 2N,0.0067400210465353,0.08955180240379827,1.0,9.0
2026-08-03 21:00:00+00:00,2026-08-03 22:00:00+00:00,SEPD,POOL,60,ups_dr,IT Power 2N + UPS Distributed Redundancy,0.0067400210465353,0.12944670052061336,1.0,6.75
2026-07-31 23:00:00+00:00,2026-08-01 01:00:00+00:00,SEPD,POOL,120,hvdc_2n,IT Power 2N + HVDC 2N,0.0063324748000036,0.06471586050407925,1.0,8.9
2026-07-31 23:00:00+00:00,2026-08-01 01:00:00+00:00,SEPD,POOL,120,mains_2n,IT Power 2N + Direct Utility 2N,0.0063324748000036,0.19206073290285441,1.0,0.05
2026-07-31 23:00:00+00:00,2026-08-01 01:00:00+00:00,SEPD,POOL,120,ups_2n,IT Power 2N + UPS 2N,0.0063324748000036,0.08915386390464577,1.0,9.0
2026-07-31 23:00:00+00:00,2026-08-01 01:00:00+00:00,SEPD,POOL,120,ups_dr,IT Power 2N + UPS Distributed Redundancy,0.0063324748000036,0.12894234781026848,1.0,6.75
2026-08-01 22:00:00+00:00,2026-08-02 01:00:00+00:00,SEPD,POOL,180,hvdc_2n,IT Power 2N + HVDC 2N,0.0053308226212353,0.06396213169741649,1.0,8.9
2026-08-01 22:00:00+00:00,2026-08-02 01:00:00+00:00,SEPD,POOL,180,mains_2n,IT Power 2N + Direct Utility 2N,0.0053308226212353,0.19051122745732949,1.0,0.05
2026-08-01 22:00:00+00:00,2026-08-02 01:00:00+00:00,SEPD,POOL,180,ups_2n,IT Power 2N + UPS 2N,0.0053308226212353,0.08818259658636224,1.0,9.0
2026-08-01 22:00:00+00:00,2026-08-02 01:00:00+00:00,SEPD,POOL,180,ups_dr,IT Power 2N + UPS Distributed Redundancy,0.0053308226212353,0.12770987943756282,1.0,6.75
2026-08-02 11:00:00+00:00,2026-08-02 15:00:00+00:00,SEPD,POOL,240,hvdc_2n,IT Power 2N + HVDC 2N,0.0142276528218936,0.07095216309002647,1.0,8.9
2026-08-02 11:00:00+00:00,2026-08-02 15:00:00+00:00,SEPD,POOL,240,mains_2n,IT Power 2N + Direct Utility 2N,0.0142276528218936,0.20461054689521224,1.0,0.05
2026-08-02 11:00:00+00:00,2026-08-02 15:00:00+00:00,SEPD,POOL,240,ups_2n,IT Power 2N + UPS 2N,0.0142276528218936,0.09715281424575285,1.0,9.0
2026-08-02 11:00:00+00:00,2026-08-02 15:00:00+00:00,SEPD,POOL,240,ups_dr,IT Power 2N + UPS Distributed Redundancy,0.0142276528218936,0.13901493090744668,1.0,6.75
2026-08-01 07:00:00+00:00,2026-08-01 12:00:00+00:00,SEPD,POOL,300,hvdc_2n,IT Power 2N + HVDC 2N,0.0134566557090653,0.07031950209841477,1.0,8.9
2026-08-01 07:00:00+00:00,2026-08-01 12:00:00+00:00,SEPD,POOL,300,mains_2n,IT Power 2N + Direct Utility 2N,0.0134566557090653,0.20335864443597843,1.0,0.05
2026-08-01 07:00:00+00:00,2026-08-01 12:00:00+00:00,SEPD,POOL,300,ups_2n,IT Power 2N + UPS 2N,0.0134566557090653,0.09634430519995985,1.0,9.0
2026-08-01 07:00:00+00:00,2026-08-01 12:00:00+00:00,SEPD,POOL,300,ups_dr,IT Power 2N + UPS Distributed Redundancy,0.0134566557090653,0.1380029499337945,1.0,6.75
2026-08-01 07:00:00+00:00,2026-08-01 13:00:00+00:00,SEPD,POOL,360,hvdc_2n,IT Power 2N + HVDC 2N,0.0140519570728287,0.0708075306284714,1.0,8.9
2026-08-01 07:00:00+00:00,2026-08-01 13:00:00+00:00,SEPD,POOL,360,mains_2n,IT Power 2N + Direct Utility 2N,0.0140519570728287,0.20432475911723813,1.0,0.05
2026-08-01 07:00:00+00:00,2026-08-01 13:00:00+00:00,SEPD,POOL,360,ups_2n,IT Power 2N + UPS 2N,0.0140519570728287,0.09696803922270619,1.0,9.0
2026-08-01 07:00:00+00:00,2026-08-01 13:00:00+00:00,SEPD,POOL,360,ups_dr,IT Power 2N + UPS Distributed Redundancy,0.0140519570728287,0.13878377340762962,1.0,6.75
2026-08-02 11:00:00+00:00,2026-08-02 18:00:00+00:00,SEPD,POOL,420,hvdc_2n,IT Power 2N + HVDC 2N,0.0147730450530762,0.07140286890294133,1.0,8.9
2026-08-02 11:00:00+00:00,2026-08-02 18:00:00+00:00,SEPD,POOL,420,mains_2n,IT Power 2N + Direct Utility 2N,0.0147730450530762,0.20549957591878065,1.0,0.05
2026-08-02 11:00:00+00:00,2026-08-02 18:00:00+00:00,SEPD,POOL,420,ups_2n,IT Power 2N + UPS 2N,0.0147730450530762,0.09772839307297307,1.0,9.0
2026-08-02 11:00:00+00:00,2026-08-02 18:00:00+00:00,SEPD,POOL,420,ups_dr,IT Power 2N + UPS Distributed Redundancy,0.0147730450530762,0.13973454382531195,1.0,6.75
2026-08-03 17:00:00+00:00,2026-08-04 01:00:00+00:00,SEPD,POOL,480,hvdc_2n,IT Power 2N + HVDC 2N,0.0275146436613554,0.08271122931161948,1.0,8.9
2026-08-03 17:00:00+00:00,2026-08-04 01:00:00+00:00,SEPD,POOL,480,mains_2n,IT Power 2N + Direct Utility 2N,0.0275146436613554,0.22708344162559652,1.0,0.05
2026-08-03 17:00:00+00:00,2026-08-04 01:00:00+00:00,SEPD,POOL,480,ups_2n,IT Power 2N + UPS 2N,0.0275146436613554,0.11206452296258049,1.0,9.0
2026-08-03 17:00:00+00:00,2026-08-04 01:00:00+00:00,SEPD,POOL,480,ups_dr,IT Power 2N + UPS Distributed Redundancy,0.0275146436613554,0.157448161397765,1.0,6.75
2026-08-01 20:00:00+00:00,2026-08-02 05:00:00+00:00,SEPD,POOL,540,hvdc_2n,IT Power 2N + HVDC 2N,0.0106886198230235,0.06809086499344397,1.0,8.9
2026-08-01 20:00:00+00:00,2026-08-02 05:00:00+00:00,SEPD,POOL,540,mains_2n,IT Power 2N + Direct Utility 2N,0.0106886198230235,0.19891112137879405,1.0,0.05
2026-08-01 20:00:00+00:00,2026-08-02 05:00:00+00:00,SEPD,POOL,540,ups_2n,IT Power 2N + UPS 2N,0.0106886198230235,0.09349093400827996,1.0,9.0
2026-08-01 20:00:00+00:00,2026-08-02 05:00:00+00:00,SEPD,POOL,540,ups_dr,IT Power 2N + UPS Distributed Redundancy,0.0106886198230235,0.1344206275971935,1.0,6.75
2026-07-31 05:00:00+00:00,2026-07-31 15:00:00+00:00,SEPD,POOL,600,hvdc_2n,IT Power 2N + HVDC 2N,0.0157184048636921,0.07219036832221026,1.0,8.9
2026-07-31 05:00:00+00:00,2026-07-31 15:00:00+00:00,SEPD,POOL,600,mains_2n,IT Power 2N + Direct Utility 2N,0.0157184048636921,0.20704735779160788,1.0,0.05
2026-07-31 05:00:00+00:00,2026-07-31 15:00:00+00:00,SEPD,POOL,600,ups_2n,IT Power 2N + UPS 2N,0.0157184048636921,0.09873328229693364,1.0,9.0
2026-07-31 05:00:00+00:00,2026-07-31 15:00:00+00:00,SEPD,POOL,600,ups_dr,IT Power 2N + UPS Distributed Redundancy,0.0157184048636921,0.14098927950530896,1.0,6.75
2026-08-02 04:00:00+00:00,2026-08-02 15:00:00+00:00,SEPD,POOL,660,hvdc_2n,IT Power 2N + HVDC 2N,0.0149746649927178,0.07157015337445365,1.0,8.9
2026-08-02 04:00:00+00:00,2026-08-02 15:00:00+00:00,SEPD,POOL,660,mains_2n,IT Power 2N + Direct Utility 2N,0.0149746649927178,0.20582895525107603,1.0,0.05
2026-08-02 04:00:00+00:00,2026-08-02 15:00:00+00:00,SEPD,POOL,660,ups_2n,IT Power 2N + UPS 2N,0.0149746649927178,0.09794194104702054,1.0,9.0
2026-08-02 04:00:00+00:00,2026-08-02 15:00:00+00:00,SEPD,POOL,660,ups_dr,IT Power 2N + UPS Distributed Redundancy,0.0149746649927178,0.1400013583051172,1.0,6.75
2026-08-01 15:00:00+00:00,2026-08-02 03:00:00+00:00,SEPD,POOL,720,hvdc_2n,IT Power 2N + HVDC 2N,0.0123464860636821,0.06941768170664236,1.0,8.9
2026-08-01 15:00:00+00:00,2026-08-02 03:00:00+00:00,SEPD,POOL,720,mains_2n,IT Power 2N + Direct Utility 2N,0.0123464860636821,0.20156604807471046,1.0,0.05
2026-08-01 15:00:00+00:00,2026-08-02 03:00:00+00:00,SEPD,POOL,720,ups_2n,IT Power 2N + UPS 2N,0.0123464860636821,0.09519068174728555,1.0,9.0
2026-08-01 15:00:00+00:00,2026-08-02 03:00:00+00:00,SEPD,POOL,720,ups_dr,IT Power 2N + UPS Distributed Redundancy,0.0123464860636821,0.13655666063489483,1.0,6.75
2026-08-01 10:00:00+00:00,2026-08-01 23:00:00+00:00,SEPD,POOL,780,hvdc_2n,IT Power 2N + HVDC 2N,0.013113745841691,0.07003979743705388,1.0,8.9
2026-08-01 10:00:00+00:00,2026-08-01 23:00:00+00:00,SEPD,POOL,780,mains_2n,IT Power 2N + Direct Utility 2N,0.013113745841691,0.20280368211459499,1.0,0.05
2026-08-01 10:00:00+00:00,2026-08-01 23:00:00+00:00,SEPD,POOL,780,ups_2n,IT Power 2N + UPS 2N,0.013113745841691,0.09598664642362399,1.0,9.0
2026-08-01 10:00:00+00:00,2026-08-01 23:00:00+00:00,SEPD,POOL,780,ups_dr,IT Power 2N + UPS Distributed Redundancy,0.013113745841691,0.13755485122009392,1.0,6.75
2026-08-01 21:00:00+00:00,2026-08-02 11:00:00+00:00,SEPD,POOL,840,hvdc_2n,IT Power 2N + HVDC 2N,0.0155969386538991,0.07208873841306498,1.0,8.9
2026-08-01 21:00:00+00:00,2026-08-02 11:00:00+00:00,SEPD,POOL,840,mains_2n,IT Power 2N + Direct Utility 2N,0.0155969386538991,0.2068480070485719,1.0,0.05
2026-08-01 21:00:00+00:00,2026-08-02 11:00:00+00:00,SEPD,POOL,840,ups_2n,IT Power 2N + UPS 2N,0.0155969386538991,0.09860365405825346,1.0,9.0
2026-08-01 21:00:00+00:00,2026-08-02 11:00:00+00:00,SEPD,POOL,840,ups_dr,IT Power 2N + UPS Distributed Redundancy,0.0155969386538991,0.14082753687503693,1.0,6.75
2026-08-03 08:00:00+00:00,2026-08-03 23:00:00+00:00,SEPD,POOL,900,hvdc_2n,IT Power 2N + HVDC 2N,0.0152778192511526,0.07182236195557316,1.0,8.9
2026-08-03 08:00:00+00:00,2026-08-03 23:00:00+00:00,SEPD,POOL,900,mains_2n,IT Power 2N + Direct Utility 2N,0.0152778192511526,0.2063249434368057,1.0,0.05
2026-08-03 08:00:00+00:00,2026-08-03 23:00:00+00:00,SEPD,POOL,900,ups_2n,IT Power 2N + UPS 2N,0.0152778192511526,0.09826381313194629,1.0,9.0
2026-08-03 08:00:00+00:00,2026-08-03 23:00:00+00:00,SEPD,POOL,900,ups_dr,IT Power 2N + UPS Distributed Redundancy,0.0152778192511526,0.14040334126879125,1.0,6.75
2026-08-03 10:00:00+00:00,2026-08-04 02:00:00+00:00,SEPD,POOL,960,hvdc_2n,IT Power 2N + HVDC 2N,0.0190098668847234,0.07499507175123472,1.0,8.9
2026-08-03 10:00:00+00:00,2026-08-04 02:00:00+00:00,SEPD,POOL,960,mains_2n,IT Power 2N + Direct Utility 2N,0.0190098668847234,0.2125033554594231,1.0,0.05
2026-08-03 10:00:00+00:00,2026-08-04 02:00:00+00:00,SEPD,POOL,960,ups_2n,IT Power 2N + UPS 2N,0.0190098668847234,0.10230410200075403,1.0,9.0
2026-08-03 10:00:00+00:00,2026-08-04 02:00:00+00:00,SEPD,POOL,960,ups_dr,IT Power 2N + UPS Distributed Redundancy,0.0190098668847234,0.145431501682295,1.0,6.75
2026-08-02 02:00:00+00:00,2026-08-02 19:00:00+00:00,SEPD,POOL,1020,hvdc_2n,IT Power 2N + HVDC 2N,0.0130101704339612,0.06995551556782831,1.0,8.9
2026-08-02 02:00:00+00:00,2026-08-02 19:00:00+00:00,SEPD,POOL,1020,mains_2n,IT Power 2N + Direct Utility 2N,0.0130101704339612,0.20263627879424184,1.0,0.05
2026-08-02 02:00:00+00:00,2026-08-02 19:00:00+00:00,SEPD,POOL,1020,ups_2n,IT Power 2N + UPS 2N,0.0130101704339612,0.0958788497202012,1.0,9.0
2026-08-02 02:00:00+00:00,2026-08-02 19:00:00+00:00,SEPD,POOL,1020,ups_dr,IT Power 2N + UPS Distributed Redundancy,0.0130101704339612,0.13741974436577759,1.0,6.75
2026-08-01 22:00:00+00:00,2026-08-02 16:00:00+00:00,SEPD,POOL,1080,hvdc_2n,IT Power 2N + HVDC 2N,0.0153095501618662,0.0718488077788535,1.0,8.9
2026-08-01 22:00:00+00:00,2026-08-02 16:00:00+00:00,SEPD,POOL,1080,mains_2n,IT Power 2N + Direct Utility 2N,0.0153095501618662,0.2063769092193536,1.0,0.05
2026-08-01 22:00:00+00:00,2026-08-02 16:00:00+00:00,SEPD,POOL,1080,ups_2n,IT Power 2N + UPS 2N,0.0153095501618662,0.09829755765762759,1.0,9.0
2026-08-01 22:00:00+00:00,2026-08-02 16:00:00+00:00,SEPD,POOL,1080,ups_dr,IT Power 2N + UPS Distributed Redundancy,0.0153095501618662,0.1404454722809608,1.0,6.75
2026-08-03 02:00:00+00:00,2026-08-03 21:00:00+00:00,SEPD,POOL,1140,hvdc_2n,IT Power 2N + HVDC 2N,0.0159460729715806,0.07238121259007584,1.0,8.9
2026-08-03 02:00:00+00:00,2026-08-03 21:00:00+00:00,SEPD,POOL,1140,mains_2n,IT Power 2N + Direct Utility 2N,0.0159460729715806,0.20742138974666985,1.0,0.05
2026-08-03 02:00:00+00:00,2026-08-03 21:00:00+00:00,SEPD,POOL,1140,ups_2n,IT Power 2N + UPS 2N,0.0159460729715806,0.09897665756704076,1.0,9.0
2026-08-03 02:00:00+00:00,2026-08-03 21:00:00+00:00,SEPD,POOL,1140,ups_dr,IT Power 2N + UPS Distributed Redundancy,0.0159460729715806,0.14129285728194346,1.0,6.75
2026-08-02 15:00:00+00:00,2026-08-03 11:00:00+00:00,SEPD,POOL,1200,hvdc_2n,IT Power 2N + HVDC 2N,0.0181987976108657,0.07429478850289478,1.0,8.9
2026-08-02 15:00:00+00:00,2026-08-03 11:00:00+00:00,SEPD,POOL,1200,mains_2n,IT Power 2N + Direct Utility 2N,0.0181987976108657,0.21114923103927666,1.0,0.05
2026-08-02 15:00:00+00:00,2026-08-03 11:00:00+00:00,SEPD,POOL,1200,ups_2n,IT Power 2N + UPS 2N,0.0181987976108657,0.10141371197435393,1.0,9.0
2026-08-02 15:00:00+00:00,2026-08-03 11:00:00+00:00,SEPD,POOL,1200,ups_dr,IT Power 2N + UPS Distributed Redundancy,0.0181987976108657,0.1443261983929721,1.0,6.75
2026-08-03 04:00:00+00:00,2026-08-04 01:00:00+00:00,SEPD,POOL,1260,hvdc_2n,IT Power 2N + HVDC 2N,0.0138887047761293,0.07067338575212254,1.0,8.9
2026-08-03 04:00:00+00:00,2026-08-04 01:00:00+00:00,SEPD,POOL,1260,mains_2n,IT Power 2N + Direct Utility 2N,0.0138887047761293,0.2040594779245816,1.0,0.05
2026-08-03 04:00:00+00:00,2026-08-04 01:00:00+00:00,SEPD,POOL,1260,ups_2n,IT Power 2N + UPS 2N,0.0138887047761293,0.0967966318965684,1.0,9.0
2026-08-03 04:00:00+00:00,2026-08-04 01:00:00+00:00,SEPD,POOL,1260,ups_dr,IT Power 2N + UPS Distributed Redundancy,0.0138887047761293,0.13856927644625822,1.0,6.75
2026-08-03 02:00:00+00:00,2026-08-04 00:00:00+00:00,SEPD,POOL,1320,hvdc_2n,IT Power 2N + HVDC 2N,0.0142094460234998,0.07093716261865356,1.0,8.9
2026-08-03 02:00:00+00:00,2026-08-04 00:00:00+00:00,SEPD,POOL,1320,mains_2n,IT Power 2N + Direct Utility 2N,0.0142094460234998,0.20458091782180243,1.0,0.05
2026-08-03 02:00:00+00:00,2026-08-04 00:00:00+00:00,SEPD,POOL,1320,ups_2n,IT Power 2N + UPS 2N,0.0142094460234998,0.09713365200735129,1.0,9.0
2026-08-03 02:00:00+00:00,2026-08-04 00:00:00+00:00,SEPD,POOL,1320,ups_dr,IT Power 2N + UPS Distributed Redundancy,0.0142094460234998,0.1389909617957874,1.0,6.75
2026-07-30 13:00:00+00:00,2026-07-31 12:00:00+00:00,SEPD,POOL,1380,hvdc_2n,IT Power 2N + HVDC 2N,0.02305873811287,0.07858238727886263,1.0,8.9
2026-07-30 13:00:00+00:00,2026-07-31 12:00:00+00:00,SEPD,POOL,1380,mains_2n,IT Power 2N + Direct Utility 2N,0.02305873811287,0.21935781863172615,1.0,0.05
2026-07-30 13:00:00+00:00,2026-07-31 12:00:00+00:00,SEPD,POOL,1380,ups_2n,IT Power 2N + UPS 2N,0.02305873811287,0.10685318898438549,1.0,9.0
2026-07-30 13:00:00+00:00,2026-07-31 12:00:00+00:00,SEPD,POOL,1380,ups_dr,IT Power 2N + UPS Distributed Redundancy,0.02305873811287,0.15105455276638238,1.0,6.75
2026-08-01 20:00:00+00:00,2026-08-02 20:00:00+00:00,SEPD,POOL,1440,hvdc_2n,IT Power 2N + HVDC 2N,0.0124316959552772,0.06948651905141445,1.0,8.9
2026-08-01 20:00:00+00:00,2026-08-02 20:00:00+00:00,SEPD,POOL,1440,mains_2n,IT Power 2N + Direct Utility 2N,0.0124316959552772,0.20170321734139748,1.0,0.05
2026-08-01 20:00:00+00:00,2026-08-02 20:00:00+00:00,SEPD,POOL,1440,ups_2n,IT Power 2N + UPS 2N,0.0124316959552772,0.09527878714690381,1.0,9.0
2026-08-01 20:00:00+00:00,2026-08-02 20:00:00+00:00,SEPD,POOL,1440,ups_dr,IT Power 2N + UPS Distributed Redundancy,0.0124316959552772,0.13666721537530852,1.0,6.75
2026-08-01 20:00:00+00:00,2026-08-02 21:00:00+00:00,SEPD,POOL,1500,hvdc_2n,IT Power 2N + HVDC 2N,0.0118662617225347,0.06903090820670617,1.0,8.9
2026-08-01 20:00:00+00:00,2026-08-02 21:00:00+00:00,SEPD,POOL,1500,mains_2n,IT Power 2N + Direct Utility 2N,0.0118662617225347,0.20079429610138153,1.0,0.05
2026-08-01 20:00:00+00:00,2026-08-02 21:00:00+00:00,SEPD,POOL,1500,ups_2n,IT Power 2N + UPS 2N,0.0118662617225347,0.09469550096734115,1.0,9.0
2026-08-01 20:00:00+00:00,2026-08-02 21:00:00+00:00,SEPD,POOL,1500,ups_dr,IT Power 2N + UPS Distributed Redundancy,0.0118662617225347,0.13593500541409276,1.0,6.75
2026-08-01 15:00:00+00:00,2026-08-02 17:00:00+00:00,SEPD,POOL,1560,hvdc_2n,IT Power 2N + HVDC 2N,0.0158991104275969,0.07234180789234887,1.0,8.9
2026-08-01 15:00:00+00:00,2026-08-02 17:00:00+00:00,SEPD,POOL,1560,mains_2n,IT Power 2N + Direct Utility 2N,0.0158991104275969,0.20734419498597492,1.0,0.05
2026-08-01 15:00:00+00:00,2026-08-02 17:00:00+00:00,SEPD,POOL,1560,ups_2n,IT Power 2N + UPS 2N,0.0158991104275969,0.09892641133066409,1.0,9.0
2026-08-01 15:00:00+00:00,2026-08-02 17:00:00+00:00,SEPD,POOL,1560,ups_dr,IT Power 2N + UPS Distributed Redundancy,0.0158991104275969,0.14123019169605627,1.0,6.75
2026-07-30 05:00:00+00:00,2026-07-31 08:00:00+00:00,SEPD,POOL,1620,hvdc_2n,IT Power 2N + HVDC 2N,0.0191357190015725,0.07510427553464105,1.0,8.9
2026-07-30 05:00:00+00:00,2026-07-31 08:00:00+00:00,SEPD,POOL,1620,mains_2n,IT Power 2N + Direct Utility 2N,0.0191357190015725,0.21271403974148362,1.0,0.05
2026-07-30 05:00:00+00:00,2026-07-31 08:00:00+00:00,SEPD,POOL,1620,ups_2n,IT Power 2N + UPS 2N,0.0191357190015725,0.10244288136599276,1.0,9.0
2026-07-30 05:00:00+00:00,2026-07-31 08:00:00+00:00,SEPD,POOL,1620,ups_dr,IT Power 2N + UPS Distributed Redundancy,0.0191357190015725,0.14560363769411627,1.0,6.75
2026-08-02 15:00:00+00:00,2026-08-03 19:00:00+00:00,SEPD,POOL,1680,hvdc_2n,IT Power 2N + HVDC 2N,0.0170655512970016,0.0733264056707705,1.0,8.9
2026-08-02 15:00:00+00:00,2026-08-03 19:00:00+00:00,SEPD,POOL,1680,mains_2n,IT Power 2N + Direct Utility 2N,0.0170655512970016,0.20926781541642334,1.0,0.05
2026-08-02 15:00:00+00:00,2026-08-03 19:00:00+00:00,SEPD,POOL,1680,ups_2n,IT Power 2N + UPS 2N,0.0170655512970016,0.10018115303343726,1.0,9.0
2026-08-02 15:00:00+00:00,2026-08-03 19:00:00+00:00,SEPD,POOL,1680,ups_dr,IT Power 2N + UPS Distributed Redundancy,0.0170655512970016,0.1427935465137447,1.0,6.75
2026-08-02 19:00:00+00:00,2026-08-04 00:00:00+00:00,SEPD,POOL,1740,hvdc_2n,IT Power 2N + HVDC 2N,0.0166407764972519,0.07296643083557024,1.0,8.9
2026-08-02 19:00:00+00:00,2026-08-04 00:00:00+00:00,SEPD,POOL,1740,mains_2n,IT Power 2N + Direct Utility 2N,0.0166407764972519,0.20856578820850966,1.0,0.05
2026-08-02 19:00:00+00:00,2026-08-04 00:00:00+00:00,SEPD,POOL,1740,ups_2n,IT Power 2N + UPS 2N,0.0166407764972519,0.09972259323998324,1.0,9.0
2026-08-02 19:00:00+00:00,2026-08-04 00:00:00+00:00,SEPD,POOL,1740,ups_dr,IT Power 2N + UPS Distributed Redundancy,0.0166407764972519,0.1422225671727493,1.0,6.75
2026-08-02 20:00:00+00:00,2026-08-04 02:00:00+00:00,SEPD,POOL,1800,hvdc_2n,IT Power 2N + HVDC 2N,0.0178589387566577,0.07400314366162387,1.0,8.9
2026-08-02 20:00:00+00:00,2026-08-04 02:00:00+00:00,SEPD,POOL,1800,mains_2n,IT Power 2N + Direct Utility 2N,0.0178589387566577,0.21058370006354327,1.0,0.05
2026-08-02 20:00:00+00:00,2026-08-04 02:00:00+00:00,SEPD,POOL,1800,ups_2n,IT Power 2N + UPS 2N,0.0178589387566577,0.10104266379656648,1.0,9.0
2026-08-02 20:00:00+00:00,2026-08-04 02:00:00+00:00,SEPD,POOL,1800,ups_dr,IT Power 2N + UPS Distributed Redundancy,0.0178589387566577,0.14386512815157257,1.0,6.75
2026-08-02 09:00:00+00:00,2026-08-03 16:00:00+00:00,SEPD,POOL,1860,hvdc_2n,IT Power 2N + HVDC 2N,0.0162781679685703,0.0726604275761441,1.0,8.9
2026-08-02 09:00:00+00:00,2026-08-03 16:00:00+00:00,SEPD,POOL,1860,mains_2n,IT Power 2N + Direct Utility 2N,0.0162781679685703,0.20796787695823363,1.0,0.05
2026-08-02 09:00:00+00:00,2026-08-03 16:00:00+00:00,SEPD,POOL,1860,ups_2n,IT Power 2N + UPS 2N,0.0162781679685703,0.09933262186777708,1.0,9.0
2026-08-02 09:00:00+00:00,2026-08-03 16:00:00+00:00,SEPD,POOL,1860,ups_dr,IT Power 2N + UPS Distributed Redundancy,0.0162781679685703,0.14173665930612944,1.0,6.75
2026-07-30 13:00:00+00:00,2026-07-31 21:00:00+00:00,SEPD,POOL,1920,hvdc_2n,IT Power 2N + HVDC 2N,0.0212624917912409,0.07697192880609506,1.0,8.9
2026-07-30 13:00:00+00:00,2026-07-31 21:00:00+00:00,SEPD,POOL,1920,mains_2n,IT Power 2N + Direct Utility 2N,0.0212624917912409,0.21629743678718485,1.0,0.05
2026-07-30 13:00:00+00:00,2026-07-31 21:00:00+00:00,SEPD,POOL,1920,ups_2n,IT Power 2N + UPS 2N,0.0212624917912409,0.10481344347499101,1.0,9.0
2026-07-30 13:00:00+00:00,2026-07-31 21:00:00+00:00,SEPD,POOL,1920,ups_dr,IT Power 2N + UPS Distributed Redundancy,0.0212624917912409,0.1485381851483589,1.0,6.75
2026-08-01 16:00:00+00:00,2026-08-03 01:00:00+00:00,SEPD,POOL,1980,hvdc_2n,IT Power 2N + HVDC 2N,0.0132909268454263,0.07018419171918669,1.0,8.9
2026-08-01 16:00:00+00:00,2026-08-03 01:00:00+00:00,SEPD,POOL,1980,mains_2n,IT Power 2N + Direct Utility 2N,0.0132909268454263,0.2030902891935533,1.0,0.05
2026-08-01 16:00:00+00:00,2026-08-03 01:00:00+00:00,SEPD,POOL,1980,ups_2n,IT Power 2N + UPS 2N,0.0132909268454263,0.09617129974523787,1.0,9.0
2026-08-01 16:00:00+00:00,2026-08-03 01:00:00+00:00,SEPD,POOL,1980,ups_dr,IT Power 2N + UPS Distributed Redundancy,0.0132909268454263,0.13778623024974557,1.0,6.75
2026-08-02 04:00:00+00:00,2026-08-03 14:00:00+00:00,SEPD,POOL,2040,hvdc_2n,IT Power 2N + HVDC 2N,0.0162123775165105,0.0726050343064088,1.0,8.9
2026-08-02 04:00:00+00:00,2026-08-03 14:00:00+00:00,SEPD,POOL,2040,mains_2n,IT Power 2N + Direct Utility 2N,0.0162123775165105,0.20785952956261397,1.0,0.05
2026-08-02 04:00:00+00:00,2026-08-03 14:00:00+00:00,SEPD,POOL,2040,ups_2n,IT Power 2N + UPS 2N,0.0162123775165105,0.09926201237836647,1.0,9.0
2026-08-02 04:00:00+00:00,2026-08-03 14:00:00+00:00,SEPD,POOL,2040,ups_dr,IT Power 2N + UPS Distributed Redundancy,0.0162123775165105,0.14164864653292686,1.0,6.75
2026-07-31 22:00:00+00:00,2026-08-02 09:00:00+00:00,SEPD,POOL,2100,hvdc_2n,IT Power 2N + HVDC 2N,0.0170983421857011,0.0733542621572636,1.0,8.9
2026-07-31 22:00:00+00:00,2026-08-02 09:00:00+00:00,SEPD,POOL,2100,mains_2n,IT Power 2N + Direct Utility 2N,0.0170983421857011,0.20932208124575757,1.0,0.05
2026-07-31 22:00:00+00:00,2026-08-02 09:00:00+00:00,SEPD,POOL,2100,ups_2n,IT Power 2N + UPS 2N,0.0170983421857011,0.10021662978686363,1.0,9.0
2026-07-31 22:00:00+00:00,2026-08-02 09:00:00+00:00,SEPD,POOL,2100,ups_dr,IT Power 2N + UPS Distributed Redundancy,0.0170983421857011,0.14283770313547495,1.0,6.75
2026-08-01 22:00:00+00:00,2026-08-03 10:00:00+00:00,SEPD,POOL,2160,hvdc_2n,IT Power 2N + HVDC 2N,0.0160182060433269,0.07244177557660064,1.0,8.9
2026-08-01 22:00:00+00:00,2026-08-03 10:00:00+00:00,SEPD,POOL,2160,mains_2n,IT Power 2N + Direct Utility 2N,0.0160182060433269,0.20753999992560138,1.0,0.05
2026-08-01 22:00:00+00:00,2026-08-03 10:00:00+00:00,SEPD,POOL,2160,ups_2n,IT Power 2N + UPS 2N,0.0160182060433269,0.0990538785369225,1.0,9.0
2026-08-01 22:00:00+00:00,2026-08-03 10:00:00+00:00,SEPD,POOL,2160,ups_dr,IT Power 2N + UPS Distributed Redundancy,0.0160182060433269,0.1413891550007338,1.0,6.75
2026-08-01 18:00:00+00:00,2026-08-03 07:00:00+00:00,SEPD,POOL,2220,hvdc_2n,IT Power 2N + HVDC 2N,0.0151186873170658,0.07168987038134579,1.0,8.9
2026-08-01 18:00:00+00:00,2026-08-03 07:00:00+00:00,SEPD,POOL,2220,mains_2n,IT Power 2N + Direct Utility 2N,0.0151186873170658,0.20606447877808168,1.0,0.05
2026-08-01 18:00:00+00:00,2026-08-03 07:00:00+00:00,SEPD,POOL,2220,ups_2n,IT Power 2N + UPS 2N,0.0151186873170658,0.09809473847068802,1.0,9.0
2026-08-01 18:00:00+00:00,2026-08-03 07:00:00+00:00,SEPD,POOL,2220,ups_dr,IT Power 2N + UPS Distributed Redundancy,0.0151186873170658,0.14019221182969865,1.0,6.75
2026-08-02 11:00:00+00:00,2026-08-04 01:00:00+00:00,SEPD,POOL,2280,hvdc_2n,IT Power 2N + HVDC 2N,0.0126147794918846,0.06963463793877196,1.0,8.9
2026-08-02 11:00:00+00:00,2026-08-04 01:00:00+00:00,SEPD,POOL,2280,mains_2n,IT Power 2N + Direct Utility 2N,0.0126147794918846,0.2019981776801123,1.0,0.05
2026-08-02 11:00:00+00:00,2026-08-04 01:00:00+00:00,SEPD,POOL,2280,ups_2n,IT Power 2N + UPS 2N,0.0126147794918846,0.09546833885076561,1.0,9.0
2026-08-02 11:00:00+00:00,2026-08-04 01:00:00+00:00,SEPD,POOL,2280,ups_dr,IT Power 2N + UPS Distributed Redundancy,0.0126147794918846,0.13690501015143258,1.0,6.75
2026-08-01 15:00:00+00:00,2026-08-03 06:00:00+00:00,SEPD,POOL,2340,hvdc_2n,IT Power 2N + HVDC 2N,0.0143714280827172,0.0710707216135422,1.0,8.9
2026-08-01 15:00:00+00:00,2026-08-03 06:00:00+00:00,SEPD,POOL,2340,mains_2n,IT Power 2N + Direct Utility 2N,0.0143714280827172,0.20484463342102327,1.0,0.05
2026-08-01 15:00:00+00:00,2026-08-03 06:00:00+00:00,SEPD,POOL,2340,ups_2n,IT Power 2N + UPS 2N,0.0143714280827172,0.09730425295194571,1.0,9.0
2026-08-01 15:00:00+00:00,2026-08-03 06:00:00+00:00,SEPD,POOL,2340,ups_dr,IT Power 2N + UPS Distributed Redundancy,0.0143714280827172,0.13920433172093957,1.0,6.75
2026-07-31 16:00:00+00:00,2026-08-02 08:00:00+00:00,SEPD,POOL,2400,hvdc_2n,IT Power 2N + HVDC 2N,0.0171591865895217,0.07340597645883928,1.0,8.9
2026-07-31 16:00:00+00:00,2026-08-02 08:00:00+00:00,SEPD,POOL,2400,mains_2n,IT Power 2N + Direct Utility 2N,0.0171591865895217,0.2094228004064179,1.0,0.05
2026-07-31 16:00:00+00:00,2026-08-02 08:00:00+00:00,SEPD,POOL,2400,ups_2n,IT Power 2N + UPS 2N,0.0171591865895217,0.10028248746414312,1.0,9.0
2026-07-31 16:00:00+00:00,2026-08-02 08:00:00+00:00,SEPD,POOL,2400,ups_dr,IT Power 2N + UPS Distributed Redundancy,0.0171591865895217,0.14291966711857346,1.0,6.75
2026-08-01 20:00:00+00:00,2026-08-03 13:00:00+00:00,SEPD,POOL,2460,hvdc_2n,IT Power 2N + HVDC 2N,0.0147093769554625,0.07135011838230106,1.0,8.9
2026-08-01 20:00:00+00:00,2026-08-03 13:00:00+00:00,SEPD,POOL,2460,mains_2n,IT Power 2N + Direct Utility 2N,0.0147093769554625,0.20539564482489353,1.0,0.05
2026-08-01 20:00:00+00:00,2026-08-03 13:00:00+00:00,SEPD,POOL,2460,ups_2n,IT Power 2N + UPS 2N,0.0147093769554625,0.09766104460970466,1.0,9.0
2026-08-01 20:00:00+00:00,2026-08-03 13:00:00+00:00,SEPD,POOL,2460,ups_dr,IT Power 2N + UPS Distributed Redundancy,0.0147093769554625,0.13965037694253316,1.0,6.75
2026-07-29 14:00:00+00:00,2026-07-31 08:00:00+00:00,SEPD,POOL,2520,hvdc_2n,IT Power 2N + HVDC 2N,0.018809024911607,0.07482110033567753,1.0,8.9
2026-07-29 14:00:00+00:00,2026-07-31 08:00:00+00:00,SEPD,POOL,2520,mains_2n,IT Power 2N + Direct Utility 2N,0.018809024911607,0.21216744916492372,1.0,0.05
2026-07-29 14:00:00+00:00,2026-07-31 08:00:00+00:00,SEPD,POOL,2520,ups_2n,IT Power 2N + UPS 2N,0.018809024911607,0.10208297501966089,1.0,9.0
2026-07-29 14:00:00+00:00,2026-07-31 08:00:00+00:00,SEPD,POOL,2520,ups_dr,IT Power 2N + UPS Distributed Redundancy,0.018809024911607,0.1451571470538211,1.0,6.75
2026-08-02 03:00:00+00:00,2026-08-03 22:00:00+00:00,SEPD,POOL,2580,hvdc_2n,IT Power 2N + HVDC 2N,0.0126815988694277,0.06968876910795375,1.0,8.9
2026-08-02 03:00:00+00:00,2026-08-03 22:00:00+00:00,SEPD,POOL,2580,mains_2n,IT Power 2N + Direct Utility 2N,0.0126815988694277,0.20210590856589228,1.0,0.05
2026-08-02 03:00:00+00:00,2026-08-03 22:00:00+00:00,SEPD,POOL,2580,ups_2n,IT Power 2N + UPS 2N,0.0126815988694277,0.09553760286868189,1.0,9.0
2026-08-02 03:00:00+00:00,2026-08-03 22:00:00+00:00,SEPD,POOL,2580,ups_dr,IT Power 2N + UPS Distributed Redundancy,0.0126815988694277,0.13699188397738987,1.0,6.75
2026-08-01 18:00:00+00:00,2026-08-03 14:00:00+00:00,SEPD,POOL,2640,hvdc_2n,IT Power 2N + HVDC 2N,0.0183838337572673,0.074454018646317,1.0,8.9
2026-08-01 18:00:00+00:00,2026-08-03 14:00:00+00:00,SEPD,POOL,2640,mains_2n,IT Power 2N + Direct Utility 2N,0.0183838337572673,0.21145760165759517,1.0,0.05
2026-08-01 18:00:00+00:00,2026-08-03 14:00:00+00:00,SEPD,POOL,2640,ups_2n,IT Power 2N + UPS 2N,0.0183838337572673,0.10161623697617579,1.0,9.0
2026-08-01 18:00:00+00:00,2026-08-03 14:00:00+00:00,SEPD,POOL,2640,ups_dr,IT Power 2N + UPS Distributed Redundancy,0.0183838337572673,0.14457774417177316,1.0,6.75
2026-08-02 04:00:00+00:00,2026-08-04 01:00:00+00:00,SEPD,POOL,2700,hvdc_2n,IT Power 2N + HVDC 2N,0.0108981778099146,0.06825727062911377,1.0,8.9
2026-08-02 04:00:00+00:00,2026-08-04 01:00:00+00:00,SEPD,POOL,2700,mains_2n,IT Power 2N + Direct Utility 2N,0.0108981778099146,0.19924525327408843,1.0,0.05
2026-08-02 04:00:00+00:00,2026-08-04 01:00:00+00:00,SEPD,POOL,2700,ups_2n,IT Power 2N + UPS 2N,0.0108981778099146,0.09370427340775193,1.0,9.0
2026-08-02 04:00:00+00:00,2026-08-04 01:00:00+00:00,SEPD,POOL,2700,ups_dr,IT Power 2N + UPS Distributed Redundancy,0.0108981778099146,0.1346890604496691,1.0,6.75
2026-08-02 01:00:00+00:00,2026-08-03 23:00:00+00:00,SEPD,POOL,2760,hvdc_2n,IT Power 2N + HVDC 2N,0.0123901987976023,0.06945298742593986,1.0,8.9
2026-08-02 01:00:00+00:00,2026-08-03 23:00:00+00:00,SEPD,POOL,2760,mains_2n,IT Power 2N + Direct Utility 2N,0.0123901987976023,0.20163640729187748,1.0,0.05
2026-08-02 01:00:00+00:00,2026-08-03 23:00:00+00:00,SEPD,POOL,2760,ups_2n,IT Power 2N + UPS 2N,0.0123901987976023,0.09523587076871688,1.0,9.0
2026-08-02 01:00:00+00:00,2026-08-03 23:00:00+00:00,SEPD,POOL,2760,ups_dr,IT Power 2N + UPS Distributed Redundancy,0.0123901987976023,0.13661336588639028,1.0,6.75
2026-08-01 07:00:00+00:00,2026-08-03 06:00:00+00:00,SEPD,POOL,2820,hvdc_2n,IT Power 2N + HVDC 2N,0.016668518603532,0.07298989106857527,1.0,8.9
2026-08-01 07:00:00+00:00,2026-08-03 06:00:00+00:00,SEPD,POOL,2820,mains_2n,IT Power 2N + Direct Utility 2N,0.016668518603532,0.2086115847238129,1.0,0.05
2026-08-01 07:00:00+00:00,2026-08-03 06:00:00+00:00,SEPD,POOL,2820,ups_2n,IT Power 2N + UPS 2N,0.016668518603532,0.09975248479191466,1.0,9.0
2026-08-01 07:00:00+00:00,2026-08-03 06:00:00+00:00,SEPD,POOL,2820,ups_dr,IT Power 2N + UPS Distributed Redundancy,0.016668518603532,0.14225979971250058,1.0,6.75
2026-07-27 07:00:00+00:00,2026-07-29 07:00:00+00:00,SEPD,POOL,2880,hvdc_2n,IT Power 2N + HVDC 2N,0.0193716083313368,0.07530935391382791,1.0,8.9
2026-07-27 07:00:00+00:00,2026-07-29 07:00:00+00:00,SEPD,POOL,2880,mains_2n,IT Power 2N + Direct Utility 2N,0.0193716083313368,0.21310934370449014,1.0,0.05
2026-07-27 07:00:00+00:00,2026-07-29 07:00:00+00:00,SEPD,POOL,2880,ups_2n,IT Power 2N + UPS 2N,0.0193716083313368,0.10270345000416127,1.0,9.0
2026-07-27 07:00:00+00:00,2026-07-29 07:00:00+00:00,SEPD,POOL,2880,ups_dr,IT Power 2N + UPS Distributed Redundancy,0.0193716083313368,0.14592673393602698,1.0,6.75
2026-08-03 08:00:00+00:00,2026-08-03 09:00:00+00:00,SEPD,PORT,60,hvdc_2n,IT Power 2N + HVDC 2N,0.0095940750295799,0.067227806134022,1.0,8.9
2026-08-03 08:00:00+00:00,2026-08-03 09:00:00+00:00,SEPD,PORT,60,mains_2n,IT Power 2N + Direct Utility 2N,0.0095940750295799,0.19717275986229144,1.0,0.05
2026-08-03 08:00:00+00:00,2026-08-03 09:00:00+00:00,SEPD,PORT,60,ups_2n,IT Power 2N + UPS 2N,0.0095940750295799,0.09238370472850918,1.0,9.0
2026-08-03 08:00:00+00:00,2026-08-03 09:00:00+00:00,SEPD,PORT,60,ups_dr,IT Power 2N + UPS Distributed Redundancy,0.0095940750295799,0.13302590950652474,1.0,6.75
2026-07-31 20:00:00+00:00,2026-07-31 22:00:00+00:00,SEPD,PORT,120,hvdc_2n,IT Power 2N + HVDC 2N,0.0068787488957701,0.0651304000862492,1.0,8.9
2026-07-31 20:00:00+00:00,2026-07-31 22:00:00+00:00,SEPD,PORT,120,mains_2n,IT Power 2N + Direct Utility 2N,0.0068787488957701,0.19290983126839759,1.0,0.05
2026-07-31 20:00:00+00:00,2026-07-31 22:00:00+00:00,SEPD,PORT,120,ups_2n,IT Power 2N + UPS 2N,0.0068787488957701,0.0896876247474196,1.0,9.0
2026-07-31 20:00:00+00:00,2026-07-31 22:00:00+00:00,SEPD,PORT,120,ups_dr,IT Power 2N + UPS Distributed Redundancy,0.0068787488957701,0.12961876382284857,1.0,6.75
2026-08-03 20:00:00+00:00,2026-08-03 23:00:00+00:00,SEPD,PORT,180,hvdc_2n,IT Power 2N + HVDC 2N,0.0092980566061242,0.0669961424888147,1.0,8.9
2026-08-03 20:00:00+00:00,2026-08-03 23:00:00+00:00,SEPD,PORT,180,mains_2n,IT Power 2N + Direct Utility 2N,0.0092980566061242,0.1967045955531588,1.0,0.05
2026-08-03 20:00:00+00:00,2026-08-03 23:00:00+00:00,SEPD,PORT,180,ups_2n,IT Power 2N + UPS 2N,0.0092980566061242,0.09208628565861565,1.0,9.0
2026-08-03 20:00:00+00:00,2026-08-03 23:00:00+00:00,SEPD,PORT,180,ups_dr,IT Power 2N + UPS Distributed Redundancy,0.0092980566061242,0.132650820140384,1.0,6.75
2026-08-03 21:00:00+00:00,2026-08-04 01:00:00+00:00,SEPD,PORT,240,hvdc_2n,IT Power 2N + HVDC 2N,0.0089996320807881,0.06676334604796488,1.0,8.9
2026-08-03 21:00:00+00:00,2026-08-04 01:00:00+00:00,SEPD,PORT,240,mains_2n,IT Power 2N + Direct Utility 2N,0.0089996320807881,0.19623347606124628,1.0,0.05
2026-08-03 21:00:00+00:00,2026-08-04 01:00:00+00:00,SEPD,PORT,240,ups_2n,IT Power 2N + UPS 2N,0.0089996320807881,0.09178732029125398,1.0,9.0
2026-08-03 21:00:00+00:00,2026-08-04 01:00:00+00:00,SEPD,PORT,240,ups_dr,IT Power 2N + UPS Distributed Redundancy,0.0089996320807881,0.13227358918383134,1.0,6.75
2026-07-29 09:00:00+00:00,2026-07-29 14:00:00+00:00,SEPD,PORT,300,hvdc_2n,IT Power 2N + HVDC 2N,0.0246631104080694,0.08004681588081564,1.0,8.9
2026-07-29 09:00:00+00:00,2026-07-29 14:00:00+00:00,SEPD,PORT,300,mains_2n,IT Power 2N + Direct Utility 2N,0.0246631104080694,0.22211751165286409,1.0,0.05
2026-07-29 09:00:00+00:00,2026-07-29 14:00:00+00:00,SEPD,PORT,300,ups_2n,IT Power 2N + UPS 2N,0.0246631104080694,0.10870451507587355,1.0,9.0
2026-07-29 09:00:00+00:00,2026-07-29 14:00:00+00:00,SEPD,PORT,300,ups_dr,IT Power 2N + UPS Distributed Redundancy,0.0246631104080694,0.15333165668920343,1.0,6.75
2026-08-02 22:00:00+00:00,2026-08-03 04:00:00+00:00,SEPD,PORT,360,hvdc_2n,IT Power 2N + HVDC 2N,0.0089546130276071,0.06672829262983637,1.0,8.9
2026-08-02 22:00:00+00:00,2026-08-03 04:00:00+00:00,SEPD,PORT,360,mains_2n,IT Power 2N + Direct Utility 2N,0.0089546130276071,0.1961624790651629,1.0,0.05
2026-08-02 22:00:00+00:00,2026-08-03 04:00:00+00:00,SEPD,PORT,360,ups_2n,IT Power 2N + UPS 2N,0.0089546130276071,0.0917422954613767,1.0,9.0
2026-08-02 22:00:00+00:00,2026-08-03 04:00:00+00:00,SEPD,PORT,360,ups_dr,IT Power 2N + UPS Distributed Redundancy,0.0089546130276071,0.13221676072099234,1.0,6.75
2026-08-03 12:00:00+00:00,2026-08-03 19:00:00+00:00,SEPD,PORT,420,hvdc_2n,IT Power 2N + HVDC 2N,0.0156580062235209,0.07213981670684742,1.0,8.9
2026-08-03 12:00:00+00:00,2026-08-03 19:00:00+00:00,SEPD,PORT,420,mains_2n,IT Power 2N + Direct Utility 2N,0.0156580062235209,0.20694821360503426,1.0,0.05
2026-08-03 12:00:00+00:00,2026-08-03 19:00:00+00:00,SEPD,PORT,420,ups_2n,IT Power 2N + UPS 2N,0.0156580062235209,0.09866880616009288,1.0,9.0
2026-08-03 12:00:00+00:00,2026-08-03 19:00:00+00:00,SEPD,PORT,420,ups_dr,IT Power 2N + UPS Distributed Redundancy,0.0156580062235209,0.14090883415837058,1.0,6.75
2026-08-03 02:00:00+00:00,2026-08-03 10:00:00+00:00,SEPD,PORT,480,hvdc_2n,IT Power 2N + HVDC 2N,0.0165192391988207,0.07286373415362185,1.0,8.9
2026-08-03 02:00:00+00:00,2026-08-03 10:00:00+00:00,SEPD,PORT,480,mains_2n,IT Power 2N + Direct Utility 2N,0.0165192391988207,0.2083652423879738,1.0,0.05
2026-08-03 02:00:00+00:00,2026-08-03 10:00:00+00:00,SEPD,PORT,480,ups_2n,IT Power 2N + UPS 2N,0.0165192391988207,0.0995917331536562,1.0,9.0
2026-08-03 02:00:00+00:00,2026-08-03 10:00:00+00:00,SEPD,PORT,480,ups_dr,IT Power 2N + UPS Distributed Redundancy,0.0165192391988207,0.14205954838911644,1.0,6.75
2026-08-02 13:00:00+00:00,2026-08-02 22:00:00+00:00,SEPD,PORT,540,hvdc_2n,IT Power 2N + HVDC 2N,0.0324112584048515,0.08747525337078343,1.0,8.9
2026-08-02 13:00:00+00:00,2026-08-02 22:00:00+00:00,SEPD,PORT,540,mains_2n,IT Power 2N + Direct Utility 2N,0.0324112584048515,0.23579245535076326,1.0,0.05
2026-08-02 13:00:00+00:00,2026-08-02 22:00:00+00:00,SEPD,PORT,540,ups_2n,IT Power 2N + UPS 2N,0.0324112584048515,0.11804606478837397,1.0,9.0
2026-08-02 13:00:00+00:00,2026-08-02 22:00:00+00:00,SEPD,PORT,540,ups_dr,IT Power 2N + UPS Distributed Redundancy,0.0324112584048515,0.16472602334705566,1.0,6.75
2026-08-03 11:00:00+00:00,2026-08-03 21:00:00+00:00,SEPD,PORT,600,hvdc_2n,IT Power 2N + HVDC 2N,0.0172103091720311,0.07344945371274943,1.0,8.9
2026-08-03 11:00:00+00:00,2026-08-03 21:00:00+00:00,SEPD,PORT,600,mains_2n,IT Power 2N + Direct Utility 2N,0.0172103091720311,0.20950745402796492,1.0,0.05
2026-08-03 11:00:00+00:00,2026-08-03 21:00:00+00:00,SEPD,PORT,600,ups_2n,IT Power 2N + UPS 2N,0.0172103091720311,0.10033785201707816,1.0,9.0
2026-08-03 11:00:00+00:00,2026-08-03 21:00:00+00:00,SEPD,PORT,600,ups_dr,IT Power 2N + UPS Distributed Redundancy,0.0172103091720311,0.14298856505278065,1.0,6.75
2026-08-02 23:00:00+00:00,2026-08-03 10:00:00+00:00,SEPD,PORT,660,hvdc_2n,IT Power 2N + HVDC 2N,0.0171214899852845,0.07337393252257436,1.0,8.9
2026-08-02 23:00:00+00:00,2026-08-03 10:00:00+00:00,SEPD,PORT,660,mains_2n,IT Power 2N + Direct Utility 2N,0.0171214899852845,0.2093603949011699,1.0,0.05
2026-08-02 23:00:00+00:00,2026-08-03 10:00:00+00:00,SEPD,PORT,660,ups_2n,IT Power 2N + UPS 2N,0.0171214899852845,0.10024168031828795,1.0,9.0
2026-08-02 23:00:00+00:00,2026-08-03 10:00:00+00:00,SEPD,PORT,660,ups_dr,IT Power 2N + UPS Distributed Redundancy,0.0171214899852845,0.14286888110383614,1.0,6.75
2026-07-27 16:00:00+00:00,2026-07-28 04:00:00+00:00,SEPD,PORT,720,hvdc_2n,IT Power 2N + HVDC 2N,0.0693655475395761,0.1320526148918509,1.0,8.9
2026-07-27 16:00:00+00:00,2026-07-28 04:00:00+00:00,SEPD,PORT,720,mains_2n,IT Power 2N + Direct Utility 2N,0.0693655475395761,0.30867000188829186,1.0,0.05
2026-07-27 16:00:00+00:00,2026-07-28 04:00:00+00:00,SEPD,PORT,720,ups_2n,IT Power 2N + UPS 2N,0.0693655475395761,0.1725568824206597,1.0,9.0
2026-07-27 16:00:00+00:00,2026-07-28 04:00:00+00:00,SEPD,PORT,720,ups_dr,IT Power 2N + UPS Distributed Redundancy,0.0693655475395761,0.22846853141256407,1.0,6.75
2026-08-01 16:00:00+00:00,2026-08-02 05:00:00+00:00,SEPD,PORT,780,hvdc_2n,IT Power 2N + HVDC 2N,0.0133663727652843,0.07024576014407959,1.0,8.9
2026-08-01 16:00:00+00:00,2026-08-02 05:00:00+00:00,SEPD,PORT,780,mains_2n,IT Power 2N + Direct Utility 2N,0.0133663727652843,0.20321242171124634,1.0,0.05
2026-08-01 16:00:00+00:00,2026-08-02 05:00:00+00:00,SEPD,PORT,780,ups_2n,IT Power 2N + UPS 2N,0.0133663727652843,0.09625002378965554,1.0,9.0
2026-08-01 16:00:00+00:00,2026-08-02 05:00:00+00:00,SEPD,PORT,780,ups_dr,IT Power 2N + UPS Distributed Redundancy,0.0133663727652843,0.13788485360207745,1.0,6.75
2026-08-02 11:00:00+00:00,2026-08-03 01:00:00+00:00,SEPD,PORT,840,hvdc_2n,IT Power 2N + HVDC 2N,0.0280127270487116,0.08318482856199466,1.0,8.9
2026-08-02 11:00:00+00:00,2026-08-03 01:00:00+00:00,SEPD,PORT,840,mains_2n,IT Power 2N + Direct Utility 2N,0.0280127270487116,0.22795884859042462,1.0,0.05
2026-08-02 11:00:00+00:00,2026-08-03 01:00:00+00:00,SEPD,PORT,840,ups_2n,IT Power 2N + UPS 2N,0.0280127270487116,0.11266065124385347,1.0,9.0
2026-08-02 11:00:00+00:00,2026-08-03 01:00:00+00:00,SEPD,PORT,840,ups_dr,IT Power 2N + UPS Distributed Redundancy,0.0280127270487116,0.1581763497589552,1.0,6.75
2026-08-03 04:00:00+00:00,2026-08-03 19:00:00+00:00,SEPD,PORT,900,hvdc_2n,IT Power 2N + HVDC 2N,0.015432071551588,0.07195100639253284,1.0,8.9
2026-08-03 04:00:00+00:00,2026-08-03 19:00:00+00:00,SEPD,PORT,900,mains_2n,IT Power 2N + Direct Utility 2N,0.015432071551588,0.20657765365921776,1.0,0.05
2026-08-03 04:00:00+00:00,2026-08-03 19:00:00+00:00,SEPD,PORT,900,ups_2n,IT Power 2N + UPS 2N,0.015432071551588,0.09842795106309066,1.0,9.0
2026-08-03 04:00:00+00:00,2026-08-03 19:00:00+00:00,SEPD,PORT,900,ups_dr,IT Power 2N + UPS Distributed Redundancy,0.015432071551588,0.14060825046984884,1.0,6.75
2026-08-02 03:00:00+00:00,2026-08-02 19:00:00+00:00,SEPD,PORT,960,hvdc_2n,IT Power 2N + HVDC 2N,0.0134255545753731,0.07029409101422443,1.0,8.9
2026-08-02 03:00:00+00:00,2026-08-02 19:00:00+00:00,SEPD,PORT,960,mains_2n,IT Power 2N + Direct Utility 2N,0.0134255545753731,0.20330826403297705,1.0,0.05
2026-08-02 03:00:00+00:00,2026-08-02 19:00:00+00:00,SEPD,PORT,960,ups_2n,IT Power 2N + UPS 2N,0.0134255545753731,0.09631181734193023,1.0,9.0
2026-08-02 03:00:00+00:00,2026-08-02 19:00:00+00:00,SEPD,PORT,960,ups_dr,IT Power 2N + UPS Distributed Redundancy,0.0134255545753731,0.13796225791192332,1.0,6.75
2026-08-02 22:00:00+00:00,2026-08-03 15:00:00+00:00,SEPD,PORT,1020,hvdc_2n,IT Power 2N + HVDC 2N,0.0161806384618448,0.07257832504803988,1.0,8.9
2026-08-02 22:00:00+00:00,2026-08-03 15:00:00+00:00,SEPD,PORT,1020,mains_2n,IT Power 2N + Direct Utility 2N,0.0161806384618448,0.20780727480246924,1.0,0.05
2026-08-02 22:00:00+00:00,2026-08-03 15:00:00+00:00,SEPD,PORT,1020,ups_2n,IT Power 2N + UPS 2N,0.0161806384618448,0.09922796446493608,1.0,9.0
2026-08-02 22:00:00+00:00,2026-08-03 15:00:00+00:00,SEPD,PORT,1020,ups_dr,IT Power 2N + UPS Distributed Redundancy,0.0161806384618448,0.14160620316269973,1.0,6.75
2026-08-03 06:00:00+00:00,2026-08-04 00:00:00+00:00,SEPD,PORT,1080,hvdc_2n,IT Power 2N + HVDC 2N,0.0122458324614044,0.06933644936608448,1.0,8.9
2026-08-03 06:00:00+00:00,2026-08-04 00:00:00+00:00,SEPD,PORT,1080,mains_2n,IT Power 2N + Direct Utility 2N,0.0122458324614044,0.20140410766738603,1.0,0.05
2026-08-03 06:00:00+00:00,2026-08-04 00:00:00+00:00,SEPD,PORT,1080,ups_2n,IT Power 2N + UPS 2N,0.0122458324614044,0.09508670176892592,1.0,9.0
2026-08-03 06:00:00+00:00,2026-08-04 00:00:00+00:00,SEPD,PORT,1080,ups_dr,IT Power 2N + UPS Distributed Redundancy,0.0122458324614044,0.13642616560547535,1.0,6.75
2026-08-02 23:00:00+00:00,2026-08-03 18:00:00+00:00,SEPD,PORT,1140,hvdc_2n,IT Power 2N + HVDC 2N,0.0162322277812772,0.07262174343658336,1.0,8.9
2026-08-02 23:00:00+00:00,2026-08-03 18:00:00+00:00,SEPD,PORT,1140,mains_2n,IT Power 2N + Direct Utility 2N,0.0162322277812772,0.2078922157021344,1.0,0.05
2026-08-02 23:00:00+00:00,2026-08-03 18:00:00+00:00,SEPD,PORT,1140,ups_2n,IT Power 2N + UPS 2N,0.0162322277812772,0.09928331193487828,1.0,9.0
2026-08-02 23:00:00+00:00,2026-08-03 18:00:00+00:00,SEPD,PORT,1140,ups_dr,IT Power 2N + UPS Distributed Redundancy,0.0162322277812772,0.14167519689795136,1.0,6.75
2026-08-02 21:00:00+00:00,2026-08-03 17:00:00+00:00,SEPD,PORT,1200,hvdc_2n,IT Power 2N + HVDC 2N,0.0179332960091451,0.07406686208039877,1.0,8.9
2026-08-02 21:00:00+00:00,2026-08-03 17:00:00+00:00,SEPD,PORT,1200,mains_2n,IT Power 2N + Direct Utility 2N,0.0179332960091451,0.21070733682679504,1.0,0.05
2026-08-02 21:00:00+00:00,2026-08-03 17:00:00+00:00,SEPD,PORT,1200,ups_2n,IT Power 2N + UPS 2N,0.0179332960091451,0.1011237418006406,1.0,9.0
2026-08-02 21:00:00+00:00,2026-08-03 17:00:00+00:00,SEPD,PORT,1200,ups_dr,IT Power 2N + UPS Distributed Redundancy,0.0179332960091451,0.1439659002366084,1.0,6.75
2026-08-03 01:00:00+00:00,2026-08-03 22:00:00+00:00,SEPD,PORT,1260,hvdc_2n,IT Power 2N + HVDC 2N,0.0139170617302042,0.07069666987896912,1.0,8.9
2026-08-03 01:00:00+00:00,2026-08-03 22:00:00+00:00,SEPD,PORT,1260,mains_2n,IT Power 2N + Direct Utility 2N,0.0139170617302042,0.20410553892974898,1.0,0.05
2026-08-03 01:00:00+00:00,2026-08-03 22:00:00+00:00,SEPD,PORT,1260,ups_2n,IT Power 2N + UPS 2N,0.0139170617302042,0.09682638595468257,1.0,9.0
2026-08-03 01:00:00+00:00,2026-08-03 22:00:00+00:00,SEPD,PORT,1260,ups_dr,IT Power 2N + UPS Distributed Redundancy,0.0139170617302042,0.13860651463363557,1.0,6.75
2026-08-02 12:00:00+00:00,2026-08-03 10:00:00+00:00,SEPD,PORT,1320,hvdc_2n,IT Power 2N + HVDC 2N,0.0311617962433099,0.08623655644874105,1.0,8.9
2026-08-02 12:00:00+00:00,2026-08-03 10:00:00+00:00,SEPD,PORT,1320,mains_2n,IT Power 2N + Direct Utility 2N,0.0311617962433099,0.23354843194251895,1.0,0.05
2026-08-02 12:00:00+00:00,2026-08-03 10:00:00+00:00,SEPD,PORT,1320,ups_2n,IT Power 2N + UPS 2N,0.0311617962433099,0.11649398644443906,1.0,9.0
2026-08-02 12:00:00+00:00,2026-08-03 10:00:00+00:00,SEPD,PORT,1320,ups_dr,IT Power 2N + UPS Distributed Redundancy,0.0311617962433099,0.16284365978626855,1.0,6.75
2026-08-02 19:00:00+00:00,2026-08-03 18:00:00+00:00,SEPD,PORT,1380,hvdc_2n,IT Power 2N + HVDC 2N,0.018628077004312,0.0746646790876094,1.0,8.9
2026-08-02 19:00:00+00:00,2026-08-03 18:00:00+00:00,SEPD,PORT,1380,mains_2n,IT Power 2N + Direct Utility 2N,0.018628077004312,0.21186514788323785,1.0,0.05
2026-08-02 19:00:00+00:00,2026-08-03 18:00:00+00:00,SEPD,PORT,1380,ups_2n,IT Power 2N + UPS 2N,0.018628077004312,0.10188411426439407,1.0,9.0
2026-08-02 19:00:00+00:00,2026-08-03 18:00:00+00:00,SEPD,PORT,1380,ups_dr,IT Power 2N + UPS Distributed Redundancy,0.018628077004312,0.144910336238583,1.0,6.75
2026-08-02 15:00:00+00:00,2026-08-03 15:00:00+00:00,SEPD,PORT,1440,hvdc_2n,IT Power 2N + HVDC 2N,0.0305014234214986,0.08558830852128749,1.0,8.9
2026-08-02 15:00:00+00:00,2026-08-03 15:00:00+00:00,SEPD,PORT,1440,mains_2n,IT Power 2N + Direct Utility 2N,0.0305014234214986,0.23236842167314734,1.0,0.05
2026-08-02 15:00:00+00:00,2026-08-03 15:00:00+00:00,SEPD,PORT,1440,ups_2n,IT Power 2N + UPS 2N,0.0305014234214986,0.11568085017517034,1.0,9.0
2026-08-02 15:00:00+00:00,2026-08-03 15:00:00+00:00,SEPD,PORT,1440,ups_dr,IT Power 2N + UPS Distributed Redundancy,0.0305014234214986,0.16185580058427795,1.0,6.75
2026-08-02 22:00:00+00:00,2026-08-03 23:00:00+00:00,SEPD,PORT,1500,hvdc_2n,IT Power 2N + HVDC 2N,0.0127607068099985,0.06975290571056159,1.0,8.9
2026-08-02 22:00:00+00:00,2026-08-03 23:00:00+00:00,SEPD,PORT,1500,mains_2n,IT Power 2N + Direct Utility 2N,0.0127607068099985,0.20223350739003854,1.0,0.05
2026-08-02 22:00:00+00:00,2026-08-03 23:00:00+00:00,SEPD,PORT,1500,ups_2n,IT Power 2N + UPS 2N,0.0127607068099985,0.09561966313636655,1.0,9.0
2026-08-02 22:00:00+00:00,2026-08-03 23:00:00+00:00,SEPD,PORT,1500,ups_dr,IT Power 2N + UPS Distributed Redundancy,0.0127607068099985,0.137094794471519,1.0,6.75
2026-07-27 00:00:00+00:00,2026-07-28 02:00:00+00:00,SEPD,PORT,1560,hvdc_2n,IT Power 2N + HVDC 2N,0.0151790887629188,0.07174013341270274,1.0,8.9
2026-07-27 00:00:00+00:00,2026-07-28 02:00:00+00:00,SEPD,PORT,1560,mains_2n,IT Power 2N + Direct Utility 2N,0.0151790887629188,0.20616331424115283,1.0,0.05
2026-07-27 00:00:00+00:00,2026-07-28 02:00:00+00:00,SEPD,PORT,1560,ups_2n,IT Power 2N + UPS 2N,0.0151790887629188,0.098158883310907,1.0,9.0
2026-07-27 00:00:00+00:00,2026-07-28 02:00:00+00:00,SEPD,PORT,1560,ups_dr,IT Power 2N + UPS Distributed Redundancy,0.0151790887629188,0.14027231857776268,1.0,6.75
2026-08-01 20:00:00+00:00,2026-08-02 23:00:00+00:00,SEPD,PORT,1620,hvdc_2n,IT Power 2N + HVDC 2N,0.0411679738857806,0.09661626418288002,1.0,8.9
2026-08-01 20:00:00+00:00,2026-08-02 23:00:00+00:00,SEPD,PORT,1620,mains_2n,IT Power 2N + Direct Utility 2N,0.0411679738857806,0.25193471612099805,1.0,0.05
2026-08-01 20:00:00+00:00,2026-08-02 23:00:00+00:00,SEPD,PORT,1620,ups_2n,IT Power 2N + UPS 2N,0.0411679738857806,0.1294326661740967,1.0,9.0
2026-08-01 20:00:00+00:00,2026-08-02 23:00:00+00:00,SEPD,PORT,1620,ups_dr,IT Power 2N + UPS Distributed Redundancy,0.0411679738857806,0.17841072227702823,1.0,6.75
2026-07-30 19:00:00+00:00,2026-07-31 23:00:00+00:00,SEPD,PORT,1680,hvdc_2n,IT Power 2N + HVDC 2N,0.0129837493558007,0.069934031102481,1.0,8.9
2026-07-30 19:00:00+00:00,2026-07-31 23:00:00+00:00,SEPD,PORT,1680,mains_2n,IT Power 2N + Direct Utility 2N,0.0129837493558007,0.2025935923394548,1.0,0.05
2026-07-30 19:00:00+00:00,2026-07-31 23:00:00+00:00,SEPD,PORT,1680,ups_2n,IT Power 2N + UPS 2N,0.0129837493558007,0.09585136916007374,1.0,9.0
2026-07-30 19:00:00+00:00,2026-07-31 23:00:00+00:00,SEPD,PORT,1680,ups_dr,IT Power 2N + UPS Distributed Redundancy,0.0129837493558007,0.13738529778617514,1.0,6.75
2026-08-02 19:00:00+00:00,2026-08-04 00:00:00+00:00,SEPD,PORT,1740,hvdc_2n,IT Power 2N + HVDC 2N,0.0154476502027212,0.07196401059859937,1.0,8.9
2026-08-02 19:00:00+00:00,2026-08-04 00:00:00+00:00,SEPD,PORT,1740,mains_2n,IT Power 2N + Direct Utility 2N,0.0154476502027212,0.2066031887538644,1.0,0.05
2026-08-02 19:00:00+00:00,2026-08-04 00:00:00+00:00,SEPD,PORT,1740,ups_2n,IT Power 2N + UPS 2N,0.0154476502027212,0.09844454168188725,1.0,9.0
2026-08-02 19:00:00+00:00,2026-08-04 00:00:00+00:00,SEPD,PORT,1740,ups_dr,IT Power 2N + UPS Distributed Redundancy,0.0154476502027212,0.14062895909506326,1.0,6.75
2026-07-28 23:00:00+00:00,2026-07-30 05:00:00+00:00,SEPD,PORT,1800,hvdc_2n,IT Power 2N + HVDC 2N,0.0127263016292146,0.069725005073186,1.0,8.9
2026-07-28 23:00:00+00:00,2026-07-30 05:00:00+00:00,SEPD,PORT,1800,mains_2n,IT Power 2N + Direct Utility 2N,0.0127263016292146,0.20217800543831402,1.0,0.05
2026-07-28 23:00:00+00:00,2026-07-30 05:00:00+00:00,SEPD,PORT,1800,ups_2n,IT Power 2N + UPS 2N,0.0127263016292146,0.09558396620338487,1.0,9.0
2026-07-28 23:00:00+00:00,2026-07-30 05:00:00+00:00,SEPD,PORT,1800,ups_dr,IT Power 2N + UPS Distributed Redundancy,0.0127263016292146,0.1370500292297626,1.0,6.75
2026-08-02 09:00:00+00:00,2026-08-03 16:00:00+00:00,SEPD,PORT,1860,hvdc_2n,IT Power 2N + HVDC 2N,0.0266062631230768,0.081853814813452,1.0,8.9
2026-08-02 09:00:00+00:00,2026-08-03 16:00:00+00:00,SEPD,PORT,1860,mains_2n,IT Power 2N + Direct Utility 2N,0.0266062631230768,0.22549303716528424,1.0,0.05
2026-08-02 09:00:00+00:00,2026-08-03 16:00:00+00:00,SEPD,PORT,1860,ups_2n,IT Power 2N + UPS 2N,0.0266062631230768,0.11098442858856322,1.0,9.0
2026-08-02 09:00:00+00:00,2026-08-03 16:00:00+00:00,SEPD,PORT,1860,ups_dr,IT Power 2N + UPS Distributed Redundancy,0.0266062631230768,0.15612714823113089,1.0,6.75
2026-08-01 02:00:00+00:00,2026-08-02 10:00:00+00:00,SEPD,PORT,1920,hvdc_2n,IT Power 2N + HVDC 2N,0.0171206177158858,0.07337319120390264,1.0,8.9
2026-08-01 02:00:00+00:00,2026-08-02 10:00:00+00:00,SEPD,PORT,1920,mains_2n,IT Power 2N + Direct Utility 2N,0.0171206177158858,0.20935895104933241,1.0,0.05
2026-08-01 02:00:00+00:00,2026-08-02 10:00:00+00:00,SEPD,PORT,1920,ups_2n,IT Power 2N + UPS 2N,0.0171206177158858,0.10024073624811976,1.0,9.0
2026-08-01 02:00:00+00:00,2026-08-02 10:00:00+00:00,SEPD,PORT,1920,ups_dr,IT Power 2N + UPS Distributed Redundancy,0.0171206177158858,0.1428677061339393,1.0,6.75
2026-08-01 19:00:00+00:00,2026-08-03 04:00:00+00:00,SEPD,PORT,1980,hvdc_2n,IT Power 2N + HVDC 2N,0.0404500595661807,0.09583583598412954,1.0,8.9
2026-08-01 19:00:00+00:00,2026-08-03 04:00:00+00:00,SEPD,PORT,1980,mains_2n,IT Power 2N + Direct Utility 2N,0.0404500595661807,0.2505841199146125,1.0,0.05
2026-08-01 19:00:00+00:00,2026-08-03 04:00:00+00:00,SEPD,PORT,1980,ups_2n,IT Power 2N + UPS 2N,0.0404500595661807,0.12846502753099096,1.0,9.0
2026-08-01 19:00:00+00:00,2026-08-03 04:00:00+00:00,SEPD,PORT,1980,ups_dr,IT Power 2N + UPS Distributed Redundancy,0.0404500595661807,0.1772561072007454,1.0,6.75
2026-07-30 16:00:00+00:00,2026-08-01 02:00:00+00:00,SEPD,PORT,2040,hvdc_2n,IT Power 2N + HVDC 2N,0.0142237811685635,0.07094897301295683,1.0,8.9
2026-07-30 16:00:00+00:00,2026-08-01 02:00:00+00:00,SEPD,PORT,2040,mains_2n,IT Power 2N + Direct Utility 2N,0.0142237811685635,0.20460424604231175,1.0,0.05
2026-07-30 16:00:00+00:00,2026-08-01 02:00:00+00:00,SEPD,PORT,2040,ups_2n,IT Power 2N + UPS 2N,0.0142237811685635,0.0971487391368884,1.0,9.0
2026-07-30 16:00:00+00:00,2026-08-01 02:00:00+00:00,SEPD,PORT,2040,ups_dr,IT Power 2N + UPS Distributed Redundancy,0.0142237811685635,0.1390098336151278,1.0,6.75
2026-08-02 09:00:00+00:00,2026-08-03 20:00:00+00:00,SEPD,PORT,2100,hvdc_2n,IT Power 2N + HVDC 2N,0.0249934144720807,0.08035138563891539,1.0,8.9
2026-08-02 09:00:00+00:00,2026-08-03 20:00:00+00:00,SEPD,PORT,2100,mains_2n,IT Power 2N + Direct Utility 2N,0.0249934144720807,0.2226887391694126,1.0,0.05
2026-08-02 09:00:00+00:00,2026-08-03 20:00:00+00:00,SEPD,PORT,2100,ups_2n,IT Power 2N + UPS 2N,0.0249934144720807,0.10908914049158161,1.0,9.0
2026-08-02 09:00:00+00:00,2026-08-03 20:00:00+00:00,SEPD,PORT,2100,ups_dr,IT Power 2N + UPS Distributed Redundancy,0.0249934144720807,0.15380393569594755,1.0,6.75
2026-08-02 12:00:00+00:00,2026-08-04 00:00:00+00:00,SEPD,PORT,2160,hvdc_2n,IT Power 2N + HVDC 2N,0.0273579297998634,0.08256272708153328,1.0,8.9
2026-08-02 12:00:00+00:00,2026-08-04 00:00:00+00:00,SEPD,PORT,2160,mains_2n,IT Power 2N + Direct Utility 2N,0.0273579297998634,0.22680850050719822,1.0,0.05
2026-08-02 12:00:00+00:00,2026-08-04 00:00:00+00:00,SEPD,PORT,2160,ups_2n,IT Power 2N + UPS 2N,0.0273579297998634,0.11187753167752218,1.0,9.0
2026-08-02 12:00:00+00:00,2026-08-04 00:00:00+00:00,SEPD,PORT,2160,ups_dr,IT Power 2N + UPS Distributed Redundancy,0.0273579297998634,0.15721961318223393,1.0,6.75
2026-08-02 05:00:00+00:00,2026-08-03 18:00:00+00:00,SEPD,PORT,2220,hvdc_2n,IT Power 2N + HVDC 2N,0.0109878809169891,0.0683286171304083,1.0,8.9
2026-08-02 05:00:00+00:00,2026-08-03 18:00:00+00:00,SEPD,PORT,2220,mains_2n,IT Power 2N + Direct Utility 2N,0.0109878809169891,0.19938841012782826,1.0,0.05
2026-08-02 05:00:00+00:00,2026-08-03 18:00:00+00:00,SEPD,PORT,2220,ups_2n,IT Power 2N + UPS 2N,0.0109878809169891,0.09379572852290075,1.0,9.0
2026-08-02 05:00:00+00:00,2026-08-03 18:00:00+00:00,SEPD,PORT,2220,ups_dr,IT Power 2N + UPS Distributed Redundancy,0.0109878809169891,0.13480410372288068,1.0,6.75
2026-08-02 06:00:00+00:00,2026-08-03 20:00:00+00:00,SEPD,PORT,2280,hvdc_2n,IT Power 2N + HVDC 2N,0.0130421130093911,0.06998149802368951,1.0,8.9
2026-08-02 06:00:00+00:00,2026-08-03 20:00:00+00:00,SEPD,PORT,2280,mains_2n,IT Power 2N + Direct Utility 2N,0.0130421130093911,0.2026878948544822,1.0,0.05
2026-08-02 06:00:00+00:00,2026-08-03 20:00:00+00:00,SEPD,PORT,2280,ups_2n,IT Power 2N + UPS 2N,0.0130421130093911,0.09591208259358355,1.0,9.0
2026-08-02 06:00:00+00:00,2026-08-03 20:00:00+00:00,SEPD,PORT,2280,ups_dr,IT Power 2N + UPS Distributed Redundancy,0.0130421130093911,0.13746139931326354,1.0,6.75
2026-08-02 07:00:00+00:00,2026-08-03 22:00:00+00:00,SEPD,PORT,2340,hvdc_2n,IT Power 2N + HVDC 2N,0.0141767409384887,0.07091022445296767,1.0,8.9
2026-08-02 07:00:00+00:00,2026-08-03 22:00:00+00:00,SEPD,PORT,2340,mains_2n,IT Power 2N + Direct Utility 2N,0.0141767409384887,0.20452770277499907,1.0,0.05
2026-08-02 07:00:00+00:00,2026-08-03 22:00:00+00:00,SEPD,PORT,2340,ups_2n,IT Power 2N + UPS 2N,0.0141767409384887,0.09709923912530524,1.0,9.0
2026-08-02 07:00:00+00:00,2026-08-03 22:00:00+00:00,SEPD,PORT,2340,ups_dr,IT Power 2N + UPS Distributed Redundancy,0.0141767409384887,0.13894791450411217,1.0,6.75
2026-07-29 08:00:00+00:00,2026-07-31 00:00:00+00:00,SEPD,PORT,2400,hvdc_2n,IT Power 2N + HVDC 2N,0.0188962528491101,0.07489661247364521,1.0,8.9
2026-07-29 08:00:00+00:00,2026-07-31 00:00:00+00:00,SEPD,PORT,2400,mains_2n,IT Power 2N + Direct Utility 2N,0.0188962528491101,0.2123132893826281,1.0,0.05
2026-07-29 08:00:00+00:00,2026-07-31 00:00:00+00:00,SEPD,PORT,2400,ups_2n,IT Power 2N + UPS 2N,0.0188962528491101,0.1021789608799768,1.0,9.0
2026-07-29 08:00:00+00:00,2026-07-31 00:00:00+00:00,SEPD,PORT,2400,ups_dr,IT Power 2N + UPS Distributed Redundancy,0.0188962528491101,0.14527624954785995,1.0,6.75
2026-08-01 23:00:00+00:00,2026-08-03 16:00:00+00:00,SEPD,PORT,2460,hvdc_2n,IT Power 2N + HVDC 2N,0.0630680227102015,0.12328862131726857,1.0,8.9
2026-08-01 23:00:00+00:00,2026-08-03 16:00:00+00:00,SEPD,PORT,2460,mains_2n,IT Power 2N + Direct Utility 2N,0.0630680227102015,0.29539586282276004,1.0,0.05
2026-08-01 23:00:00+00:00,2026-08-03 16:00:00+00:00,SEPD,PORT,2460,ups_2n,IT Power 2N + UPS 2N,0.0630680227102015,0.16203231765581302,1.0,9.0
2026-08-01 23:00:00+00:00,2026-08-03 16:00:00+00:00,SEPD,PORT,2460,ups_dr,IT Power 2N + UPS Distributed Redundancy,0.0630680227102015,0.21648791666974868,1.0,6.75
2026-08-02 05:00:00+00:00,2026-08-03 23:00:00+00:00,SEPD,PORT,2520,hvdc_2n,IT Power 2N + HVDC 2N,0.0093418388574212,0.06703035967216522,1.0,8.9
2026-08-02 05:00:00+00:00,2026-08-03 23:00:00+00:00,SEPD,PORT,2520,mains_2n,IT Power 2N + Direct Utility 2N,0.0093418388574212,0.19677378590591432,1.0,0.05
2026-08-02 05:00:00+00:00,2026-08-03 23:00:00+00:00,SEPD,PORT,2520,ups_2n,IT Power 2N + UPS 2N,0.0093418388574212,0.0921302207913023,1.0,9.0
2026-08-02 05:00:00+00:00,2026-08-03 23:00:00+00:00,SEPD,PORT,2520,ups_dr,IT Power 2N + UPS Distributed Redundancy,0.0093418388574212,0.13270624077807808,1.0,6.75
2026-08-01 01:00:00+00:00,2026-08-02 20:00:00+00:00,SEPD,PORT,2580,hvdc_2n,IT Power 2N + HVDC 2N,0.0161703045857897,0.07256963077116721,1.0,8.9
2026-08-01 01:00:00+00:00,2026-08-02 20:00:00+00:00,SEPD,PORT,2580,mains_2n,IT Power 2N + Direct Utility 2N,0.0161703045857897,0.20779026333685702,1.0,0.05
2026-08-01 01:00:00+00:00,2026-08-02 20:00:00+00:00,SEPD,PORT,2580,ups_2n,IT Power 2N + UPS 2N,0.0161703045857897,0.09921688109349615,1.0,9.0
2026-08-01 01:00:00+00:00,2026-08-02 20:00:00+00:00,SEPD,PORT,2580,ups_dr,IT Power 2N + UPS Distributed Redundancy,0.0161703045857897,0.14159238637484906,1.0,6.75
2026-08-01 10:00:00+00:00,2026-08-03 06:00:00+00:00,SEPD,PORT,2640,hvdc_2n,IT Power 2N + HVDC 2N,0.0397113445956776,0.09503868372166734,1.0,8.9
2026-08-01 10:00:00+00:00,2026-08-03 06:00:00+00:00,SEPD,PORT,2640,mains_2n,IT Power 2N + Direct Utility 2N,0.0397113445956776,0.2491994319210919,1.0,0.05
2026-08-01 10:00:00+00:00,2026-08-03 06:00:00+00:00,SEPD,PORT,2640,ups_2n,IT Power 2N + UPS 2N,0.0397113445956776,0.12747579806110027,1.0,9.0
2026-08-01 10:00:00+00:00,2026-08-03 06:00:00+00:00,SEPD,PORT,2640,ups_dr,IT Power 2N + UPS Distributed Redundancy,0.0397113445956776,0.17607416674380413,1.0,6.75
2026-07-30 10:00:00+00:00,2026-08-01 07:00:00+00:00,SEPD,PORT,2700,hvdc_2n,IT Power 2N + HVDC 2N,0.0263530397461637,0.08161624581149182,1.0,8.9
2026-07-30 10:00:00+00:00,2026-08-01 07:00:00+00:00,SEPD,PORT,2700,mains_2n,IT Power 2N + Direct Utility 2N,0.0263530397461637,0.22505110028385264,1.0,0.05
2026-07-30 10:00:00+00:00,2026-08-01 07:00:00+00:00,SEPD,PORT,2700,ups_2n,IT Power 2N + UPS 2N,0.0263530397461637,0.11068496567000428,1.0,9.0
2026-07-30 10:00:00+00:00,2026-08-01 07:00:00+00:00,SEPD,PORT,2700,ups_dr,IT Power 2N + UPS Distributed Redundancy,0.0263530397461637,0.1557605115977336,1.0,6.75
2026-07-31 07:00:00+00:00,2026-08-02 05:00:00+00:00,SEPD,PORT,2760,hvdc_2n,IT Power 2N + HVDC 2N,0.089045217322395,0.16288257874551795,1.0,8.9
2026-07-31 07:00:00+00:00,2026-08-02 05:00:00+00:00,SEPD,PORT,2760,mains_2n,IT Power 2N + Direct Utility 2N,0.089045217322395,0.35216235164339593,1.0,0.05
2026-07-31 07:00:00+00:00,2026-08-02 05:00:00+00:00,SEPD,PORT,2760,ups_2n,IT Power 2N + UPS 2N,0.089045217322395,0.20891839764769826,1.0,9.0
2026-07-31 07:00:00+00:00,2026-08-02 05:00:00+00:00,SEPD,PORT,2760,ups_dr,IT Power 2N + UPS Distributed Redundancy,0.089045217322395,0.2688426138304661,1.0,6.75
2026-07-29 14:00:00+00:00,2026-07-31 13:00:00+00:00,SEPD,PORT,2820,hvdc_2n,IT Power 2N + HVDC 2N,0.021475798557343,0.07716157834781764,1.0,8.9
2026-07-29 14:00:00+00:00,2026-07-31 13:00:00+00:00,SEPD,PORT,2820,mains_2n,IT Power 2N + Direct Utility 2N,0.021475798557343,0.21665923798690961,1.0,0.05
2026-07-29 14:00:00+00:00,2026-07-31 13:00:00+00:00,SEPD,PORT,2820,ups_2n,IT Power 2N + UPS 2N,0.021475798557343,0.10505385523874763,1.0,9.0
2026-07-29 14:00:00+00:00,2026-07-31 13:00:00+00:00,SEPD,PORT,2820,ups_dr,IT Power 2N + UPS Distributed Redundancy,0.021475798557343,0.14883518668768336,1.0,6.75
2026-07-30 02:00:00+00:00,2026-08-01 02:00:00+00:00,SEPD,PORT,2880,hvdc_2n,IT Power 2N + HVDC 2N,0.0129184475517103,0.06988095670751979,1.0,8.9
2026-07-30 02:00:00+00:00,2026-08-01 02:00:00+00:00,SEPD,PORT,2880,mains_2n,IT Power 2N + Direct Utility 2N,0.0129184475517103,0.20248811813610512,1.0,0.05
2026-07-30 02:00:00+00:00,2026-08-01 02:00:00+00:00,SEPD,PORT,2880,ups_2n,IT Power 2N + UPS 2N,0.0129184475517103,0.09578347896850022,1.0,9.0
2026-07-30 02:00:00+00:00,2026-08-01 02:00:00+00:00,SEPD,PORT,2880,ups_dr,IT Power 2N + UPS Distributed Redundancy,0.0129184475517103,0.13730019145793265,1.0,6.75
2026-08-03 09:00:00+00:00,2026-08-03 10:00:00+00:00,SEPD,REAN,60,hvdc_2n,IT Power 2N + HVDC 2N,0.0080775394663367,0.06604877341628605,1.0,8.9
2026-08-03 09:00:00+00:00,2026-08-03 10:00:00+00:00,SEPD,REAN,60,mains_2n,IT Power 2N + Direct Utility 2N,0.0080775394663367,0.19478316979261534,1.0,0.05
2026-08-03 09:00:00+00:00,2026-08-03 10:00:00+00:00,SEPD,REAN,60,ups_2n,IT Power 2N + UPS 2N,0.0080775394663367,0.09086906302349104,1.0,9.0
2026-08-03 09:00:00+00:00,2026-08-03 10:00:00+00:00,SEPD,REAN,60,ups_dr,IT Power 2N + UPS Distributed Redundancy,0.0080775394663367,0.13111373703605397,1.0,6.75
2026-08-01 00:00:00+00:00,2026-08-01 02:00:00+00:00,SEPD,REAN,120,hvdc_2n,IT Power 2N + HVDC 2N,0.004108669060453,0.06305355756400094,1.0,8.9
2026-08-01 00:00:00+00:00,2026-08-01 02:00:00+00:00,SEPD,REAN,120,mains_2n,IT Power 2N + Direct Utility 2N,0.004108669060453,0.188633587978454,1.0,0.05
2026-08-01 00:00:00+00:00,2026-08-01 02:00:00+00:00,SEPD,REAN,120,ups_2n,IT Power 2N + UPS 2N,0.004108669060453,0.08701046883417556,1.0,9.0
2026-08-01 00:00:00+00:00,2026-08-01 02:00:00+00:00,SEPD,REAN,120,ups_dr,IT Power 2N + UPS Distributed Redundancy,0.004108669060453,0.12621973213497298,1.0,6.75
2026-08-03 15:00:00+00:00,2026-08-03 18:00:00+00:00,SEPD,REAN,180,hvdc_2n,IT Power 2N + HVDC 2N,0.0097479554276844,0.06734852617796014,1.0,8.9
2026-08-03 15:00:00+00:00,2026-08-03 18:00:00+00:00,SEPD,REAN,180,mains_2n,IT Power 2N + Direct Utility 2N,0.0097479554276844,0.19741645937200525,1.0,0.05
2026-08-03 15:00:00+00:00,2026-08-03 18:00:00+00:00,SEPD,REAN,180,ups_2n,IT Power 2N + UPS 2N,0.0097479554276844,0.0925386538415554,1.0,9.0
2026-08-03 15:00:00+00:00,2026-08-03 18:00:00+00:00,SEPD,REAN,180,ups_dr,IT Power 2N + UPS Distributed Redundancy,0.0097479554276844,0.13322124811668984,1.0,6.75
2026-08-03 06:00:00+00:00,2026-08-03 10:00:00+00:00,SEPD,REAN,240,hvdc_2n,IT Power 2N + HVDC 2N,0.0136242733400987,0.07045659981481071,1.0,8.9
2026-08-03 06:00:00+00:00,2026-08-03 10:00:00+00:00,SEPD,REAN,240,mains_2n,IT Power 2N + Direct Utility 2N,0.0136242733400987,0.20363032656873456,1.0,0.05
2026-08-03 06:00:00+00:00,2026-08-03 10:00:00+00:00,SEPD,REAN,240,ups_2n,IT Power 2N + UPS 2N,0.0136242733400987,0.09651956511284385,1.0,9.0
2026-08-03 06:00:00+00:00,2026-08-03 10:00:00+00:00,SEPD,REAN,240,ups_dr,IT Power 2N + UPS Distributed Redundancy,0.0136242733400987,0.13822243065353634,1.0,6.75
2026-08-03 21:00:00+00:00,2026-08-04 02:00:00+00:00,SEPD,REAN,300,hvdc_2n,IT Power 2N + HVDC 2N,0.0077485552870165,0.0657955528098388,1.0,8.9
2026-08-03 21:00:00+00:00,2026-08-04 02:00:00+00:00,SEPD,REAN,300,mains_2n,IT Power 2N + Direct Utility 2N,0.0077485552870165,0.1942677002231014,1.0,0.05
2026-08-03 21:00:00+00:00,2026-08-04 02:00:00+00:00,SEPD,REAN,300,ups_2n,IT Power 2N + UPS 2N,0.0077485552870165,0.09054345335740964,1.0,9.0
2026-08-03 21:00:00+00:00,2026-08-04 02:00:00+00:00,SEPD,REAN,300,ups_dr,IT Power 2N + UPS Distributed Redundancy,0.0077485552870165,0.1307020198612728,1.0,6.75
2026-07-31 22:00:00+00:00,2026-08-01 04:00:00+00:00,SEPD,REAN,360,hvdc_2n,IT Power 2N + HVDC 2N,0.0073267713870499,0.06547222400032346,1.0,8.9
2026-07-31 22:00:00+00:00,2026-08-01 04:00:00+00:00,SEPD,REAN,360,mains_2n,IT Power 2N + Direct Utility 2N,0.0073267713870499,0.19360834256749226,1.0,0.05
2026-07-31 22:00:00+00:00,2026-08-01 04:00:00+00:00,SEPD,REAN,360,ups_2n,IT Power 2N + UPS 2N,0.0073267713870499,0.09012753296399514,1.0,9.0
2026-07-31 22:00:00+00:00,2026-08-01 04:00:00+00:00,SEPD,REAN,360,ups_dr,IT Power 2N + UPS Distributed Redundancy,0.0073267713870499,0.1301757731552645,1.0,6.75
2026-08-02 19:00:00+00:00,2026-08-03 02:00:00+00:00,SEPD,REAN,420,hvdc_2n,IT Power 2N + HVDC 2N,0.0073266633625695,0.06547214138107281,1.0,8.9
2026-08-02 19:00:00+00:00,2026-08-03 02:00:00+00:00,SEPD,REAN,420,mains_2n,IT Power 2N + Direct Utility 2N,0.0073266633625695,0.19360817391524388,1.0,0.05
2026-08-02 19:00:00+00:00,2026-08-03 02:00:00+00:00,SEPD,REAN,420,ups_2n,IT Power 2N + UPS 2N,0.0073266633625695,0.09012742666205084,1.0,9.0
2026-08-02 19:00:00+00:00,2026-08-03 02:00:00+00:00,SEPD,REAN,420,ups_dr,IT Power 2N + UPS Distributed Redundancy,0.0073266633625695,0.13017563860754358,1.0,6.75
2026-08-03 16:00:00+00:00,2026-08-04 00:00:00+00:00,SEPD,REAN,480,hvdc_2n,IT Power 2N + HVDC 2N,0.0116971351805937,0.06889516910739267,1.0,8.9
2026-08-03 16:00:00+00:00,2026-08-04 00:00:00+00:00,SEPD,REAN,480,mains_2n,IT Power 2N + Direct Utility 2N,0.0116971351805937,0.20052302601914776,1.0,0.05
2026-08-03 16:00:00+00:00,2026-08-04 00:00:00+00:00,SEPD,REAN,480,ups_2n,IT Power 2N + UPS 2N,0.0116971351805937,0.09452165693027678,1.0,9.0
2026-08-03 16:00:00+00:00,2026-08-04 00:00:00+00:00,SEPD,REAN,480,ups_dr,IT Power 2N + UPS Distributed Redundancy,0.0116971351805937,0.13571663791541252,1.0,6.75
2026-08-03 07:00:00+00:00,2026-08-03 16:00:00+00:00,SEPD,REAN,540,hvdc_2n,IT Power 2N + HVDC 2N,0.0146273272376377,0.0712821913119006,1.0,8.9
2026-08-03 07:00:00+00:00,2026-08-03 16:00:00+00:00,SEPD,REAN,540,mains_2n,IT Power 2N + Direct Utility 2N,0.0146273272376377,0.2052617652658333,1.0,0.05
2026-08-03 07:00:00+00:00,2026-08-03 16:00:00+00:00,SEPD,REAN,540,ups_2n,IT Power 2N + UPS 2N,0.0146273272376377,0.09757431300794446,1.0,9.0
2026-08-03 07:00:00+00:00,2026-08-03 16:00:00+00:00,SEPD,REAN,540,ups_dr,IT Power 2N + UPS Distributed Redundancy,0.0146273272376377,0.13954197286731773,1.0,6.75
2026-08-03 07:00:00+00:00,2026-08-03 17:00:00+00:00,SEPD,REAN,600,hvdc_2n,IT Power 2N + HVDC 2N,0.0139402359663362,0.07071570369645058,1.0,8.9
2026-08-03 07:00:00+00:00,2026-08-03 17:00:00+00:00,SEPD,REAN,600,mains_2n,IT Power 2N + Direct Utility 2N,0.0139402359663362,0.20414318723923433,1.0,0.05
2026-08-03 07:00:00+00:00,2026-08-03 17:00:00+00:00,SEPD,REAN,600,ups_2n,IT Power 2N + UPS 2N,0.0139402359663362,0.09685070801324773,1.0,9.0
2026-08-03 07:00:00+00:00,2026-08-03 17:00:00+00:00,SEPD,REAN,600,ups_dr,IT Power 2N + UPS Distributed Redundancy,0.0139402359663362,0.1386369531407253,1.0,6.75
2026-08-03 14:00:00+00:00,2026-08-04 01:00:00+00:00,SEPD,REAN,660,hvdc_2n,IT Power 2N + HVDC 2N,0.0115172896942047,0.0687510982869568,1.0,8.9
2026-08-03 14:00:00+00:00,2026-08-04 01:00:00+00:00,SEPD,REAN,660,mains_2n,IT Power 2N + Direct Utility 2N,0.0115172896942047,0.20023486462988094,1.0,0.05
2026-08-03 14:00:00+00:00,2026-08-04 01:00:00+00:00,SEPD,REAN,660,ups_2n,IT Power 2N + UPS 2N,0.0115172896942047,0.09433710859285008,1.0,9.0
2026-08-03 14:00:00+00:00,2026-08-04 01:00:00+00:00,SEPD,REAN,660,ups_dr,IT Power 2N + UPS Distributed Redundancy,0.0115172896942047,0.13548475515342426,1.0,6.75
2026-08-03 14:00:00+00:00,2026-08-04 02:00:00+00:00,SEPD,REAN,720,hvdc_2n,IT Power 2N + HVDC 2N,0.0115172896942047,0.0687510982869568,1.0,8.9
2026-08-03 14:00:00+00:00,2026-08-04 02:00:00+00:00,SEPD,REAN,720,mains_2n,IT Power 2N + Direct Utility 2N,0.0115172896942047,0.20023486462988094,1.0,0.05
2026-08-03 14:00:00+00:00,2026-08-04 02:00:00+00:00,SEPD,REAN,720,ups_2n,IT Power 2N + UPS 2N,0.0115172896942047,0.09433710859285008,1.0,9.0
2026-08-03 14:00:00+00:00,2026-08-04 02:00:00+00:00,SEPD,REAN,720,ups_dr,IT Power 2N + UPS Distributed Redundancy,0.0115172896942047,0.13548475515342426,1.0,6.75
2026-08-02 20:00:00+00:00,2026-08-03 09:00:00+00:00,SEPD,REAN,780,hvdc_2n,IT Power 2N + HVDC 2N,0.011046225967823,0.06837505969045511,1.0,8.9
2026-08-02 20:00:00+00:00,2026-08-03 09:00:00+00:00,SEPD,REAN,780,mains_2n,IT Power 2N + Direct Utility 2N,0.011046225967823,0.19948156422731417,1.0,0.05
2026-08-02 20:00:00+00:00,2026-08-03 09:00:00+00:00,SEPD,REAN,780,ups_2n,IT Power 2N + UPS 2N,0.011046225967823,0.09385525606457383,1.0,9.0
2026-08-02 20:00:00+00:00,2026-08-03 09:00:00+00:00,SEPD,REAN,780,ups_dr,IT Power 2N + UPS Distributed Redundancy,0.011046225967823,0.13487897514103633,1.0,6.75
2026-08-03 05:00:00+00:00,2026-08-03 19:00:00+00:00,SEPD,REAN,840,hvdc_2n,IT Power 2N + HVDC 2N,0.0145317376046003,0.0712031301567328,1.0,8.9
2026-08-03 05:00:00+00:00,2026-08-03 19:00:00+00:00,SEPD,REAN,840,mains_2n,IT Power 2N + Direct Utility 2N,0.0145317376046003,0.2051058744292494,1.0,0.05
2026-08-03 05:00:00+00:00,2026-08-03 19:00:00+00:00,SEPD,REAN,840,ups_2n,IT Power 2N + UPS 2N,0.0145317376046003,0.09747335552501513,1.0,9.0
2026-08-03 05:00:00+00:00,2026-08-03 19:00:00+00:00,SEPD,REAN,840,ups_dr,IT Power 2N + UPS Distributed Redundancy,0.0145317376046003,0.13941576878153145,1.0,6.75
2026-08-02 21:00:00+00:00,2026-08-03 12:00:00+00:00,SEPD,REAN,900,hvdc_2n,IT Power 2N + HVDC 2N,0.0110985544187692,0.06841673792670189,1.0,8.9
2026-08-02 21:00:00+00:00,2026-08-03 12:00:00+00:00,SEPD,REAN,900,mains_2n,IT Power 2N + Direct Utility 2N,0.0110985544187692,0.19956513997547096,1.0,0.05
2026-08-02 21:00:00+00:00,2026-08-03 12:00:00+00:00,SEPD,REAN,900,ups_2n,IT Power 2N + UPS 2N,0.0110985544187692,0.09390867387217797,1.0,9.0
2026-08-02 21:00:00+00:00,2026-08-03 12:00:00+00:00,SEPD,REAN,900,ups_dr,IT Power 2N + UPS Distributed Redundancy,0.0110985544187692,0.1349461555990726,1.0,6.75
2026-08-03 07:00:00+00:00,2026-08-03 23:00:00+00:00,SEPD,REAN,960,hvdc_2n,IT Power 2N + HVDC 2N,0.0120019713374651,0.06914000625926411,1.0,8.9
2026-08-03 07:00:00+00:00,2026-08-03 23:00:00+00:00,SEPD,REAN,960,mains_2n,IT Power 2N + Direct Utility 2N,0.0120019713374651,0.20101216582353895,1.0,0.05
2026-08-03 07:00:00+00:00,2026-08-03 23:00:00+00:00,SEPD,REAN,960,ups_2n,IT Power 2N + UPS 2N,0.0120019713374651,0.09483520294082956,1.0,9.0
2026-08-03 07:00:00+00:00,2026-08-03 23:00:00+00:00,SEPD,REAN,960,ups_dr,IT Power 2N + UPS Distributed Redundancy,0.0120019713374651,0.13611044073533715,1.0,6.75
2026-08-02 08:00:00+00:00,2026-08-03 01:00:00+00:00,SEPD,REAN,1020,hvdc_2n,IT Power 2N + HVDC 2N,0.0140783018328968,0.07082920022241225,1.0,8.9
2026-08-02 08:00:00+00:00,2026-08-03 01:00:00+00:00,SEPD,REAN,1020,mains_2n,IT Power 2N + Direct Utility 2N,0.0140783018328968,0.20436759275066704,1.0,0.05
2026-08-02 08:00:00+00:00,2026-08-03 01:00:00+00:00,SEPD,REAN,1020,ups_2n,IT Power 2N + UPS 2N,0.0140783018328968,0.09699572537247322,1.0,9.0
2026-08-02 08:00:00+00:00,2026-08-03 01:00:00+00:00,SEPD,REAN,1020,ups_dr,IT Power 2N + UPS Distributed Redundancy,0.0140783018328968,0.1388184138387529,1.0,6.75
2026-08-02 19:00:00+00:00,2026-08-03 13:00:00+00:00,SEPD,REAN,1080,hvdc_2n,IT Power 2N + HVDC 2N,0.0119168267481137,0.06907153919605977,1.0,8.9
2026-08-02 19:00:00+00:00,2026-08-03 13:00:00+00:00,SEPD,REAN,1080,mains_2n,IT Power 2N + Direct Utility 2N,0.0119168267481137,0.20087545308169566,1.0,0.05
2026-08-02 19:00:00+00:00,2026-08-03 13:00:00+00:00,SEPD,REAN,1080,ups_2n,IT Power 2N + UPS 2N,0.0119168267481137,0.09474753198354964,1.0,9.0
2026-08-02 19:00:00+00:00,2026-08-03 13:00:00+00:00,SEPD,REAN,1080,ups_dr,IT Power 2N + UPS Distributed Redundancy,0.0119168267481137,0.1360003498447157,1.0,6.75
2026-08-01 14:00:00+00:00,2026-08-02 09:00:00+00:00,SEPD,REAN,1140,hvdc_2n,IT Power 2N + HVDC 2N,0.0155706820521556,0.0720667870543301,1.0,8.9
2026-08-01 14:00:00+00:00,2026-08-02 09:00:00+00:00,SEPD,REAN,1140,mains_2n,IT Power 2N + Direct Utility 2N,0.0155706820521556,0.20680493328221616,1.0,0.05
2026-08-01 14:00:00+00:00,2026-08-02 09:00:00+00:00,SEPD,REAN,1140,ups_2n,IT Power 2N + UPS 2N,0.0155706820521556,0.09857565305194448,1.0,9.0
2026-08-01 14:00:00+00:00,2026-08-02 09:00:00+00:00,SEPD,REAN,1140,ups_dr,IT Power 2N + UPS Distributed Redundancy,0.0155706820521556,0.1407925943663723,1.0,6.75
2026-08-02 06:00:00+00:00,2026-08-03 02:00:00+00:00,SEPD,REAN,1200,hvdc_2n,IT Power 2N + HVDC 2N,0.0142231180903496,0.07094842667810154,1.0,8.9
2026-08-02 06:00:00+00:00,2026-08-03 02:00:00+00:00,SEPD,REAN,1200,mains_2n,IT Power 2N + Direct Utility 2N,0.0142231180903496,0.20460316694199818,1.0,0.05
2026-08-02 06:00:00+00:00,2026-08-03 02:00:00+00:00,SEPD,REAN,1200,ups_2n,IT Power 2N + UPS 2N,0.0142231180903496,0.09714804122918798,1.0,9.0
2026-08-02 06:00:00+00:00,2026-08-03 02:00:00+00:00,SEPD,REAN,1200,ups_dr,IT Power 2N + UPS Distributed Redundancy,0.0142231180903496,0.13900896064372845,1.0,6.75
2026-08-02 22:00:00+00:00,2026-08-03 19:00:00+00:00,SEPD,REAN,1260,hvdc_2n,IT Power 2N + HVDC 2N,0.0092091411336786,0.06692670218893591,1.0,8.9
2026-08-02 22:00:00+00:00,2026-08-03 19:00:00+00:00,SEPD,REAN,1260,mains_2n,IT Power 2N + Direct Utility 2N,0.0092091411336786,0.196564136415639,1.0,0.05
2026-08-02 22:00:00+00:00,2026-08-03 19:00:00+00:00,SEPD,REAN,1260,ups_2n,IT Power 2N + UPS 2N,0.0092091411336786,0.09199711764396273,1.0,9.0
2026-08-02 22:00:00+00:00,2026-08-03 19:00:00+00:00,SEPD,REAN,1260,ups_dr,IT Power 2N + UPS Distributed Redundancy,0.0092091411336786,0.13253832911085286,1.0,6.75
2026-07-30 08:00:00+00:00,2026-07-31 06:00:00+00:00,SEPD,REAN,1320,hvdc_2n,IT Power 2N + HVDC 2N,0.0578489934896701,0.11640867626680328,1.0,8.9
2026-07-30 08:00:00+00:00,2026-07-31 06:00:00+00:00,SEPD,REAN,1320,mains_2n,IT Power 2N + Direct Utility 2N,0.0578489934896701,0.28465030806585506,1.0,0.05
2026-07-30 08:00:00+00:00,2026-07-31 06:00:00+00:00,SEPD,REAN,1320,ups_2n,IT Power 2N + UPS 2N,0.0578489934896701,0.15370769781460714,1.0,9.0
2026-07-30 08:00:00+00:00,2026-07-31 06:00:00+00:00,SEPD,REAN,1320,ups_dr,IT Power 2N + UPS Distributed Redundancy,0.0578489934896701,0.20690864135746068,1.0,6.75
2026-08-02 20:00:00+00:00,2026-08-03 19:00:00+00:00,SEPD,REAN,1380,hvdc_2n,IT Power 2N + HVDC 2N,0.0098042342582535,0.06739272744722029,1.0,8.9
2026-08-02 20:00:00+00:00,2026-08-03 19:00:00+00:00,SEPD,REAN,1380,mains_2n,IT Power 2N + Direct Utility 2N,0.0098042342582535,0.19750564453764166,1.0,0.05
2026-08-02 20:00:00+00:00,2026-08-03 19:00:00+00:00,SEPD,REAN,1380,ups_2n,IT Power 2N + UPS 2N,0.0098042342582535,0.09259538179698679,1.0,9.0
2026-08-02 20:00:00+00:00,2026-08-03 19:00:00+00:00,SEPD,REAN,1380,ups_dr,IT Power 2N + UPS Distributed Redundancy,0.0098042342582535,0.13329275010404054,1.0,6.75
2026-07-28 08:00:00+00:00,2026-07-29 08:00:00+00:00,SEPD,REAN,1440,hvdc_2n,IT Power 2N + HVDC 2N,0.0140622774383683,0.07081601880238546,1.0,8.9
2026-07-28 08:00:00+00:00,2026-07-29 08:00:00+00:00,SEPD,REAN,1440,mains_2n,IT Power 2N + Direct Utility 2N,0.0140622774383683,0.20434153808238875,1.0,0.05
2026-07-28 08:00:00+00:00,2026-07-29 08:00:00+00:00,SEPD,REAN,1440,ups_2n,IT Power 2N + UPS 2N,0.0140622774383683,0.09697888422725166,1.0,9.0
2026-07-28 08:00:00+00:00,2026-07-29 08:00:00+00:00,SEPD,REAN,1440,ups_dr,IT Power 2N + UPS Distributed Redundancy,0.0140622774383683,0.1387973426771695,1.0,6.75
2026-07-30 06:00:00+00:00,2026-07-31 07:00:00+00:00,SEPD,REAN,1500,hvdc_2n,IT Power 2N + HVDC 2N,0.0603475543596296,0.1196598143908401,1.0,8.9
2026-07-30 06:00:00+00:00,2026-07-31 07:00:00+00:00,SEPD,REAN,1500,mains_2n,IT Power 2N + Direct Utility 2N,0.0603475543596296,0.28976524596080855,1.0,0.05
2026-07-30 06:00:00+00:00,2026-07-31 07:00:00+00:00,SEPD,REAN,1500,ups_2n,IT Power 2N + UPS 2N,0.0603475543596296,0.1576485221344415,1.0,9.0
2026-07-30 06:00:00+00:00,2026-07-31 07:00:00+00:00,SEPD,REAN,1500,ups_dr,IT Power 2N + UPS Distributed Redundancy,0.0603475543596296,0.21145506056502023,1.0,6.75
2026-08-01 21:00:00+00:00,2026-08-02 23:00:00+00:00,SEPD,REAN,1560,hvdc_2n,IT Power 2N + HVDC 2N,0.0139001335767519,0.07068276918126178,1.0,8.9
2026-08-01 21:00:00+00:00,2026-08-02 23:00:00+00:00,SEPD,REAN,1560,mains_2n,IT Power 2N + Direct Utility 2N,0.0139001335767519,0.2040780411198,1.0,0.05
2026-08-01 21:00:00+00:00,2026-08-02 23:00:00+00:00,SEPD,REAN,1560,ups_2n,IT Power 2N + UPS 2N,0.0139001335767519,0.09680862279466908,1.0,9.0
2026-08-01 21:00:00+00:00,2026-08-02 23:00:00+00:00,SEPD,REAN,1560,ups_dr,IT Power 2N + UPS Distributed Redundancy,0.0139001335767519,0.13858428367082393,1.0,6.75
2026-08-01 07:00:00+00:00,2026-08-02 10:00:00+00:00,SEPD,REAN,1620,hvdc_2n,IT Power 2N + HVDC 2N,0.0154831764456173,0.07199367407339789,1.0,8.9
2026-08-01 07:00:00+00:00,2026-08-02 10:00:00+00:00,SEPD,REAN,1620,mains_2n,IT Power 2N + Direct Utility 2N,0.0154831764456173,0.20666142884115352,1.0,0.05
2026-08-01 07:00:00+00:00,2026-08-02 10:00:00+00:00,SEPD,REAN,1620,ups_2n,IT Power 2N + UPS 2N,0.0154831764456173,0.09848238497848896,1.0,9.0
2026-08-01 07:00:00+00:00,2026-08-02 10:00:00+00:00,SEPD,REAN,1620,ups_dr,IT Power 2N + UPS Distributed Redundancy,0.0154831764456173,0.14067619349833757,1.0,6.75
2026-08-02 06:00:00+00:00,2026-08-03 10:00:00+00:00,SEPD,REAN,1680,hvdc_2n,IT Power 2N + HVDC 2N,0.0146894595526615,0.07133362373333198,1.0,8.9
2026-08-02 06:00:00+00:00,2026-08-03 10:00:00+00:00,SEPD,REAN,1680,mains_2n,IT Power 2N + Direct Utility 2N,0.0146894595526615,0.20536313988299126,1.0,0.05
2026-08-02 06:00:00+00:00,2026-08-03 10:00:00+00:00,SEPD,REAN,1680,ups_2n,IT Power 2N + UPS 2N,0.0146894595526615,0.09763998437233458,1.0,9.0
2026-08-02 06:00:00+00:00,2026-08-03 10:00:00+00:00,SEPD,REAN,1680,ups_dr,IT Power 2N + UPS Distributed Redundancy,0.0146894595526615,0.13962405559078706,1.0,6.75
2026-08-01 23:00:00+00:00,2026-08-03 04:00:00+00:00,SEPD,REAN,1740,hvdc_2n,IT Power 2N + HVDC 2N,0.0142025562324932,0.07093148692540545,1.0,8.9
2026-08-01 23:00:00+00:00,2026-08-03 04:00:00+00:00,SEPD,REAN,1740,mains_2n,IT Power 2N + Direct Utility 2N,0.0142025562324932,0.20456970646080055,1.0,0.05
2026-08-01 23:00:00+00:00,2026-08-03 04:00:00+00:00,SEPD,REAN,1740,ups_2n,IT Power 2N + UPS 2N,0.0142025562324932,0.0971264015398117,1.0,9.0
2026-08-01 23:00:00+00:00,2026-08-03 04:00:00+00:00,SEPD,REAN,1740,ups_dr,IT Power 2N + UPS Distributed Redundancy,0.0142025562324932,0.13898189234222091,1.0,6.75
2026-08-02 17:00:00+00:00,2026-08-03 23:00:00+00:00,SEPD,REAN,1800,hvdc_2n,IT Power 2N + HVDC 2N,0.0082688789868188,0.0661964645516253,1.0,8.9
2026-08-02 17:00:00+00:00,2026-08-03 23:00:00+00:00,SEPD,REAN,1800,mains_2n,IT Power 2N + Direct Utility 2N,0.0082688789868188,0.19508344710745312,1.0,0.05
2026-08-02 17:00:00+00:00,2026-08-03 23:00:00+00:00,SEPD,REAN,1800,ups_2n,IT Power 2N + UPS 2N,0.0082688789868188,0.09105892429662948,1.0,9.0
2026-08-02 17:00:00+00:00,2026-08-03 23:00:00+00:00,SEPD,REAN,1800,ups_dr,IT Power 2N + UPS Distributed Redundancy,0.0082688789868188,0.13135370079343292,1.0,6.75
2026-08-02 16:00:00+00:00,2026-08-03 23:00:00+00:00,SEPD,REAN,1860,hvdc_2n,IT Power 2N + HVDC 2N,0.0086001904356755,0.06645292303975577,1.0,8.9
2026-08-02 16:00:00+00:00,2026-08-03 23:00:00+00:00,SEPD,REAN,1860,mains_2n,IT Power 2N + Direct Utility 2N,0.0086001904356755,0.19560421749591123,1.0,0.05
2026-08-02 16:00:00+00:00,2026-08-03 23:00:00+00:00,SEPD,REAN,1860,ups_2n,IT Power 2N + UPS 2N,0.0086001904356755,0.09138852037162208,1.0,9.0
2026-08-02 16:00:00+00:00,2026-08-03 23:00:00+00:00,SEPD,REAN,1860,ups_dr,IT Power 2N + UPS Distributed Redundancy,0.0086001904356755,0.13177008840822924,1.0,6.75
2026-08-02 12:00:00+00:00,2026-08-03 20:00:00+00:00,SEPD,REAN,1920,hvdc_2n,IT Power 2N + HVDC 2N,0.0099720296637542,0.06752467337574648,1.0,8.9
2026-08-02 12:00:00+00:00,2026-08-03 20:00:00+00:00,SEPD,REAN,1920,mains_2n,IT Power 2N + Direct Utility 2N,0.0099720296637542,0.1977717304934666,1.0,0.05
2026-08-02 12:00:00+00:00,2026-08-03 20:00:00+00:00,SEPD,REAN,1920,ups_2n,IT Power 2N + UPS 2N,0.0099720296637542,0.09276470165129111,1.0,9.0
2026-08-02 12:00:00+00:00,2026-08-03 20:00:00+00:00,SEPD,REAN,1920,ups_dr,IT Power 2N + UPS Distributed Redundancy,0.0099720296637542,0.13350612613684032,1.0,6.75
2026-08-01 12:00:00+00:00,2026-08-02 21:00:00+00:00,SEPD,REAN,1980,hvdc_2n,IT Power 2N + HVDC 2N,0.0151114007664576,0.07168380907909576,1.0,8.9
2026-08-01 12:00:00+00:00,2026-08-02 21:00:00+00:00,SEPD,REAN,1980,mains_2n,IT Power 2N + Direct Utility 2N,0.0151114007664576,0.20605255809747944,1.0,0.05
2026-08-01 12:00:00+00:00,2026-08-02 21:00:00+00:00,SEPD,REAN,1980,ups_2n,IT Power 2N + UPS 2N,0.0151114007664576,0.09808700286001693,1.0,9.0
2026-08-01 12:00:00+00:00,2026-08-02 21:00:00+00:00,SEPD,REAN,1980,ups_dr,IT Power 2N + UPS Distributed Redundancy,0.0151114007664576,0.14018255071121488,1.0,6.75
2026-08-02 07:00:00+00:00,2026-08-03 17:00:00+00:00,SEPD,REAN,2040,hvdc_2n,IT Power 2N + HVDC 2N,0.0143280986204283,0.07103497245725111,1.0,8.9
2026-08-02 07:00:00+00:00,2026-08-03 17:00:00+00:00,SEPD,REAN,2040,mains_2n,IT Power 2N + Direct Utility 2N,0.0143280986204283,0.2047740659847434,1.0,0.05
2026-08-02 07:00:00+00:00,2026-08-03 17:00:00+00:00,SEPD,REAN,2040,ups_2n,IT Power 2N + UPS 2N,0.0143280986204283,0.09725859180349654,1.0,9.0
2026-08-02 07:00:00+00:00,2026-08-03 17:00:00+00:00,SEPD,REAN,2040,ups_dr,IT Power 2N + UPS Distributed Redundancy,0.0143280986204283,0.1391472293524157,1.0,6.75
2026-08-01 05:00:00+00:00,2026-08-02 16:00:00+00:00,SEPD,REAN,2100,hvdc_2n,IT Power 2N + HVDC 2N,0.0156804282594871,0.07215857937991496,1.0,8.9
2026-08-01 05:00:00+00:00,2026-08-02 16:00:00+00:00,SEPD,REAN,2100,mains_2n,IT Power 2N + Direct Utility 2N,0.0156804282594871,0.2069850152143278,1.0,0.05
2026-08-01 05:00:00+00:00,2026-08-02 16:00:00+00:00,SEPD,REAN,2100,ups_2n,IT Power 2N + UPS 2N,0.0156804282594871,0.09869273752466128,1.0,9.0
2026-08-01 05:00:00+00:00,2026-08-02 16:00:00+00:00,SEPD,REAN,2100,ups_dr,IT Power 2N + UPS Distributed Redundancy,0.0156804282594871,0.1409386937365722,1.0,6.75
2026-08-01 17:00:00+00:00,2026-08-03 05:00:00+00:00,SEPD,REAN,2160,hvdc_2n,IT Power 2N + HVDC 2N,0.0135231629159311,0.07037387009964924,1.0,8.9
2026-08-01 17:00:00+00:00,2026-08-03 05:00:00+00:00,SEPD,REAN,2160,mains_2n,IT Power 2N + Direct Utility 2N,0.0135231629159311,0.20346640996584575,1.0,0.05
2026-08-01 17:00:00+00:00,2026-08-03 05:00:00+00:00,SEPD,REAN,2160,ups_2n,IT Power 2N + UPS 2N,0.0135231629159311,0.09641381065682421,1.0,9.0
2026-08-01 17:00:00+00:00,2026-08-03 05:00:00+00:00,SEPD,REAN,2160,ups_dr,IT Power 2N + UPS Distributed Redundancy,0.0135231629159311,0.1380900002901826,1.0,6.75
2026-08-02 01:00:00+00:00,2026-08-03 14:00:00+00:00,SEPD,REAN,2220,hvdc_2n,IT Power 2N + HVDC 2N,0.0148198617441657,0.07144168060225548,1.0,8.9
2026-08-02 01:00:00+00:00,2026-08-03 14:00:00+00:00,SEPD,REAN,2220,mains_2n,IT Power 2N + Direct Utility 2N,0.0148198617441657,0.20557602383522736,1.0,0.05
2026-08-02 01:00:00+00:00,2026-08-03 14:00:00+00:00,SEPD,REAN,2220,ups_2n,IT Power 2N + UPS 2N,0.0148198617441657,0.09777794244547101,1.0,9.0
2026-08-02 01:00:00+00:00,2026-08-03 14:00:00+00:00,SEPD,REAN,2220,ups_dr,IT Power 2N + UPS Distributed Redundancy,0.0148198617441657,0.13979646087283717,1.0,6.75
2026-08-02 00:00:00+00:00,2026-08-03 14:00:00+00:00,SEPD,REAN,2280,hvdc_2n,IT Power 2N + HVDC 2N,0.0149572917222791,0.07155572450753794,1.0,8.9
2026-08-02 00:00:00+00:00,2026-08-03 14:00:00+00:00,SEPD,REAN,2280,mains_2n,IT Power 2N + Direct Utility 2N,0.0149572917222791,0.20580055776453124,1.0,0.05
2026-08-02 00:00:00+00:00,2026-08-03 14:00:00+00:00,SEPD,REAN,2280,ups_2n,IT Power 2N + UPS 2N,0.0149572917222791,0.09792352359187641,1.0,9.0
2026-08-02 00:00:00+00:00,2026-08-03 14:00:00+00:00,SEPD,REAN,2280,ups_dr,IT Power 2N + UPS Distributed Redundancy,0.0149572917222791,0.1399783505418064,1.0,6.75
2026-08-02 01:00:00+00:00,2026-08-03 16:00:00+00:00,SEPD,REAN,2340,hvdc_2n,IT Power 2N + HVDC 2N,0.0148198617441657,0.07144168060225548,1.0,8.9
2026-08-02 01:00:00+00:00,2026-08-03 16:00:00+00:00,SEPD,REAN,2340,mains_2n,IT Power 2N + Direct Utility 2N,0.0148198617441657,0.20557602383522736,1.0,0.05
2026-08-02 01:00:00+00:00,2026-08-03 16:00:00+00:00,SEPD,REAN,2340,ups_2n,IT Power 2N + UPS 2N,0.0148198617441657,0.09777794244547101,1.0,9.0
2026-08-02 01:00:00+00:00,2026-08-03 16:00:00+00:00,SEPD,REAN,2340,ups_dr,IT Power 2N + UPS Distributed Redundancy,0.0148198617441657,0.13979646087283717,1.0,6.75
2026-08-01 20:00:00+00:00,2026-08-03 12:00:00+00:00,SEPD,REAN,2400,hvdc_2n,IT Power 2N + HVDC 2N,0.0162973451099181,0.07267658139146145,1.0,8.9
2026-08-01 20:00:00+00:00,2026-08-03 12:00:00+00:00,SEPD,REAN,2400,mains_2n,IT Power 2N + Direct Utility 2N,0.0162973451099181,0.20799946678504355,1.0,0.05
2026-08-01 20:00:00+00:00,2026-08-03 12:00:00+00:00,SEPD,REAN,2400,ups_2n,IT Power 2N + UPS 2N,0.0162973451099181,0.09935321211165944,1.0,9.0
2026-08-01 20:00:00+00:00,2026-08-03 12:00:00+00:00,SEPD,REAN,2400,ups_dr,IT Power 2N + UPS Distributed Redundancy,0.0162973451099181,0.14176232258427823,1.0,6.75
2026-08-01 11:00:00+00:00,2026-08-03 04:00:00+00:00,SEPD,REAN,2460,hvdc_2n,IT Power 2N + HVDC 2N,0.0146053545679541,0.0712640107828402,1.0,8.9
2026-08-01 11:00:00+00:00,2026-08-03 04:00:00+00:00,SEPD,REAN,2460,mains_2n,IT Power 2N + Direct Utility 2N,0.0146053545679541,0.20522592370886025,1.0,0.05
2026-08-01 11:00:00+00:00,2026-08-03 04:00:00+00:00,SEPD,REAN,2460,ups_2n,IT Power 2N + UPS 2N,0.0146053545679541,0.0975510982082036,1.0,9.0
2026-08-01 11:00:00+00:00,2026-08-03 04:00:00+00:00,SEPD,REAN,2460,ups_dr,IT Power 2N + UPS Distributed Redundancy,0.0146053545679541,0.13951295455008833,1.0,6.75
2026-08-01 17:00:00+00:00,2026-08-03 11:00:00+00:00,SEPD,REAN,2520,hvdc_2n,IT Power 2N + HVDC 2N,0.0151032805447985,0.07167705484644384,1.0,8.9
2026-08-01 17:00:00+00:00,2026-08-03 11:00:00+00:00,SEPD,REAN,2520,mains_2n,IT Power 2N + Direct Utility 2N,0.0151032805447985,0.20603927414594722,1.0,0.05
2026-08-01 17:00:00+00:00,2026-08-03 11:00:00+00:00,SEPD,REAN,2520,ups_2n,IT Power 2N + UPS 2N,0.0151032805447985,0.09807838284084267,1.0,9.0
2026-08-01 17:00:00+00:00,2026-08-03 11:00:00+00:00,SEPD,REAN,2520,ups_dr,IT Power 2N + UPS Distributed Redundancy,0.0151032805447985,0.14017178489841445,1.0,6.75
2026-08-01 23:00:00+00:00,2026-08-03 18:00:00+00:00,SEPD,REAN,2580,hvdc_2n,IT Power 2N + HVDC 2N,0.0162833475265653,0.07266479023718168,1.0,8.9
2026-08-01 23:00:00+00:00,2026-08-03 18:00:00+00:00,SEPD,REAN,2580,mains_2n,IT Power 2N + Direct Utility 2N,0.0162833475265653,0.20797640871221038,1.0,0.05
2026-08-01 23:00:00+00:00,2026-08-03 18:00:00+00:00,SEPD,REAN,2580,ups_2n,IT Power 2N + UPS 2N,0.0162833475265653,0.09933818271666249,1.0,9.0
2026-08-01 23:00:00+00:00,2026-08-03 18:00:00+00:00,SEPD,REAN,2580,ups_dr,IT Power 2N + UPS Distributed Redundancy,0.0162833475265653,0.14174359032378717,1.0,6.75
2026-08-01 14:00:00+00:00,2026-08-03 10:00:00+00:00,SEPD,REAN,2640,hvdc_2n,IT Power 2N + HVDC 2N,0.0155268171826349,0.07203012837350128,1.0,8.9
2026-08-01 14:00:00+00:00,2026-08-03 10:00:00+00:00,SEPD,REAN,2640,mains_2n,IT Power 2N + Direct Utility 2N,0.0155268171826349,0.206732988072477,1.0,0.05
2026-08-01 14:00:00+00:00,2026-08-03 10:00:00+00:00,SEPD,REAN,2640,ups_2n,IT Power 2N + UPS 2N,0.0155268171826349,0.09852888973939296,1.0,9.0
2026-08-01 14:00:00+00:00,2026-08-03 10:00:00+00:00,SEPD,REAN,2640,ups_dr,IT Power 2N + UPS Distributed Redundancy,0.0155268171826349,0.14073423479742858,1.0,6.75
2026-07-31 22:00:00+00:00,2026-08-02 19:00:00+00:00,SEPD,REAN,2700,hvdc_2n,IT Power 2N + HVDC 2N,0.0132195968148274,0.07012602799343666,1.0,8.9
2026-07-31 22:00:00+00:00,2026-08-02 19:00:00+00:00,SEPD,REAN,2700,mains_2n,IT Power 2N + Direct Utility 2N,0.0132195968148274,0.2029748698230722,1.0,0.05
2026-07-31 22:00:00+00:00,2026-08-02 19:00:00+00:00,SEPD,REAN,2700,ups_2n,IT Power 2N + UPS 2N,0.0132195968148274,0.09609692334579698,1.0,9.0
2026-07-31 22:00:00+00:00,2026-08-02 19:00:00+00:00,SEPD,REAN,2700,ups_dr,IT Power 2N + UPS Distributed Redundancy,0.0132195968148274,0.1376930417252935,1.0,6.75
2026-08-01 05:00:00+00:00,2026-08-03 03:00:00+00:00,SEPD,REAN,2760,hvdc_2n,IT Power 2N + HVDC 2N,0.0126327299413701,0.0696491759879613,1.0,8.9
2026-08-01 05:00:00+00:00,2026-08-03 03:00:00+00:00,SEPD,REAN,2760,mains_2n,IT Power 2N + Direct Utility 2N,0.0126327299413701,0.20202711443953075,1.0,0.05
2026-08-01 05:00:00+00:00,2026-08-03 03:00:00+00:00,SEPD,REAN,2760,ups_2n,IT Power 2N + UPS 2N,0.0126327299413701,0.09548694161819296,1.0,9.0
2026-08-01 05:00:00+00:00,2026-08-03 03:00:00+00:00,SEPD,REAN,2760,ups_dr,IT Power 2N + UPS Distributed Redundancy,0.0126327299413701,0.13692834350096936,1.0,6.75
2026-08-01 13:00:00+00:00,2026-08-03 12:00:00+00:00,SEPD,REAN,2820,hvdc_2n,IT Power 2N + HVDC 2N,0.0167220983904447,0.07303522072064396,1.0,8.9
2026-08-01 13:00:00+00:00,2026-08-03 12:00:00+00:00,SEPD,REAN,2820,mains_2n,IT Power 2N + Direct Utility 2N,0.0167220983904447,0.20870005489999174,1.0,0.05
2026-08-01 13:00:00+00:00,2026-08-03 12:00:00+00:00,SEPD,REAN,2820,ups_2n,IT Power 2N + UPS 2N,0.0167220983904447,0.09981023846945834,1.0,9.0
2026-08-01 13:00:00+00:00,2026-08-03 12:00:00+00:00,SEPD,REAN,2820,ups_dr,IT Power 2N + UPS Distributed Redundancy,0.0167220983904447,0.14233173188723652,1.0,6.75
2026-08-01 09:00:00+00:00,2026-08-03 09:00:00+00:00,SEPD,REAN,2880,hvdc_2n,IT Power 2N + HVDC 2N,0.0148428885772546,0.0714607773163512,1.0,8.9
2026-08-01 09:00:00+00:00,2026-08-03 09:00:00+00:00,SEPD,REAN,2880,mains_2n,IT Power 2N + Direct Utility 2N,0.0148428885772546,0.20561363254725146,1.0,0.05
2026-08-01 09:00:00+00:00,2026-08-03 09:00:00+00:00,SEPD,REAN,2880,ups_2n,IT Power 2N + UPS 2N,0.0148428885772546,0.09780232156756014,1.0,9.0
2026-08-01 09:00:00+00:00,2026-08-03 09:00:00+00:00,SEPD,REAN,2880,ups_dr,IT Power 2N + UPS Distributed Redundancy,0.0148428885772546,0.13982692325930213,1.0,6.75
2026-08-03 20:00:00+00:00,2026-08-03 21:00:00+00:00,SEPD,REAS,60,hvdc_2n,IT Power 2N + HVDC 2N,0.0085846726539428,0.06644089060703603,1.0,8.9
2026-08-03 20:00:00+00:00,2026-08-03 21:00:00+00:00,SEPD,REAS,60,mains_2n,IT Power 2N + Direct Utility 2N,0.0085846726539428,0.19557980247368975,1.0,0.05
2026-08-03 20:00:00+00:00,2026-08-03 21:00:00+00:00,SEPD,REAS,60,ups_2n,IT Power 2N + UPS 2N,0.0085846726539428,0.09137305901115586,1.0,9.0
2026-08-03 20:00:00+00:00,2026-08-03 21:00:00+00:00,SEPD,REAS,60,ups_dr,IT Power 2N + UPS Distributed Redundancy,0.0085846726539428,0.13175056090999104,1.0,6.75
2026-08-02 17:00:00+00:00,2026-08-02 19:00:00+00:00,SEPD,REAS,120,hvdc_2n,IT Power 2N + HVDC 2N,0.0111876645579691,0.06848776598775032,1.0,8.9
2026-08-02 17:00:00+00:00,2026-08-02 19:00:00+00:00,SEPD,REAS,120,mains_2n,IT Power 2N + Direct Utility 2N,0.0111876645579691,0.1997075216357573,1.0,0.05
2026-08-02 17:00:00+00:00,2026-08-02 19:00:00+00:00,SEPD,REAS,120,ups_2n,IT Power 2N + UPS 2N,0.0111876645579691,0.09399970179600417,1.0,9.0
2026-08-02 17:00:00+00:00,2026-08-02 19:00:00+00:00,SEPD,REAS,120,ups_dr,IT Power 2N + UPS Distributed Redundancy,0.0111876645579691,0.13506062221961188,1.0,6.75
2026-08-03 17:00:00+00:00,2026-08-03 20:00:00+00:00,SEPD,REAS,180,hvdc_2n,IT Power 2N + HVDC 2N,0.0118516685915992,0.06901918616667546,1.0,8.9
2026-08-03 17:00:00+00:00,2026-08-03 20:00:00+00:00,SEPD,REAS,180,mains_2n,IT Power 2N + Direct Utility 2N,0.0118516685915992,0.20077087865888027,1.0,0.05
2026-08-03 17:00:00+00:00,2026-08-03 20:00:00+00:00,SEPD,REAS,180,ups_2n,IT Power 2N + UPS 2N,0.0118516685915992,0.09468048950761884,1.0,9.0
2026-08-03 17:00:00+00:00,2026-08-03 20:00:00+00:00,SEPD,REAS,180,ups_dr,IT Power 2N + UPS Distributed Redundancy,0.0118516685915992,0.1359161518481907,1.0,6.75
2026-08-03 21:00:00+00:00,2026-08-04 01:00:00+00:00,SEPD,REAS,240,hvdc_2n,IT Power 2N + HVDC 2N,0.0120716916921881,0.06919611705922821,1.0,8.9
2026-08-03 21:00:00+00:00,2026-08-04 01:00:00+00:00,SEPD,REAS,240,mains_2n,IT Power 2N + Direct Utility 2N,0.0120716916921881,0.2011241644303616,1.0,0.05
2026-08-03 21:00:00+00:00,2026-08-04 01:00:00+00:00,SEPD,REAS,240,ups_2n,IT Power 2N + UPS 2N,0.0120716916921881,0.09490704607720955,1.0,9.0
2026-08-03 21:00:00+00:00,2026-08-04 01:00:00+00:00,SEPD,REAS,240,ups_dr,IT Power 2N + UPS Distributed Redundancy,0.0120716916921881,0.13620064418265562,1.0,6.75
2026-08-03 21:00:00+00:00,2026-08-04 02:00:00+00:00,SEPD,REAS,300,hvdc_2n,IT Power 2N + HVDC 2N,0.0141608799166496,0.07089716362315238,1.0,8.9
2026-08-03 21:00:00+00:00,2026-08-04 02:00:00+00:00,SEPD,REAS,300,mains_2n,IT Power 2N + Direct Utility 2N,0.0141608799166496,0.20450189871698435,1.0,0.05
2026-08-03 21:00:00+00:00,2026-08-04 02:00:00+00:00,SEPD,REAS,300,ups_2n,IT Power 2N + UPS 2N,0.0141608799166496,0.09708255378952219,1.0,9.0
2026-08-03 21:00:00+00:00,2026-08-04 02:00:00+00:00,SEPD,REAS,300,ups_dr,IT Power 2N + UPS Distributed Redundancy,0.0141608799166496,0.13892704183703317,1.0,6.75
2026-08-03 20:00:00+00:00,2026-08-04 02:00:00+00:00,SEPD,REAS,360,hvdc_2n,IT Power 2N + HVDC 2N,0.0171535863020207,0.07340121512885497,1.0,8.9
2026-08-03 20:00:00+00:00,2026-08-04 02:00:00+00:00,SEPD,REAS,360,mains_2n,IT Power 2N + Direct Utility 2N,0.0171535863020207,0.2094135284474034,1.0,0.05
2026-08-03 20:00:00+00:00,2026-08-04 02:00:00+00:00,SEPD,REAS,360,ups_2n,IT Power 2N + UPS 2N,0.0171535863020207,0.10027642413457688,1.0,9.0
2026-08-03 20:00:00+00:00,2026-08-04 02:00:00+00:00,SEPD,REAS,360,ups_dr,IT Power 2N + UPS Distributed Redundancy,0.0171535863020207,0.1429121212892065,1.0,6.75
2026-08-03 19:00:00+00:00,2026-08-04 02:00:00+00:00,SEPD,REAS,420,hvdc_2n,IT Power 2N + HVDC 2N,0.0179614564954839,0.07409100661571662,1.0,8.9
2026-08-03 19:00:00+00:00,2026-08-04 02:00:00+00:00,SEPD,REAS,420,mains_2n,IT Power 2N + Direct Utility 2N,0.0179614564954839,0.21075417427800214,1.0,0.05
2026-08-03 19:00:00+00:00,2026-08-04 02:00:00+00:00,SEPD,REAS,420,ups_2n,IT Power 2N + UPS 2N,0.0179614564954839,0.10115446263285208,1.0,9.0
2026-08-03 19:00:00+00:00,2026-08-04 02:00:00+00:00,SEPD,REAS,420,ups_dr,IT Power 2N + UPS Distributed Redundancy,0.0179614564954839,0.14400407984192412,1.0,6.75
2026-08-02 23:00:00+00:00,2026-08-03 07:00:00+00:00,SEPD,REAS,480,hvdc_2n,IT Power 2N + HVDC 2N,0.0266707673378108,0.08191443193208872,1.0,8.9
2026-08-02 23:00:00+00:00,2026-08-03 07:00:00+00:00,SEPD,REAS,480,mains_2n,IT Power 2N + Direct Utility 2N,0.0266707673378108,0.2256057110963937,1.0,0.05
2026-08-02 23:00:00+00:00,2026-08-03 07:00:00+00:00,SEPD,REAS,480,ups_2n,IT Power 2N + UPS 2N,0.0266707673378108,0.11106082474838733,1.0,9.0
2026-08-02 23:00:00+00:00,2026-08-03 07:00:00+00:00,SEPD,REAS,480,ups_dr,IT Power 2N + UPS Distributed Redundancy,0.0266707673378108,0.15622065481265726,1.0,6.75
2026-08-01 21:00:00+00:00,2026-08-02 06:00:00+00:00,SEPD,REAS,540,hvdc_2n,IT Power 2N + HVDC 2N,0.0163316930286076,0.07270552254506535,1.0,8.9
2026-08-01 21:00:00+00:00,2026-08-02 06:00:00+00:00,SEPD,REAS,540,mains_2n,IT Power 2N + Direct Utility 2N,0.0163316930286076,0.20805605574051275,1.0,0.05
2026-08-01 21:00:00+00:00,2026-08-02 06:00:00+00:00,SEPD,REAS,540,ups_2n,IT Power 2N + UPS 2N,0.0163316930286076,0.09939010051066872,1.0,9.0
2026-08-01 21:00:00+00:00,2026-08-02 06:00:00+00:00,SEPD,REAS,540,ups_dr,IT Power 2N + UPS Distributed Redundancy,0.0163316930286076,0.14180829743091214,1.0,6.75
2026-08-01 14:00:00+00:00,2026-08-02 00:00:00+00:00,SEPD,REAS,600,hvdc_2n,IT Power 2N + HVDC 2N,0.0135506561030931,0.07039635645046173,1.0,8.9
2026-08-01 14:00:00+00:00,2026-08-02 00:00:00+00:00,SEPD,REAS,600,mains_2n,IT Power 2N + Direct Utility 2N,0.0135506561030931,0.2035109712103151,1.0,0.05
2026-08-01 14:00:00+00:00,2026-08-02 00:00:00+00:00,SEPD,REAS,600,ups_2n,IT Power 2N + UPS 2N,0.0135506561030931,0.09644255636376663,1.0,9.0
2026-08-01 14:00:00+00:00,2026-08-02 00:00:00+00:00,SEPD,REAS,600,ups_dr,IT Power 2N + UPS Distributed Redundancy,0.0135506561030931,0.13812599920893656,1.0,6.75
2026-08-03 04:00:00+00:00,2026-08-03 15:00:00+00:00,SEPD,REAS,660,hvdc_2n,IT Power 2N + HVDC 2N,0.0174163591266935,0.07362492957108013,1.0,8.9
2026-08-03 04:00:00+00:00,2026-08-03 15:00:00+00:00,SEPD,REAS,660,mains_2n,IT Power 2N + Direct Utility 2N,0.0174163591266935,0.20984890602485096,1.0,0.05
2026-08-03 04:00:00+00:00,2026-08-03 15:00:00+00:00,SEPD,REAS,660,ups_2n,IT Power 2N + UPS 2N,0.0174163591266935,0.10056127465746142,1.0,9.0
2026-08-03 04:00:00+00:00,2026-08-03 15:00:00+00:00,SEPD,REAS,660,ups_dr,IT Power 2N + UPS Distributed Redundancy,0.0174163591266935,0.14326653926836527,1.0,6.75
2026-08-03 09:00:00+00:00,2026-08-03 21:00:00+00:00,SEPD,REAS,720,hvdc_2n,IT Power 2N + HVDC 2N,0.0155815469566592,0.07207586971411349,1.0,8.9
2026-08-03 09:00:00+00:00,2026-08-03 21:00:00+00:00,SEPD,REAS,720,mains_2n,IT Power 2N + Direct Utility 2N,0.0155815469566592,0.2068227562756399,1.0,0.05
2026-08-03 09:00:00+00:00,2026-08-03 21:00:00+00:00,SEPD,REAS,720,ups_2n,IT Power 2N + UPS 2N,0.0155815469566592,0.09858723892687851,1.0,9.0
2026-08-03 09:00:00+00:00,2026-08-03 21:00:00+00:00,SEPD,REAS,720,ups_dr,IT Power 2N + UPS Distributed Redundancy,0.0155815469566592,0.14080705259427614,1.0,6.75
2026-08-03 04:00:00+00:00,2026-08-03 17:00:00+00:00,SEPD,REAS,780,hvdc_2n,IT Power 2N + HVDC 2N,0.0172834221627688,0.07351167393421365,1.0,8.9
2026-08-03 04:00:00+00:00,2026-08-03 17:00:00+00:00,SEPD,REAS,780,mains_2n,IT Power 2N + Direct Utility 2N,0.0172834221627688,0.20962856515260167,1.0,0.05
2026-08-03 04:00:00+00:00,2026-08-03 17:00:00+00:00,SEPD,REAS,780,ups_2n,IT Power 2N + UPS 2N,0.0172834221627688,0.1004170788555825,1.0,9.0
2026-08-03 04:00:00+00:00,2026-08-03 17:00:00+00:00,SEPD,REAS,780,ups_dr,IT Power 2N + UPS Distributed Redundancy,0.0172834221627688,0.14308714755787993,1.0,6.75
2026-08-03 01:00:00+00:00,2026-08-03 15:00:00+00:00,SEPD,REAS,840,hvdc_2n,IT Power 2N + HVDC 2N,0.0180780927429517,0.07419108655509173,1.0,8.9
2026-08-03 01:00:00+00:00,2026-08-03 15:00:00+00:00,SEPD,REAS,840,mains_2n,IT Power 2N + Direct Utility 2N,0.0180780927429517,0.21094824879272336,1.0,0.05
2026-08-03 01:00:00+00:00,2026-08-03 15:00:00+00:00,SEPD,REAS,840,ups_2n,IT Power 2N + UPS 2N,0.0180780927429517,0.10128179163484567,1.0,9.0
2026-08-03 01:00:00+00:00,2026-08-03 15:00:00+00:00,SEPD,REAS,840,ups_dr,IT Power 2N + UPS Distributed Redundancy,0.0180780927429517,0.14416230336898014,1.0,6.75
2026-08-02 02:00:00+00:00,2026-08-02 17:00:00+00:00,SEPD,REAS,900,hvdc_2n,IT Power 2N + HVDC 2N,0.0147007049542206,0.07134293620916143,1.0,8.9
2026-08-02 02:00:00+00:00,2026-08-02 17:00:00+00:00,SEPD,REAS,900,mains_2n,IT Power 2N + Direct Utility 2N,0.0147007049542206,0.2053814917629456,1.0,0.05
2026-08-02 02:00:00+00:00,2026-08-02 17:00:00+00:00,SEPD,REAS,900,ups_2n,IT Power 2N + UPS 2N,0.0147007049542206,0.0976518745224893,1.0,9.0
2026-08-02 02:00:00+00:00,2026-08-02 17:00:00+00:00,SEPD,REAS,900,ups_dr,IT Power 2N + UPS Distributed Redundancy,0.0147007049542206,0.1396389161626139,1.0,6.75
2026-08-03 00:00:00+00:00,2026-08-03 16:00:00+00:00,SEPD,REAS,960,hvdc_2n,IT Power 2N + HVDC 2N,0.0169292054614165,0.07321068171484506,1.0,8.9
2026-08-03 00:00:00+00:00,2026-08-03 16:00:00+00:00,SEPD,REAS,960,mains_2n,IT Power 2N + Direct Utility 2N,0.0169292054614165,0.20904228685671533,1.0,0.05
2026-08-03 00:00:00+00:00,2026-08-03 16:00:00+00:00,SEPD,REAS,960,ups_2n,IT Power 2N + UPS 2N,0.0169292054614165,0.10003375892261118,1.0,9.0
2026-08-03 00:00:00+00:00,2026-08-03 16:00:00+00:00,SEPD,REAS,960,ups_dr,IT Power 2N + UPS Distributed Redundancy,0.0169292054614165,0.1426100634905668,1.0,6.75
2026-08-01 00:00:00+00:00,2026-08-01 17:00:00+00:00,SEPD,REAS,1020,hvdc_2n,IT Power 2N + HVDC 2N,0.0301549837359847,0.08524999878624229,1.0,8.9
2026-08-01 00:00:00+00:00,2026-08-01 17:00:00+00:00,SEPD,REAS,1020,mains_2n,IT Power 2N + Direct Utility 2N,0.0301549837359847,0.23175103868484254,1.0,0.05
2026-08-01 00:00:00+00:00,2026-08-01 17:00:00+00:00,SEPD,REAS,1020,ups_2n,IT Power 2N + UPS 2N,0.0301549837359847,0.11525624485537096,1.0,9.0
2026-08-01 00:00:00+00:00,2026-08-01 17:00:00+00:00,SEPD,REAS,1020,ups_dr,IT Power 2N + UPS Distributed Redundancy,0.0301549837359847,0.16133949415753204,1.0,6.75
2026-08-02 01:00:00+00:00,2026-08-02 19:00:00+00:00,SEPD,REAS,1080,hvdc_2n,IT Power 2N + HVDC 2N,0.0137599790300861,0.07056777705262417,1.0,8.9
2026-08-02 01:00:00+00:00,2026-08-02 19:00:00+00:00,SEPD,REAS,1080,mains_2n,IT Power 2N + Direct Utility 2N,0.0137599790300861,0.20385048223425792,1.0,0.05
2026-08-02 01:00:00+00:00,2026-08-02 19:00:00+00:00,SEPD,REAS,1080,ups_2n,IT Power 2N + UPS 2N,0.0137599790300861,0.0966616666465802,1.0,9.0
2026-08-02 01:00:00+00:00,2026-08-02 19:00:00+00:00,SEPD,REAS,1080,ups_dr,IT Power 2N + UPS Distributed Redundancy,0.0137599790300861,0.1384003400871003,1.0,6.75
2026-08-01 11:00:00+00:00,2026-08-02 06:00:00+00:00,SEPD,REAS,1140,hvdc_2n,IT Power 2N + HVDC 2N,0.0156742287569423,0.07215339121004298,1.0,8.9
2026-08-01 11:00:00+00:00,2026-08-02 06:00:00+00:00,SEPD,REAS,1140,mains_2n,IT Power 2N + Direct Utility 2N,0.0156742287569423,0.20697483939815473,1.0,0.05
2026-08-01 11:00:00+00:00,2026-08-02 06:00:00+00:00,SEPD,REAS,1140,ups_2n,IT Power 2N + UPS 2N,0.0156742287569423,0.09868612018862981,1.0,9.0
2026-08-01 11:00:00+00:00,2026-08-02 06:00:00+00:00,SEPD,REAS,1140,ups_dr,IT Power 2N + UPS Distributed Redundancy,0.0156742287569423,0.140930437287743,1.0,6.75
2026-08-03 03:00:00+00:00,2026-08-03 23:00:00+00:00,SEPD,REAS,1200,hvdc_2n,IT Power 2N + HVDC 2N,0.0154136406626954,0.0719356240937543,1.0,8.9
2026-08-03 03:00:00+00:00,2026-08-03 23:00:00+00:00,SEPD,REAS,1200,mains_2n,IT Power 2N + Direct Utility 2N,0.0154136406626954,0.20654744645289008,1.0,0.05
2026-08-03 03:00:00+00:00,2026-08-03 23:00:00+00:00,SEPD,REAS,1200,ups_2n,IT Power 2N + UPS 2N,0.0154136406626954,0.09840832614564911,1.0,9.0
2026-08-03 03:00:00+00:00,2026-08-03 23:00:00+00:00,SEPD,REAS,1200,ups_dr,IT Power 2N + UPS Distributed Redundancy,0.0154136406626954,0.14058375367267412,1.0,6.75
2026-07-30 22:00:00+00:00,2026-07-31 19:00:00+00:00,SEPD,REAS,1260,hvdc_2n,IT Power 2N + HVDC 2N,0.0185921290879305,0.07463363956200347,1.0,8.9
2026-07-30 22:00:00+00:00,2026-07-31 19:00:00+00:00,SEPD,REAS,1260,mains_2n,IT Power 2N + Direct Utility 2N,0.0185921290879305,0.2118051288783872,1.0,0.05
2026-07-30 22:00:00+00:00,2026-07-31 19:00:00+00:00,SEPD,REAS,1260,ups_2n,IT Power 2N + UPS 2N,0.0185921290879305,0.10184464861654025,1.0,9.0
2026-07-30 22:00:00+00:00,2026-07-31 19:00:00+00:00,SEPD,REAS,1260,ups_dr,IT Power 2N + UPS Distributed Redundancy,0.0185921290879305,0.1448613452224534,1.0,6.75
2026-08-02 10:00:00+00:00,2026-08-03 08:00:00+00:00,SEPD,REAS,1320,hvdc_2n,IT Power 2N + HVDC 2N,0.0177059057953651,0.07387216492889437,1.0,8.9
2026-08-02 10:00:00+00:00,2026-08-03 08:00:00+00:00,SEPD,REAS,1320,mains_2n,IT Power 2N + Direct Utility 2N,0.0177059057953651,0.21032941348886922,1.0,0.05
2026-08-02 10:00:00+00:00,2026-08-03 08:00:00+00:00,SEPD,REAS,1320,ups_2n,IT Power 2N + UPS 2N,0.0177059057953651,0.10087598056651409,1.0,9.0
2026-08-02 10:00:00+00:00,2026-08-03 08:00:00+00:00,SEPD,REAS,1320,ups_dr,IT Power 2N + UPS Distributed Redundancy,0.0177059057953651,0.14365791610246678,1.0,6.75
2026-08-01 23:00:00+00:00,2026-08-02 22:00:00+00:00,SEPD,REAS,1380,hvdc_2n,IT Power 2N + HVDC 2N,0.0176874613985906,0.07385639304520163,1.0,8.9
2026-08-01 23:00:00+00:00,2026-08-02 22:00:00+00:00,SEPD,REAS,1380,mains_2n,IT Power 2N + Direct Utility 2N,0.0176874613985906,0.21029878065154084,1.0,0.05
2026-08-01 23:00:00+00:00,2026-08-02 22:00:00+00:00,SEPD,REAS,1380,ups_2n,IT Power 2N + UPS 2N,0.0176874613985906,0.10085590745460242,1.0,9.0
2026-08-01 23:00:00+00:00,2026-08-02 22:00:00+00:00,SEPD,REAS,1380,ups_dr,IT Power 2N + UPS Distributed Redundancy,0.0176874613985906,0.1436329585155536,1.0,6.75
2026-08-02 18:00:00+00:00,2026-08-03 18:00:00+00:00,SEPD,REAS,1440,hvdc_2n,IT Power 2N + HVDC 2N,0.0224131131404902,0.07800002237473391,1.0,8.9
2026-08-02 18:00:00+00:00,2026-08-03 18:00:00+00:00,SEPD,REAS,1440,mains_2n,IT Power 2N + Direct Utility 2N,0.0224131131404902,0.2182542540259347,1.0,0.05
2026-08-02 18:00:00+00:00,2026-08-03 18:00:00+00:00,SEPD,REAS,1440,ups_2n,IT Power 2N + UPS 2N,0.0224131131404902,0.10611605076130995,1.0,9.0
2026-08-02 18:00:00+00:00,2026-08-03 18:00:00+00:00,SEPD,REAS,1440,ups_dr,IT Power 2N + UPS Distributed Redundancy,0.0224131131404902,0.15014608428416507,1.0,6.75
2026-08-02 22:00:00+00:00,2026-08-03 23:00:00+00:00,SEPD,REAS,1500,hvdc_2n,IT Power 2N + HVDC 2N,0.0221162213172162,0.07773354903100102,1.0,8.9
2026-08-02 22:00:00+00:00,2026-08-03 23:00:00+00:00,SEPD,REAS,1500,mains_2n,IT Power 2N + Direct Utility 2N,0.0221162213172162,0.21774812291287546,1.0,0.05
2026-08-02 22:00:00+00:00,2026-08-03 23:00:00+00:00,SEPD,REAS,1500,ups_2n,IT Power 2N + UPS 2N,0.0221162213172162,0.10577858304882642,1.0,9.0
2026-08-02 22:00:00+00:00,2026-08-03 23:00:00+00:00,SEPD,REAS,1500,ups_dr,IT Power 2N + UPS Distributed Redundancy,0.0221162213172162,0.14972983557085592,1.0,6.75
2026-07-28 01:00:00+00:00,2026-07-29 03:00:00+00:00,SEPD,REAS,1560,hvdc_2n,IT Power 2N + HVDC 2N,0.0486993565392337,0.10515095609284816,1.0,8.9
2026-07-28 01:00:00+00:00,2026-07-29 03:00:00+00:00,SEPD,REAS,1560,mains_2n,IT Power 2N + Direct Utility 2N,0.0486993565392337,0.266391899006162,1.0,0.05
2026-07-28 01:00:00+00:00,2026-07-29 03:00:00+00:00,SEPD,REAS,1560,ups_2n,IT Power 2N + UPS 2N,0.0486993565392337,0.13996174668731565,1.0,9.0
2026-07-28 01:00:00+00:00,2026-07-29 03:00:00+00:00,SEPD,REAS,1560,ups_dr,IT Power 2N + UPS Distributed Redundancy,0.0486993565392337,0.19087925880704326,1.0,6.75
2026-08-02 06:00:00+00:00,2026-08-03 09:00:00+00:00,SEPD,REAS,1620,hvdc_2n,IT Power 2N + HVDC 2N,0.0138641277885511,0.0706532111185887,1.0,8.9
2026-08-02 06:00:00+00:00,2026-08-03 09:00:00+00:00,SEPD,REAS,1620,mains_2n,IT Power 2N + Direct Utility 2N,0.0138641277885511,0.20401956307949373,1.0,0.05
2026-08-02 06:00:00+00:00,2026-08-03 09:00:00+00:00,SEPD,REAS,1620,ups_2n,IT Power 2N + UPS 2N,0.0138641277885511,0.09677085064203693,1.0,9.0
2026-08-02 06:00:00+00:00,2026-08-03 09:00:00+00:00,SEPD,REAS,1620,ups_dr,IT Power 2N + UPS Distributed Redundancy,0.0138641277885511,0.13853700888038561,1.0,6.75
2026-08-01 06:00:00+00:00,2026-08-02 10:00:00+00:00,SEPD,REAS,1680,hvdc_2n,IT Power 2N + HVDC 2N,0.0302263644644527,0.0853196050794974,1.0,8.9
2026-08-01 06:00:00+00:00,2026-08-02 10:00:00+00:00,SEPD,REAS,1680,mains_2n,IT Power 2N + Direct Utility 2N,0.0302263644644527,0.23187815104841197,1.0,0.05
2026-08-01 06:00:00+00:00,2026-08-02 10:00:00+00:00,SEPD,REAS,1680,ups_2n,IT Power 2N + UPS 2N,0.0302263644644527,0.11534361988105728,1.0,9.0
2026-08-01 06:00:00+00:00,2026-08-02 10:00:00+00:00,SEPD,REAS,1680,ups_dr,IT Power 2N + UPS Distributed Redundancy,0.0302263644644527,0.1614457654642879,1.0,6.75
2026-08-02 18:00:00+00:00,2026-08-03 23:00:00+00:00,SEPD,REAS,1740,hvdc_2n,IT Power 2N + HVDC 2N,0.0191371317626531,0.07510550223764005,1.0,8.9
2026-08-02 18:00:00+00:00,2026-08-03 23:00:00+00:00,SEPD,REAS,1740,mains_2n,IT Power 2N + Direct Utility 2N,0.0191371317626531,0.21271640565653502,1.0,0.05
2026-08-02 18:00:00+00:00,2026-08-03 23:00:00+00:00,SEPD,REAS,1740,ups_2n,IT Power 2N + UPS 2N,0.0191371317626531,0.10244444018888936,1.0,9.0
2026-08-02 18:00:00+00:00,2026-08-03 23:00:00+00:00,SEPD,REAS,1740,ups_dr,IT Power 2N + UPS Distributed Redundancy,0.0191371317626531,0.14560557097704127,1.0,6.75
2026-07-31 21:00:00+00:00,2026-08-02 03:00:00+00:00,SEPD,REAS,1800,hvdc_2n,IT Power 2N + HVDC 2N,0.0154952514415955,0.0720037589441931,1.0,8.9
2026-07-31 21:00:00+00:00,2026-08-02 03:00:00+00:00,SEPD,REAS,1800,mains_2n,IT Power 2N + Direct Utility 2N,0.0154952514415955,0.20668122679807396,1.0,0.05
2026-07-31 21:00:00+00:00,2026-08-02 03:00:00+00:00,SEPD,REAS,1800,ups_2n,IT Power 2N + UPS 2N,0.0154952514415955,0.09849525046703371,1.0,9.0
2026-07-31 21:00:00+00:00,2026-08-02 03:00:00+00:00,SEPD,REAS,1800,ups_dr,IT Power 2N + UPS Distributed Redundancy,0.0154952514415955,0.14069225099570126,1.0,6.75
2026-08-02 17:00:00+00:00,2026-08-04 00:00:00+00:00,SEPD,REAS,1860,hvdc_2n,IT Power 2N + HVDC 2N,0.0164764416790347,0.07282760278847912,1.0,8.9
2026-08-02 17:00:00+00:00,2026-08-04 00:00:00+00:00,SEPD,REAS,1860,mains_2n,IT Power 2N + Direct Utility 2N,0.0164764416790347,0.20829465704610323,1.0,0.05
2026-08-02 17:00:00+00:00,2026-08-04 00:00:00+00:00,SEPD,REAS,1860,ups_2n,IT Power 2N + UPS 2N,0.0164764416790347,0.09954568912625422,1.0,9.0
2026-08-02 17:00:00+00:00,2026-08-04 00:00:00+00:00,SEPD,REAS,1860,ups_dr,IT Power 2N + UPS Distributed Redundancy,0.0164764416790347,0.14200218092175976,1.0,6.75
2026-08-02 11:00:00+00:00,2026-08-03 19:00:00+00:00,SEPD,REAS,1920,hvdc_2n,IT Power 2N + HVDC 2N,0.0164196777524371,0.07277970589809216,1.0,8.9
2026-08-02 11:00:00+00:00,2026-08-03 19:00:00+00:00,SEPD,REAS,1920,mains_2n,IT Power 2N + Direct Utility 2N,0.0164196777524371,0.2082010642939842,1.0,0.05
2026-08-02 11:00:00+00:00,2026-08-03 19:00:00+00:00,SEPD,REAS,1920,ups_2n,IT Power 2N + UPS 2N,0.0164196777524371,0.0994846484482349,1.0,9.0
2026-08-02 11:00:00+00:00,2026-08-03 19:00:00+00:00,SEPD,REAS,1920,ups_dr,IT Power 2N + UPS Distributed Redundancy,0.0164196777524371,0.14192612216362602,1.0,6.75
2026-08-02 08:00:00+00:00,2026-08-03 17:00:00+00:00,SEPD,REAS,1980,hvdc_2n,IT Power 2N + HVDC 2N,0.0235214528630933,0.07900220786927993,1.0,8.9
2026-08-02 08:00:00+00:00,2026-08-03 17:00:00+00:00,SEPD,REAS,1980,mains_2n,IT Power 2N + Direct Utility 2N,0.0235214528630933,0.220151200060818,1.0,0.05
2026-08-02 08:00:00+00:00,2026-08-03 17:00:00+00:00,SEPD,REAS,1980,ups_2n,IT Power 2N + UPS 2N,0.0235214528630933,0.10738426037149255,1.0,9.0
2026-08-02 08:00:00+00:00,2026-08-03 17:00:00+00:00,SEPD,REAS,1980,ups_dr,IT Power 2N + UPS Distributed Redundancy,0.0235214528630933,0.15170842172779084,1.0,6.75
2026-08-02 16:00:00+00:00,2026-08-04 02:00:00+00:00,SEPD,REAS,2040,hvdc_2n,IT Power 2N + HVDC 2N,0.0146489771063266,0.07130010893854051,1.0,8.9
2026-08-02 16:00:00+00:00,2026-08-04 02:00:00+00:00,SEPD,REAS,2040,mains_2n,IT Power 2N + Direct Utility 2N,0.0146489771063266,0.2052970848144958,1.0,0.05
2026-08-02 16:00:00+00:00,2026-08-04 02:00:00+00:00,SEPD,REAS,2040,ups_2n,IT Power 2N + UPS 2N,0.0146489771063266,0.09759719157757463,1.0,9.0
2026-08-02 16:00:00+00:00,2026-08-04 02:00:00+00:00,SEPD,REAS,2040,ups_dr,IT Power 2N + UPS Distributed Redundancy,0.0146489771063266,0.13957056982162888,1.0,6.75
2026-07-29 02:00:00+00:00,2026-07-30 13:00:00+00:00,SEPD,REAS,2100,hvdc_2n,IT Power 2N + HVDC 2N,0.0270013215809219,0.08222570862727689,1.0,8.9
2026-07-29 02:00:00+00:00,2026-07-30 13:00:00+00:00,SEPD,REAS,2100,mains_2n,IT Power 2N + Direct Utility 2N,0.0270013215809219,0.22618373881462636,1.0,0.05
2026-07-29 02:00:00+00:00,2026-07-30 13:00:00+00:00,SEPD,REAS,2100,ups_2n,IT Power 2N + UPS 2N,0.0270013215809219,0.11145304218133362,1.0,9.0
2026-07-29 02:00:00+00:00,2026-07-30 13:00:00+00:00,SEPD,REAS,2100,ups_dr,IT Power 2N + UPS Distributed Redundancy,0.0270013215809219,0.15670054901201483,1.0,6.75
2026-08-02 06:00:00+00:00,2026-08-03 18:00:00+00:00,SEPD,REAS,2160,hvdc_2n,IT Power 2N + HVDC 2N,0.0142023734284409,0.07093133634023267,1.0,8.9
2026-08-02 06:00:00+00:00,2026-08-03 18:00:00+00:00,SEPD,REAS,2160,mains_2n,IT Power 2N + Direct Utility 2N,0.0142023734284409,0.20456940900048595,1.0,0.05
2026-08-02 06:00:00+00:00,2026-08-03 18:00:00+00:00,SEPD,REAS,2160,ups_2n,IT Power 2N + UPS 2N,0.0142023734284409,0.09712620917265168,1.0,9.0
2026-08-02 06:00:00+00:00,2026-08-03 18:00:00+00:00,SEPD,REAS,2160,ups_dr,IT Power 2N + UPS Distributed Redundancy,0.0142023734284409,0.1389816517128176,1.0,6.75
2026-08-02 02:00:00+00:00,2026-08-03 15:00:00+00:00,SEPD,REAS,2220,hvdc_2n,IT Power 2N + HVDC 2N,0.0151575762731854,0.07172222807859042,1.0,8.9
2026-08-02 02:00:00+00:00,2026-08-03 15:00:00+00:00,SEPD,REAS,2220,mains_2n,IT Power 2N + Direct Utility 2N,0.0151575762731854,0.20612810912550986,1.0,0.05
2026-08-02 02:00:00+00:00,2026-08-03 15:00:00+00:00,SEPD,REAS,2220,ups_2n,IT Power 2N + UPS 2N,0.0151575762731854,0.09813603329476418,1.0,9.0
2026-08-02 02:00:00+00:00,2026-08-03 15:00:00+00:00,SEPD,REAS,2220,ups_dr,IT Power 2N + UPS Distributed Redundancy,0.0151575762731854,0.1402437834857468,1.0,6.75
2026-08-02 08:00:00+00:00,2026-08-03 22:00:00+00:00,SEPD,REAS,2280,hvdc_2n,IT Power 2N + HVDC 2N,0.0221533482285577,0.07776682638981626,1.0,8.9
2026-08-02 08:00:00+00:00,2026-08-03 22:00:00+00:00,SEPD,REAS,2280,mains_2n,IT Power 2N + Direct Utility 2N,0.0221533482285577,0.2178113692476465,1.0,0.05
2026-08-02 08:00:00+00:00,2026-08-03 22:00:00+00:00,SEPD,REAS,2280,ups_2n,IT Power 2N + UPS 2N,0.0221533482285577,0.1058207322313538,1.0,9.0
2026-08-02 08:00:00+00:00,2026-08-03 22:00:00+00:00,SEPD,REAS,2280,ups_dr,IT Power 2N + UPS Distributed Redundancy,0.0221533482285577,0.14978183623826655,1.0,6.75
2026-08-01 03:00:00+00:00,2026-08-02 18:00:00+00:00,SEPD,REAS,2340,hvdc_2n,IT Power 2N + HVDC 2N,0.0276379748247311,0.0828282688993051,1.0,8.9
2026-08-01 03:00:00+00:00,2026-08-02 18:00:00+00:00,SEPD,REAS,2340,mains_2n,IT Power 2N + Direct Utility 2N,0.0276379748247311,0.2272999810891219,1.0,0.05
2026-08-01 03:00:00+00:00,2026-08-02 18:00:00+00:00,SEPD,REAS,2340,ups_2n,IT Power 2N + UPS 2N,0.0276379748247311,0.11221187392102289,1.0,9.0
2026-08-01 03:00:00+00:00,2026-08-02 18:00:00+00:00,SEPD,REAS,2340,ups_dr,IT Power 2N + UPS Distributed Redundancy,0.0276379748247311,0.15762821488758158,1.0,6.75
2026-08-02 10:00:00+00:00,2026-08-04 02:00:00+00:00,SEPD,REAS,2400,hvdc_2n,IT Power 2N + HVDC 2N,0.0144315858647398,0.07112038259357847,1.0,8.9
2026-08-02 10:00:00+00:00,2026-08-04 02:00:00+00:00,SEPD,REAS,2400,mains_2n,IT Power 2N + Direct Utility 2N,0.0144315858647398,0.20494263780594865,1.0,0.05
2026-08-02 10:00:00+00:00,2026-08-04 02:00:00+00:00,SEPD,REAS,2400,ups_2n,IT Power 2N + UPS 2N,0.0144315858647398,0.09736767971254578,1.0,9.0
2026-08-02 10:00:00+00:00,2026-08-04 02:00:00+00:00,SEPD,REAS,2400,ups_dr,IT Power 2N + UPS Distributed Redundancy,0.0144315858647398,0.13928364410569727,1.0,6.75
2026-08-01 14:00:00+00:00,2026-08-03 07:00:00+00:00,SEPD,REAS,2460,hvdc_2n,IT Power 2N + HVDC 2N,0.0159909221628445,0.07241886251667677,1.0,8.9
2026-08-01 14:00:00+00:00,2026-08-03 07:00:00+00:00,SEPD,REAS,2460,mains_2n,IT Power 2N + Direct Utility 2N,0.0159909221628445,0.20749513048602103,1.0,0.05
2026-08-01 14:00:00+00:00,2026-08-03 07:00:00+00:00,SEPD,REAS,2460,ups_2n,IT Power 2N + UPS 2N,0.0159909221628445,0.09902466388751925,1.0,9.0
2026-08-01 14:00:00+00:00,2026-08-03 07:00:00+00:00,SEPD,REAS,2460,ups_dr,IT Power 2N + UPS Distributed Redundancy,0.0159909221628445,0.1413527245495789,1.0,6.75
2026-08-01 11:00:00+00:00,2026-08-03 05:00:00+00:00,SEPD,REAS,2520,hvdc_2n,IT Power 2N + HVDC 2N,0.0154779281161764,0.07198929114696699,1.0,8.9
2026-08-01 11:00:00+00:00,2026-08-03 05:00:00+00:00,SEPD,REAS,2520,mains_2n,IT Power 2N + Direct Utility 2N,0.0154779281161764,0.20665282420720998,1.0,0.05
2026-08-01 11:00:00+00:00,2026-08-03 05:00:00+00:00,SEPD,REAS,2520,ups_2n,IT Power 2N + UPS 2N,0.0154779281161764,0.09847679353259983,1.0,9.0
2026-08-01 11:00:00+00:00,2026-08-03 05:00:00+00:00,SEPD,REAS,2520,ups_dr,IT Power 2N + UPS Distributed Redundancy,0.0154779281161764,0.14066921467481708,1.0,6.75
2026-08-02 01:00:00+00:00,2026-08-03 20:00:00+00:00,SEPD,REAS,2580,hvdc_2n,IT Power 2N + HVDC 2N,0.0140943953150524,0.07084244075401276,1.0,8.9
2026-08-02 01:00:00+00:00,2026-08-03 20:00:00+00:00,SEPD,REAS,2580,mains_2n,IT Power 2N + Direct Utility 2N,0.0140943953150524,0.2043937622358243,1.0,0.05
2026-08-02 01:00:00+00:00,2026-08-03 20:00:00+00:00,SEPD,REAS,2580,ups_2n,IT Power 2N + UPS 2N,0.0140943953150524,0.0970126417539744,1.0,9.0
2026-08-02 01:00:00+00:00,2026-08-03 20:00:00+00:00,SEPD,REAS,2580,ups_dr,IT Power 2N + UPS Distributed Redundancy,0.0140943953150524,0.13883957854714565,1.0,6.75
2026-08-02 05:00:00+00:00,2026-08-04 01:00:00+00:00,SEPD,REAS,2640,hvdc_2n,IT Power 2N + HVDC 2N,0.0124082935749523,0.06946760700270656,1.0,8.9
2026-08-02 05:00:00+00:00,2026-08-04 01:00:00+00:00,SEPD,REAS,2640,mains_2n,IT Power 2N + Direct Utility 2N,0.0124082935749523,0.20166553768626277,1.0,0.05
2026-08-02 05:00:00+00:00,2026-08-04 01:00:00+00:00,SEPD,REAS,2640,ups_2n,IT Power 2N + UPS 2N,0.0124082935749523,0.09525458226813971,1.0,9.0
2026-08-02 05:00:00+00:00,2026-08-04 01:00:00+00:00,SEPD,REAS,2640,ups_dr,IT Power 2N + UPS Distributed Redundancy,0.0124082935749523,0.1366368446840748,1.0,6.75
2026-07-30 21:00:00+00:00,2026-08-01 18:00:00+00:00,SEPD,REAS,2700,hvdc_2n,IT Power 2N + HVDC 2N,0.0214856798586798,0.07717037411264419,1.0,8.9
2026-07-30 21:00:00+00:00,2026-08-01 18:00:00+00:00,SEPD,REAS,2700,mains_2n,IT Power 2N + Direct Utility 2N,0.0214856798586798,0.21667600880468726,1.0,0.05
2026-07-30 21:00:00+00:00,2026-08-01 18:00:00+00:00,SEPD,REAS,2700,ups_2n,IT Power 2N + UPS 2N,0.0214856798586798,0.10506500394888853,1.0,9.0
2026-07-30 21:00:00+00:00,2026-08-01 18:00:00+00:00,SEPD,REAS,2700,ups_dr,IT Power 2N + UPS Distributed Redundancy,0.0214856798586798,0.1488489569649162,1.0,6.75
2026-07-31 18:00:00+00:00,2026-08-02 16:00:00+00:00,SEPD,REAS,2760,hvdc_2n,IT Power 2N + HVDC 2N,0.0203387580451422,0.076155566162469,1.0,8.9
2026-07-31 18:00:00+00:00,2026-08-02 16:00:00+00:00,SEPD,REAS,2760,mains_2n,IT Power 2N + Direct Utility 2N,0.0203387580451422,0.21473569323396716,1.0,0.05
2026-07-31 18:00:00+00:00,2026-08-02 16:00:00+00:00,SEPD,REAS,2760,ups_2n,IT Power 2N + UPS 2N,0.0203387580451422,0.10377792972925991,1.0,9.0
2026-07-31 18:00:00+00:00,2026-08-02 16:00:00+00:00,SEPD,REAS,2760,ups_dr,IT Power 2N + UPS Distributed Redundancy,0.0203387580451422,0.14725765190052145,1.0,6.75
2026-07-31 19:00:00+00:00,2026-08-02 18:00:00+00:00,SEPD,REAS,2820,hvdc_2n,IT Power 2N + HVDC 2N,0.0211041408510545,0.07683141652060638,1.0,8.9
2026-07-31 19:00:00+00:00,2026-08-02 18:00:00+00:00,SEPD,REAS,2820,mains_2n,IT Power 2N + Direct Utility 2N,0.0211041408510545,0.21602913217731393,1.0,0.05
2026-07-31 19:00:00+00:00,2026-08-02 18:00:00+00:00,SEPD,REAS,2820,ups_2n,IT Power 2N + UPS 2N,0.0211041408510545,0.10463528507786926,1.0,9.0
2026-07-31 19:00:00+00:00,2026-08-02 18:00:00+00:00,SEPD,REAS,2820,ups_dr,IT Power 2N + UPS Distributed Redundancy,0.0211041408510545,0.14831801891191937,1.0,6.75
2026-08-02 00:00:00+00:00,2026-08-04 00:00:00+00:00,SEPD,REAS,2880,hvdc_2n,IT Power 2N + HVDC 2N,0.0147984199935831,0.07142390267124428,1.0,8.9
2026-08-02 00:00:00+00:00,2026-08-04 00:00:00+00:00,SEPD,REAS,2880,mains_2n,IT Power 2N + Direct Utility 2N,0.0147984199935831,0.20554100855333618,1.0,0.05
2026-08-02 00:00:00+00:00,2026-08-04 00:00:00+00:00,SEPD,REAS,2880,ups_2n,IT Power 2N + UPS 2N,0.0147984199935831,0.09775524636438407,1.0,9.0
2026-08-02 00:00:00+00:00,2026-08-04 00:00:00+00:00,SEPD,REAS,2880,ups_dr,IT Power 2N + UPS Distributed Redundancy,0.0147984199935831,0.13976810040244117,1.0,6.75
2026-08-02 16:00:00+00:00,2026-08-02 17:00:00+00:00,SEPD,SALI,60,hvdc_2n,IT Power 2N + HVDC 2N,0.0084440495664099,0.0663319441918394,1.0,8.9
2026-08-02 16:00:00+00:00,2026-08-02 17:00:00+00:00,SEPD,SALI,60,mains_2n,IT Power 2N + Direct Utility 2N,0.0084440495664099,0.1953586572051562,1.0,0.05
2026-08-02 16:00:00+00:00,2026-08-02 17:00:00+00:00,SEPD,SALI,60,ups_2n,IT Power 2N + UPS 2N,0.0084440495664099,0.09123305445071574,1.0,9.0
2026-08-02 16:00:00+00:00,2026-08-02 17:00:00+00:00,SEPD,SALI,60,ups_dr,IT Power 2N + UPS Distributed Redundancy,0.0084440495664099,0.13157371342169127,1.0,6.75
2026-08-03 20:00:00+00:00,2026-08-03 22:00:00+00:00,SEPD,SALI,120,hvdc_2n,IT Power 2N + HVDC 2N,0.0068809684905879,0.06513208945220784,1.0,8.9
2026-08-03 20:00:00+00:00,2026-08-03 22:00:00+00:00,SEPD,SALI,120,mains_2n,IT Power 2N + Direct Utility 2N,0.0068809684905879,0.19291328710404954,1.0,0.05
2026-08-03 20:00:00+00:00,2026-08-03 22:00:00+00:00,SEPD,SALI,120,ups_2n,IT Power 2N + UPS 2N,0.0068809684905879,0.08968979936384372,1.0,9.0
2026-08-03 20:00:00+00:00,2026-08-03 22:00:00+00:00,SEPD,SALI,120,ups_dr,IT Power 2N + UPS Distributed Redundancy,0.0068809684905879,0.12962151835413677,1.0,6.75
2026-08-03 20:00:00+00:00,2026-08-03 23:00:00+00:00,SEPD,SALI,180,hvdc_2n,IT Power 2N + HVDC 2N,0.008116481993467,0.06607880753126272,1.0,8.9
2026-08-03 20:00:00+00:00,2026-08-03 23:00:00+00:00,SEPD,SALI,180,mains_2n,IT Power 2N + Direct Utility 2N,0.008116481993467,0.1948442555582102,1.0,0.05
2026-08-03 20:00:00+00:00,2026-08-03 23:00:00+00:00,SEPD,SALI,180,ups_2n,IT Power 2N + UPS 2N,0.008116481993467,0.09090767578806569,1.0,9.0
2026-08-03 20:00:00+00:00,2026-08-03 23:00:00+00:00,SEPD,SALI,180,ups_dr,IT Power 2N + UPS Distributed Redundancy,0.008116481993467,0.13116254566056929,1.0,6.75
2026-08-01 23:00:00+00:00,2026-08-02 03:00:00+00:00,SEPD,SALI,240,hvdc_2n,IT Power 2N + HVDC 2N,0.0075016014536695,0.065606064600485,1.0,8.9
2026-08-01 23:00:00+00:00,2026-08-02 03:00:00+00:00,SEPD,SALI,240,mains_2n,IT Power 2N + Direct Utility 2N,0.0075016014536695,0.19388144074639332,1.0,0.05
2026-08-01 23:00:00+00:00,2026-08-02 03:00:00+00:00,SEPD,SALI,240,ups_2n,IT Power 2N + UPS 2N,0.0075016014536695,0.09029972332056195,1.0,9.0
2026-08-01 23:00:00+00:00,2026-08-02 03:00:00+00:00,SEPD,SALI,240,ups_dr,IT Power 2N + UPS Distributed Redundancy,0.0075016014536695,0.130393684243085,1.0,6.75
2026-08-03 17:00:00+00:00,2026-08-03 22:00:00+00:00,SEPD,SALI,300,hvdc_2n,IT Power 2N + HVDC 2N,0.0115576360898927,0.0687833947250014,1.0,8.9
2026-08-03 17:00:00+00:00,2026-08-03 22:00:00+00:00,SEPD,SALI,300,mains_2n,IT Power 2N + Direct Utility 2N,0.0115576360898927,0.20029948351079083,1.0,0.05
2026-08-03 17:00:00+00:00,2026-08-03 22:00:00+00:00,SEPD,SALI,300,ups_2n,IT Power 2N + UPS 2N,0.0115576360898927,0.09437848191751472,1.0,9.0
2026-08-03 17:00:00+00:00,2026-08-03 22:00:00+00:00,SEPD,SALI,300,ups_dr,IT Power 2N + UPS Distributed Redundancy,0.0115576360898927,0.13553674646485928,1.0,6.75
2026-08-02 19:00:00+00:00,2026-08-03 01:00:00+00:00,SEPD,SALI,360,hvdc_2n,IT Power 2N + HVDC 2N,0.0114984673219699,0.0687360361802609,1.0,8.9
2026-08-02 19:00:00+00:00,2026-08-03 01:00:00+00:00,SEPD,SALI,360,mains_2n,IT Power 2N + Direct Utility 2N,0.0114984673219699,0.2002047240211408,1.0,0.05
2026-08-02 19:00:00+00:00,2026-08-03 01:00:00+00:00,SEPD,SALI,360,ups_2n,IT Power 2N + UPS 2N,0.0114984673219699,0.09431781269703957,1.0,9.0
2026-08-02 19:00:00+00:00,2026-08-03 01:00:00+00:00,SEPD,SALI,360,ups_dr,IT Power 2N + UPS Distributed Redundancy,0.0114984673219699,0.13546050595692866,1.0,6.75
2026-08-03 17:00:00+00:00,2026-08-04 00:00:00+00:00,SEPD,SALI,420,hvdc_2n,IT Power 2N + HVDC 2N,0.0145045640293112,0.07118066996955731,1.0,8.9
2026-08-03 17:00:00+00:00,2026-08-04 00:00:00+00:00,SEPD,SALI,420,mains_2n,IT Power 2N + Direct Utility 2N,0.0145045640293112,0.20506157487388713,1.0,0.05
2026-08-03 17:00:00+00:00,2026-08-04 00:00:00+00:00,SEPD,SALI,420,ups_2n,IT Power 2N + UPS 2N,0.0145045640293112,0.09744467302688167,1.0,9.0
2026-08-03 17:00:00+00:00,2026-08-04 00:00:00+00:00,SEPD,SALI,420,ups_dr,IT Power 2N + UPS Distributed Redundancy,0.0145045640293112,0.13937990980081932,1.0,6.75
2026-08-03 09:00:00+00:00,2026-08-03 17:00:00+00:00,SEPD,SALI,480,hvdc_2n,IT Power 2N + HVDC 2N,0.0179836646297079,0.07411005276712733,1.0,8.9
2026-08-03 09:00:00+00:00,2026-08-03 17:00:00+00:00,SEPD,SALI,480,mains_2n,IT Power 2N + Direct Utility 2N,0.0179836646297079,0.2107911169623277,1.0,0.05
2026-08-03 09:00:00+00:00,2026-08-03 17:00:00+00:00,SEPD,SALI,480,ups_2n,IT Power 2N + UPS 2N,0.0179836646297079,0.10117869576748689,1.0,9.0
2026-08-03 09:00:00+00:00,2026-08-03 17:00:00+00:00,SEPD,SALI,480,ups_dr,IT Power 2N + UPS Distributed Redundancy,0.0179836646297079,0.14403419526844075,1.0,6.75
2026-08-03 06:00:00+00:00,2026-08-03 15:00:00+00:00,SEPD,SALI,540,hvdc_2n,IT Power 2N + HVDC 2N,0.0172368193349027,0.0734720086427139,1.0,8.9
2026-08-03 06:00:00+00:00,2026-08-03 15:00:00+00:00,SEPD,SALI,540,mains_2n,IT Power 2N + Direct Utility 2N,0.0172368193349027,0.20955136197160165,1.0,0.05
2026-08-03 06:00:00+00:00,2026-08-03 15:00:00+00:00,SEPD,SALI,540,ups_2n,IT Power 2N + UPS 2N,0.0172368193349027,0.10036657259051193,1.0,9.0
2026-08-03 06:00:00+00:00,2026-08-03 15:00:00+00:00,SEPD,SALI,540,ups_dr,IT Power 2N + UPS Distributed Redundancy,0.0172368193349027,0.14302430370898703,1.0,6.75
2026-08-03 06:00:00+00:00,2026-08-03 16:00:00+00:00,SEPD,SALI,600,hvdc_2n,IT Power 2N + HVDC 2N,0.0171615329629165,0.0734079714156007,1.0,8.9
2026-08-03 06:00:00+00:00,2026-08-03 16:00:00+00:00,SEPD,SALI,600,mains_2n,IT Power 2N + Direct Utility 2N,0.0171615329629165,0.2094266852034597,1.0,0.05
2026-08-03 06:00:00+00:00,2026-08-03 16:00:00+00:00,SEPD,SALI,600,ups_2n,IT Power 2N + UPS 2N,0.0171615329629165,0.10028502793683684,1.0,9.0
2026-08-03 06:00:00+00:00,2026-08-03 16:00:00+00:00,SEPD,SALI,600,ups_dr,IT Power 2N + UPS Distributed Redundancy,0.0171615329629165,0.1429228287216021,1.0,6.75
2026-08-03 15:00:00+00:00,2026-08-04 02:00:00+00:00,SEPD,SALI,660,hvdc_2n,IT Power 2N + HVDC 2N,0.0155892469991691,0.07208230730515003,1.0,8.9
2026-08-03 15:00:00+00:00,2026-08-04 02:00:00+00:00,SEPD,SALI,660,mains_2n,IT Power 2N + Direct Utility 2N,0.0155892469991691,0.2068353882575237,1.0,0.05
2026-08-03 15:00:00+00:00,2026-08-04 02:00:00+00:00,SEPD,SALI,660,ups_2n,IT Power 2N + UPS 2N,0.0155892469991691,0.09859545066106601,1.0,9.0
2026-08-03 15:00:00+00:00,2026-08-04 02:00:00+00:00,SEPD,SALI,660,ups_dr,IT Power 2N + UPS Distributed Redundancy,0.0155892469991691,0.14081730000473425,1.0,6.75
2026-08-03 06:00:00+00:00,2026-08-03 18:00:00+00:00,SEPD,SALI,720,hvdc_2n,IT Power 2N + HVDC 2N,0.0168013396633531,0.07310230808167438,1.0,8.9
2026-08-03 06:00:00+00:00,2026-08-03 18:00:00+00:00,SEPD,SALI,720,mains_2n,IT Power 2N + Direct Utility 2N,0.0168013396633531,0.20883094758579795,1.0,0.05
2026-08-03 06:00:00+00:00,2026-08-03 18:00:00+00:00,SEPD,SALI,720,ups_2n,IT Power 2N + UPS 2N,0.0168013396633531,0.09989570717298069,1.0,9.0
2026-08-03 06:00:00+00:00,2026-08-03 18:00:00+00:00,SEPD,SALI,720,ups_dr,IT Power 2N + UPS Distributed Redundancy,0.0168013396633531,0.14243817084057278,1.0,6.75
2026-08-03 03:00:00+00:00,2026-08-03 16:00:00+00:00,SEPD,SALI,780,hvdc_2n,IT Power 2N + HVDC 2N,0.0162100370015709,0.07260306439149049,1.0,8.9
2026-08-03 03:00:00+00:00,2026-08-03 16:00:00+00:00,SEPD,SALI,780,mains_2n,IT Power 2N + Direct Utility 2N,0.0162100370015709,0.20785567583877046,1.0,0.05
2026-08-03 03:00:00+00:00,2026-08-03 16:00:00+00:00,SEPD,SALI,780,ups_2n,IT Power 2N + UPS 2N,0.0162100370015709,0.09925950124759367,1.0,9.0
2026-08-03 03:00:00+00:00,2026-08-03 16:00:00+00:00,SEPD,SALI,780,ups_dr,IT Power 2N + UPS Distributed Redundancy,0.0162100370015709,0.14164551629303804,1.0,6.75
2026-08-01 19:00:00+00:00,2026-08-02 09:00:00+00:00,SEPD,SALI,840,hvdc_2n,IT Power 2N + HVDC 2N,0.0173876216226433,0.07360043305667903,1.0,8.9
2026-08-01 19:00:00+00:00,2026-08-02 09:00:00+00:00,SEPD,SALI,840,mains_2n,IT Power 2N + Direct Utility 2N,0.0173876216226433,0.20980125966934687,1.0,0.05
2026-08-01 19:00:00+00:00,2026-08-02 09:00:00+00:00,SEPD,SALI,840,ups_2n,IT Power 2N + UPS 2N,0.0173876216226433,0.10053008771345105,1.0,9.0
2026-08-01 19:00:00+00:00,2026-08-02 09:00:00+00:00,SEPD,SALI,840,ups_dr,IT Power 2N + UPS Distributed Redundancy,0.0173876216226433,0.1432277435985315,1.0,6.75
2026-08-03 01:00:00+00:00,2026-08-03 16:00:00+00:00,SEPD,SALI,900,hvdc_2n,IT Power 2N + HVDC 2N,0.0174752714126994,0.07367517123374644,1.0,8.9
2026-08-03 01:00:00+00:00,2026-08-03 16:00:00+00:00,SEPD,SALI,900,mains_2n,IT Power 2N + Direct Utility 2N,0.0174752714126994,0.20994660656397587,1.0,0.05
2026-08-03 01:00:00+00:00,2026-08-03 16:00:00+00:00,SEPD,SALI,900,ups_2n,IT Power 2N + UPS 2N,0.0174752714126994,0.10062523519563335,1.0,9.0
2026-08-03 01:00:00+00:00,2026-08-03 16:00:00+00:00,SEPD,SALI,900,ups_dr,IT Power 2N + UPS Distributed Redundancy,0.0174752714126994,0.1433460982937959,1.0,6.75
2026-08-03 10:00:00+00:00,2026-08-04 02:00:00+00:00,SEPD,SALI,960,hvdc_2n,IT Power 2N + HVDC 2N,0.0164445607182112,0.07280069834627839,1.0,8.9
2026-08-03 10:00:00+00:00,2026-08-04 02:00:00+00:00,SEPD,SALI,960,mains_2n,IT Power 2N + Direct Utility 2N,0.0164445607182112,0.20824208768280988,1.0,0.05
2026-08-03 10:00:00+00:00,2026-08-04 02:00:00+00:00,SEPD,SALI,960,ups_2n,IT Power 2N + UPS 2N,0.0164445607182112,0.09951140206593057,1.0,9.0
2026-08-03 10:00:00+00:00,2026-08-04 02:00:00+00:00,SEPD,SALI,960,ups_dr,IT Power 2N + UPS Distributed Redundancy,0.0164445607182112,0.14195945900199589,1.0,6.75
2026-07-31 06:00:00+00:00,2026-07-31 23:00:00+00:00,SEPD,SALI,1020,hvdc_2n,IT Power 2N + HVDC 2N,0.0156819112429595,0.07215982049341363,1.0,8.9
2026-07-31 06:00:00+00:00,2026-07-31 23:00:00+00:00,SEPD,SALI,1020,mains_2n,IT Power 2N + Direct Utility 2N,0.0156819112429595,0.2069874494268797,1.0,0.05
2026-07-31 06:00:00+00:00,2026-07-31 23:00:00+00:00,SEPD,SALI,1020,ups_2n,IT Power 2N + UPS 2N,0.0156819112429595,0.09869432051667763,1.0,9.0
2026-07-31 06:00:00+00:00,2026-07-31 23:00:00+00:00,SEPD,SALI,1020,ups_dr,IT Power 2N + UPS Distributed Redundancy,0.0156819112429595,0.1409406688222507,1.0,6.75
2026-08-01 18:00:00+00:00,2026-08-02 12:00:00+00:00,SEPD,SALI,1080,hvdc_2n,IT Power 2N + HVDC 2N,0.0200519008099293,0.07590367303363861,1.0,8.9
2026-08-01 18:00:00+00:00,2026-08-02 12:00:00+00:00,SEPD,SALI,1080,mains_2n,IT Power 2N + Direct Utility 2N,0.0200519008099293,0.21425237812878795,1.0,0.05
2026-08-01 18:00:00+00:00,2026-08-02 12:00:00+00:00,SEPD,SALI,1080,ups_2n,IT Power 2N + UPS 2N,0.0200519008099293,0.10345820566252613,1.0,9.0
2026-08-01 18:00:00+00:00,2026-08-02 12:00:00+00:00,SEPD,SALI,1080,ups_dr,IT Power 2N + UPS Distributed Redundancy,0.0200519008099293,0.1468618565287734,1.0,6.75
2026-08-01 07:00:00+00:00,2026-08-02 02:00:00+00:00,SEPD,SALI,1140,hvdc_2n,IT Power 2N + HVDC 2N,0.0431545287893156,0.09880545051094951,1.0,8.9
2026-08-01 07:00:00+00:00,2026-08-02 02:00:00+00:00,SEPD,SALI,1140,mains_2n,IT Power 2N + Direct Utility 2N,0.0431545287893156,0.25569706625937666,1.0,0.05
2026-08-01 07:00:00+00:00,2026-08-02 02:00:00+00:00,SEPD,SALI,1140,ups_2n,IT Power 2N + UPS 2N,0.0431545287893156,0.1321426135796225,1.0,9.0
2026-08-01 07:00:00+00:00,2026-08-02 02:00:00+00:00,SEPD,SALI,1140,ups_dr,IT Power 2N + UPS Distributed Redundancy,0.0431545287893156,0.1816363504555796,1.0,6.75
2026-08-03 06:00:00+00:00,2026-08-04 02:00:00+00:00,SEPD,SALI,1200,hvdc_2n,IT Power 2N + HVDC 2N,0.0143553136287531,0.07105742437496583,1.0,8.9
2026-08-03 06:00:00+00:00,2026-08-04 02:00:00+00:00,SEPD,SALI,1200,mains_2n,IT Power 2N + Direct Utility 2N,0.0143553136287531,0.2048183869134968,1.0,0.05
2026-08-03 06:00:00+00:00,2026-08-04 02:00:00+00:00,SEPD,SALI,1200,ups_2n,IT Power 2N + UPS 2N,0.0143553136287531,0.09728726909823668,1.0,9.0
2026-08-03 06:00:00+00:00,2026-08-04 02:00:00+00:00,SEPD,SALI,1200,ups_dr,IT Power 2N + UPS Distributed Redundancy,0.0143553136287531,0.1391830927570463,1.0,6.75
2026-08-03 05:00:00+00:00,2026-08-04 02:00:00+00:00,SEPD,SALI,1260,hvdc_2n,IT Power 2N + HVDC 2N,0.0130338671955848,0.06997478993013118,1.0,8.9
2026-08-03 05:00:00+00:00,2026-08-04 02:00:00+00:00,SEPD,SALI,1260,mains_2n,IT Power 2N + Direct Utility 2N,0.0130338671955848,0.20267456949154047,1.0,0.05
2026-08-03 05:00:00+00:00,2026-08-04 02:00:00+00:00,SEPD,SALI,1260,ups_2n,IT Power 2N + UPS 2N,0.0130338671955848,0.09590350271007321,1.0,9.0
2026-08-03 05:00:00+00:00,2026-08-04 02:00:00+00:00,SEPD,SALI,1260,ups_dr,IT Power 2N + UPS Distributed Redundancy,0.0130338671955848,0.13745064528364145,1.0,6.75
2026-08-02 13:00:00+00:00,2026-08-03 11:00:00+00:00,SEPD,SALI,1320,hvdc_2n,IT Power 2N + HVDC 2N,0.0189708988533729,0.07496128819657065,1.0,8.9
2026-08-02 13:00:00+00:00,2026-08-03 11:00:00+00:00,SEPD,SALI,1320,mains_2n,IT Power 2N + Direct Utility 2N,0.0189708988533729,0.21243815144836614,1.0,0.05
2026-08-02 13:00:00+00:00,2026-08-03 11:00:00+00:00,SEPD,SALI,1320,ups_2n,IT Power 2N + UPS 2N,0.0189708988533729,0.10226116504648494,1.0,9.0
2026-08-02 13:00:00+00:00,2026-08-03 11:00:00+00:00,SEPD,SALI,1320,ups_dr,IT Power 2N + UPS Distributed Redundancy,0.0189708988533729,0.14537823685647175,1.0,6.75
2026-08-02 19:00:00+00:00,2026-08-03 18:00:00+00:00,SEPD,SALI,1380,hvdc_2n,IT Power 2N + HVDC 2N,0.0197714457067738,0.07565814123554328,1.0,8.9
2026-08-02 19:00:00+00:00,2026-08-03 18:00:00+00:00,SEPD,SALI,1380,mains_2n,IT Power 2N + Direct Utility 2N,0.0197714457067738,0.21378061511708016,1.0,0.05
2026-08-02 19:00:00+00:00,2026-08-03 18:00:00+00:00,SEPD,SALI,1380,ups_2n,IT Power 2N + UPS 2N,0.0197714457067738,0.10314645996683619,1.0,9.0
2026-08-02 19:00:00+00:00,2026-08-03 18:00:00+00:00,SEPD,SALI,1380,ups_dr,IT Power 2N + UPS Distributed Redundancy,0.0197714457067738,0.14647574640933164,1.0,6.75
2026-08-02 13:00:00+00:00,2026-08-03 13:00:00+00:00,SEPD,SALI,1440,hvdc_2n,IT Power 2N + HVDC 2N,0.0188193887654373,0.07483006853028476,1.0,8.9
2026-08-02 13:00:00+00:00,2026-08-03 13:00:00+00:00,SEPD,SALI,1440,mains_2n,IT Power 2N + Direct Utility 2N,0.0188193887654373,0.21218477311445144,1.0,0.05
2026-08-02 13:00:00+00:00,2026-08-03 13:00:00+00:00,SEPD,SALI,1440,ups_2n,IT Power 2N + UPS 2N,0.0188193887654373,0.10209437524777965,1.0,9.0
2026-08-02 13:00:00+00:00,2026-08-03 13:00:00+00:00,SEPD,SALI,1440,ups_dr,IT Power 2N + UPS Distributed Redundancy,0.0188193887654373,0.14517129378958163,1.0,6.75
2026-08-01 16:00:00+00:00,2026-08-02 17:00:00+00:00,SEPD,SALI,1500,hvdc_2n,IT Power 2N + HVDC 2N,0.0176759489080611,0.07384655023539546,1.0,8.9
2026-08-01 16:00:00+00:00,2026-08-02 17:00:00+00:00,SEPD,SALI,1500,mains_2n,IT Power 2N + Direct Utility 2N,0.0176759489080611,0.21027966212737376,1.0,0.05
2026-08-01 16:00:00+00:00,2026-08-02 17:00:00+00:00,SEPD,SALI,1500,ups_2n,IT Power 2N + UPS 2N,0.0176759489080611,0.10084338016201831,1.0,9.0
2026-08-01 16:00:00+00:00,2026-08-02 17:00:00+00:00,SEPD,SALI,1500,ups_dr,IT Power 2N + UPS Distributed Redundancy,0.0176759489080611,0.14361738249821082,1.0,6.75
2026-08-01 03:00:00+00:00,2026-08-02 05:00:00+00:00,SEPD,SALI,1560,hvdc_2n,IT Power 2N + HVDC 2N,0.0456144700428455,0.1015774333115361,1.0,8.9
2026-08-01 03:00:00+00:00,2026-08-02 05:00:00+00:00,SEPD,SALI,1560,mains_2n,IT Power 2N + Direct Utility 2N,0.0456144700428455,0.2604067965478138,1.0,0.05
2026-08-01 03:00:00+00:00,2026-08-02 05:00:00+00:00,SEPD,SALI,1560,ups_2n,IT Power 2N + UPS 2N,0.0456144700428455,0.135564827119259,1.0,9.0
2026-08-01 03:00:00+00:00,2026-08-02 05:00:00+00:00,SEPD,SALI,1560,ups_dr,IT Power 2N + UPS Distributed Redundancy,0.0456144700428455,0.1856932786530527,1.0,6.75
2026-07-31 05:00:00+00:00,2026-08-01 08:00:00+00:00,SEPD,SALI,1620,hvdc_2n,IT Power 2N + HVDC 2N,0.0164507880853704,0.07280595292095289,1.0,8.9
2026-07-31 05:00:00+00:00,2026-08-01 08:00:00+00:00,SEPD,SALI,1620,mains_2n,IT Power 2N + Direct Utility 2N,0.0164507880853704,0.2082523553854748,1.0,0.05
2026-07-31 05:00:00+00:00,2026-08-01 08:00:00+00:00,SEPD,SALI,1620,ups_2n,IT Power 2N + UPS 2N,0.0164507880853704,0.09951809859531668,1.0,9.0
2026-07-31 05:00:00+00:00,2026-08-01 08:00:00+00:00,SEPD,SALI,1620,ups_dr,IT Power 2N + UPS Distributed Redundancy,0.0164507880853704,0.14196780311068224,1.0,6.75
2026-08-02 01:00:00+00:00,2026-08-03 05:00:00+00:00,SEPD,SALI,1680,hvdc_2n,IT Power 2N + HVDC 2N,0.0109943192141799,0.06833374056867458,1.0,8.9
2026-08-02 01:00:00+00:00,2026-08-03 05:00:00+00:00,SEPD,SALI,1680,mains_2n,IT Power 2N + Direct Utility 2N,0.0109943192141799,0.19939868795258367,1.0,0.05
2026-08-02 01:00:00+00:00,2026-08-03 05:00:00+00:00,SEPD,SALI,1680,ups_2n,IT Power 2N + UPS 2N,0.0109943192141799,0.09380229564455053,1.0,9.0
2026-08-02 01:00:00+00:00,2026-08-03 05:00:00+00:00,SEPD,SALI,1680,ups_dr,IT Power 2N + UPS Distributed Redundancy,0.0109943192141799,0.13481236395975343,1.0,6.75
2026-08-01 01:00:00+00:00,2026-08-02 06:00:00+00:00,SEPD,SALI,1740,hvdc_2n,IT Power 2N + HVDC 2N,0.013915047841665,0.07069501602484535,1.0,8.9
2026-08-01 01:00:00+00:00,2026-08-02 06:00:00+00:00,SEPD,SALI,1740,mains_2n,IT Power 2N + Direct Utility 2N,0.013915047841665,0.2041022674584442,1.0,0.05
2026-08-01 01:00:00+00:00,2026-08-02 06:00:00+00:00,SEPD,SALI,1740,ups_2n,IT Power 2N + UPS 2N,0.013915047841665,0.09682427257558171,1.0,9.0
2026-08-01 01:00:00+00:00,2026-08-02 06:00:00+00:00,SEPD,SALI,1740,ups_dr,IT Power 2N + UPS Distributed Redundancy,0.013915047841665,0.13860386972993313,1.0,6.75
2026-08-02 12:00:00+00:00,2026-08-03 18:00:00+00:00,SEPD,SALI,1800,hvdc_2n,IT Power 2N + HVDC 2N,0.0192040717592478,0.075163647462773,1.0,8.9
2026-08-02 12:00:00+00:00,2026-08-03 18:00:00+00:00,SEPD,SALI,1800,mains_2n,IT Power 2N + Direct Utility 2N,0.0192040717592478,0.21282853037960514,1.0,0.05
2026-08-02 12:00:00+00:00,2026-08-03 18:00:00+00:00,SEPD,SALI,1800,ups_2n,IT Power 2N + UPS 2N,0.0192040717592478,0.1025183250322693,1.0,9.0
2026-08-02 12:00:00+00:00,2026-08-03 18:00:00+00:00,SEPD,SALI,1800,ups_dr,IT Power 2N + UPS Distributed Redundancy,0.0192040717592478,0.1456971989538266,1.0,6.75
2026-08-02 19:00:00+00:00,2026-08-04 02:00:00+00:00,SEPD,SALI,1860,hvdc_2n,IT Power 2N + HVDC 2N,0.0173047256264855,0.07352981262014043,1.0,8.9
2026-08-02 19:00:00+00:00,2026-08-04 02:00:00+00:00,SEPD,SALI,1860,mains_2n,IT Power 2N + Direct Utility 2N,0.0173047256264855,0.20966386385840888,1.0,0.05
2026-08-02 19:00:00+00:00,2026-08-04 02:00:00+00:00,SEPD,SALI,1860,ups_2n,IT Power 2N + UPS 2N,0.0173047256264855,0.10044017420914406,1.0,9.0
2026-08-02 19:00:00+00:00,2026-08-04 02:00:00+00:00,SEPD,SALI,1860,ups_dr,IT Power 2N + UPS Distributed Redundancy,0.0173047256264855,0.1431158829092486,1.0,6.75
2026-07-31 01:00:00+00:00,2026-08-01 09:00:00+00:00,SEPD,SALI,1920,hvdc_2n,IT Power 2N + HVDC 2N,0.0188438016782488,0.0748511977575108,1.0,8.9
2026-07-31 01:00:00+00:00,2026-08-01 09:00:00+00:00,SEPD,SALI,1920,mains_2n,IT Power 2N + Direct Utility 2N,0.0188438016782488,0.21222558519165902,1.0,0.05
2026-07-31 01:00:00+00:00,2026-08-01 09:00:00+00:00,SEPD,SALI,1920,ups_2n,IT Power 2N + UPS 2N,0.0188438016782488,0.10212123388535624,1.0,9.0
2026-07-31 01:00:00+00:00,2026-08-01 09:00:00+00:00,SEPD,SALI,1920,ups_dr,IT Power 2N + UPS Distributed Redundancy,0.0188438016782488,0.14520462211646742,1.0,6.75
2026-07-29 15:00:00+00:00,2026-07-31 00:00:00+00:00,SEPD,SALI,1980,hvdc_2n,IT Power 2N + HVDC 2N,0.0436830500960323,0.09939527528958533,1.0,8.9
2026-07-29 15:00:00+00:00,2026-07-31 00:00:00+00:00,SEPD,SALI,1980,mains_2n,IT Power 2N + Direct Utility 2N,0.0436830500960323,0.2567042253665274,1.0,0.05
2026-07-29 15:00:00+00:00,2026-07-31 00:00:00+00:00,SEPD,SALI,1980,ups_2n,IT Power 2N + UPS 2N,0.0436830500960323,0.13287164786995276,1.0,9.0
2026-07-29 15:00:00+00:00,2026-07-31 00:00:00+00:00,SEPD,SALI,1980,ups_dr,IT Power 2N + UPS Distributed Redundancy,0.0436830500960323,0.18250213061654394,1.0,6.75
2026-08-02 01:00:00+00:00,2026-08-03 11:00:00+00:00,SEPD,SALI,2040,hvdc_2n,IT Power 2N + HVDC 2N,0.015470331065545,0.07198294721865173,1.0,8.9
2026-08-02 01:00:00+00:00,2026-08-03 11:00:00+00:00,SEPD,SALI,2040,mains_2n,IT Power 2N + Direct Utility 2N,0.015470331065545,0.2066403693151779,1.0,0.05
2026-08-02 01:00:00+00:00,2026-08-03 11:00:00+00:00,SEPD,SALI,2040,ups_2n,IT Power 2N + UPS 2N,0.015470331065545,0.09846870031570548,1.0,9.0
2026-08-02 01:00:00+00:00,2026-08-03 11:00:00+00:00,SEPD,SALI,2040,ups_dr,IT Power 2N + UPS Distributed Redundancy,0.015470331065545,0.14065911321598543,1.0,6.75
2026-08-01 11:00:00+00:00,2026-08-02 22:00:00+00:00,SEPD,SALI,2100,hvdc_2n,IT Power 2N + HVDC 2N,0.0143456851996029,0.07104948033608614,1.0,8.9
2026-08-01 11:00:00+00:00,2026-08-02 22:00:00+00:00,SEPD,SALI,2100,mains_2n,IT Power 2N + Direct Utility 2N,0.0143456851996029,0.20480270574698464,1.0,0.05
2026-08-01 11:00:00+00:00,2026-08-02 22:00:00+00:00,SEPD,SALI,2100,ups_2n,IT Power 2N + UPS 2N,0.0143456851996029,0.0972771224627824,1.0,9.0
2026-08-01 11:00:00+00:00,2026-08-02 22:00:00+00:00,SEPD,SALI,2100,ups_dr,IT Power 2N + UPS Distributed Redundancy,0.0143456851996029,0.13917040371610953,1.0,6.75
2026-08-01 12:00:00+00:00,2026-08-03 00:00:00+00:00,SEPD,SALI,2160,hvdc_2n,IT Power 2N + HVDC 2N,0.0146542582884398,0.07130448032331714,1.0,8.9
2026-08-01 12:00:00+00:00,2026-08-03 00:00:00+00:00,SEPD,SALI,2160,mains_2n,IT Power 2N + Direct Utility 2N,0.0146542582884398,0.2053057012073436,1.0,0.05
2026-08-01 12:00:00+00:00,2026-08-03 00:00:00+00:00,SEPD,SALI,2160,ups_2n,IT Power 2N + UPS 2N,0.0146542582884398,0.09760277320988636,1.0,9.0
2026-08-01 12:00:00+00:00,2026-08-03 00:00:00+00:00,SEPD,SALI,2160,ups_dr,IT Power 2N + UPS Distributed Redundancy,0.0146542582884398,0.13957754639282327,1.0,6.75
2026-07-29 04:00:00+00:00,2026-07-30 17:00:00+00:00,SEPD,SALI,2220,hvdc_2n,IT Power 2N + HVDC 2N,0.0203892357492448,0.07619997058742635,1.0,8.9
2026-07-29 04:00:00+00:00,2026-07-30 17:00:00+00:00,SEPD,SALI,2220,mains_2n,IT Power 2N + Direct Utility 2N,0.0203892357492448,0.21482082315315507,1.0,0.05
2026-07-29 04:00:00+00:00,2026-07-30 17:00:00+00:00,SEPD,SALI,2220,ups_2n,IT Power 2N + UPS 2N,0.0203892357492448,0.10383428125882473,1.0,9.0
2026-07-29 04:00:00+00:00,2026-07-30 17:00:00+00:00,SEPD,SALI,2220,ups_dr,IT Power 2N + UPS Distributed Redundancy,0.0203892357492448,0.147327390470825,1.0,6.75
2026-08-01 11:00:00+00:00,2026-08-03 01:00:00+00:00,SEPD,SALI,2280,hvdc_2n,IT Power 2N + HVDC 2N,0.0141397348751263,0.07087975509934882,1.0,8.9
2026-08-01 11:00:00+00:00,2026-08-03 01:00:00+00:00,SEPD,SALI,2280,mains_2n,IT Power 2N + Direct Utility 2N,0.0141397348751263,0.20446750192836977,1.0,0.05
2026-08-01 11:00:00+00:00,2026-08-03 01:00:00+00:00,SEPD,SALI,2280,ups_2n,IT Power 2N + UPS 2N,0.0141397348751263,0.09706031379764911,1.0,9.0
2026-08-01 11:00:00+00:00,2026-08-03 01:00:00+00:00,SEPD,SALI,2280,ups_dr,IT Power 2N + UPS Distributed Redundancy,0.0141397348751263,0.13889921963549562,1.0,6.75
2026-07-29 21:00:00+00:00,2026-07-31 12:00:00+00:00,SEPD,SALI,2340,hvdc_2n,IT Power 2N + HVDC 2N,0.0213463954195996,0.07704647590034051,1.0,8.9
2026-07-29 21:00:00+00:00,2026-07-31 12:00:00+00:00,SEPD,SALI,2340,mains_2n,IT Power 2N + Direct Utility 2N,0.0213463954195996,0.21643969807865882,1.0,0.05
2026-07-29 21:00:00+00:00,2026-07-31 12:00:00+00:00,SEPD,SALI,2340,ups_2n,IT Power 2N + UPS 2N,0.0213463954195996,0.10490795076901717,1.0,9.0
2026-07-29 21:00:00+00:00,2026-07-31 12:00:00+00:00,SEPD,SALI,2340,ups_dr,IT Power 2N + UPS Distributed Redundancy,0.0213463954195996,0.14865495146596175,1.0,6.75
2026-08-02 05:00:00+00:00,2026-08-03 21:00:00+00:00,SEPD,SALI,2400,hvdc_2n,IT Power 2N + HVDC 2N,0.0143690103289616,0.07106872639796766,1.0,8.9
2026-08-02 05:00:00+00:00,2026-08-03 21:00:00+00:00,SEPD,SALI,2400,mains_2n,IT Power 2N + Direct Utility 2N,0.0143690103289616,0.20484069533179153,1.0,0.05
2026-08-02 05:00:00+00:00,2026-08-03 21:00:00+00:00,SEPD,SALI,2400,ups_2n,IT Power 2N + UPS 2N,0.0143690103289616,0.09730170458796729,1.0,9.0
2026-08-02 05:00:00+00:00,2026-08-03 21:00:00+00:00,SEPD,SALI,2400,ups_dr,IT Power 2N + UPS Distributed Redundancy,0.0143690103289616,0.1392011449312231,1.0,6.75
2026-08-02 02:00:00+00:00,2026-08-03 19:00:00+00:00,SEPD,SALI,2460,hvdc_2n,IT Power 2N + HVDC 2N,0.014578996222672,0.07124220712570663,1.0,8.9
2026-08-02 02:00:00+00:00,2026-08-03 19:00:00+00:00,SEPD,SALI,2460,mains_2n,IT Power 2N + Direct Utility 2N,0.014578996222672,0.20518293441514973,1.0,0.05
2026-08-02 02:00:00+00:00,2026-08-03 19:00:00+00:00,SEPD,SALI,2460,ups_2n,IT Power 2N + UPS 2N,0.014578996222672,0.09752325630693626,1.0,9.0
2026-08-02 02:00:00+00:00,2026-08-03 19:00:00+00:00,SEPD,SALI,2460,ups_dr,IT Power 2N + UPS Distributed Redundancy,0.014578996222672,0.1394781509389813,1.0,6.75
2026-08-01 03:00:00+00:00,2026-08-02 21:00:00+00:00,SEPD,SALI,2520,hvdc_2n,IT Power 2N + HVDC 2N,0.0447174826268136,0.10055876232014341,1.0,8.9
2026-08-01 03:00:00+00:00,2026-08-02 21:00:00+00:00,SEPD,SALI,2520,mains_2n,IT Power 2N + Direct Utility 2N,0.0447174826268136,0.25868295905835964,1.0,0.05
2026-08-01 03:00:00+00:00,2026-08-02 21:00:00+00:00,SEPD,SALI,2520,ups_2n,IT Power 2N + UPS 2N,0.0447174826268136,0.13430838470532772,1.0,9.0
2026-08-01 03:00:00+00:00,2026-08-02 21:00:00+00:00,SEPD,SALI,2520,ups_dr,IT Power 2N + UPS Distributed Redundancy,0.0447174826268136,0.18420592252270965,1.0,6.75
2026-07-31 15:00:00+00:00,2026-08-02 10:00:00+00:00,SEPD,SALI,2580,hvdc_2n,IT Power 2N + HVDC 2N,0.0182812672050283,0.0743657177780782,1.0,8.9
2026-07-31 15:00:00+00:00,2026-08-02 10:00:00+00:00,SEPD,SALI,2580,mains_2n,IT Power 2N + Direct Utility 2N,0.0182812672050283,0.21128662943361265,1.0,0.05
2026-07-31 15:00:00+00:00,2026-08-02 10:00:00+00:00,SEPD,SALI,2580,ups_2n,IT Power 2N + UPS 2N,0.0182812672050283,0.10150393198578045,1.0,9.0
2026-07-31 15:00:00+00:00,2026-08-02 10:00:00+00:00,SEPD,SALI,2580,ups_dr,IT Power 2N + UPS Distributed Redundancy,0.0182812672050283,0.144438265992685,1.0,6.75
2026-08-01 03:00:00+00:00,2026-08-02 23:00:00+00:00,SEPD,SALI,2640,hvdc_2n,IT Power 2N + HVDC 2N,0.0443879018799776,0.1001867563929418,1.0,8.9
2026-08-01 03:00:00+00:00,2026-08-02 23:00:00+00:00,SEPD,SALI,2640,mains_2n,IT Power 2N + Direct Utility 2N,0.0443879018799776,0.2580514378030584,1.0,0.05
2026-08-01 03:00:00+00:00,2026-08-02 23:00:00+00:00,SEPD,SALI,2640,ups_2n,IT Power 2N + UPS 2N,0.0443879018799776,0.13384920658538144,1.0,9.0
2026-08-01 03:00:00+00:00,2026-08-02 23:00:00+00:00,SEPD,SALI,2640,ups_dr,IT Power 2N + UPS Distributed Redundancy,0.0443879018799776,0.1836617441820576,1.0,6.75
2026-07-30 19:00:00+00:00,2026-08-01 16:00:00+00:00,SEPD,SALI,2700,hvdc_2n,IT Power 2N + HVDC 2N,0.0183404044162732,0.07441661800337966,1.0,8.9
2026-07-30 19:00:00+00:00,2026-08-01 16:00:00+00:00,SEPD,SALI,2700,mains_2n,IT Power 2N + Direct Utility 2N,0.0183404044162732,0.21138519522258392,1.0,0.05
2026-07-30 19:00:00+00:00,2026-08-01 16:00:00+00:00,SEPD,SALI,2700,ups_2n,IT Power 2N + UPS 2N,0.0183404044162732,0.10156867068176297,1.0,9.0
2026-07-30 19:00:00+00:00,2026-08-01 16:00:00+00:00,SEPD,SALI,2700,ups_dr,IT Power 2N + UPS Distributed Redundancy,0.0183404044162732,0.144518671832178,1.0,6.75
2026-07-27 19:00:00+00:00,2026-07-29 17:00:00+00:00,SEPD,SALI,2760,hvdc_2n,IT Power 2N + HVDC 2N,0.0210325461906227,0.07676796441551201,1.0,8.9
2026-07-27 19:00:00+00:00,2026-07-29 17:00:00+00:00,SEPD,SALI,2760,mains_2n,IT Power 2N + Direct Utility 2N,0.0210325461906227,0.21590790372122717,1.0,0.05
2026-07-27 19:00:00+00:00,2026-07-29 17:00:00+00:00,SEPD,SALI,2760,ups_2n,IT Power 2N + UPS 2N,0.0210325461906227,0.10455482276768212,1.0,9.0
2026-07-27 19:00:00+00:00,2026-07-29 17:00:00+00:00,SEPD,SALI,2760,ups_dr,IT Power 2N + UPS Distributed Redundancy,0.0210325461906227,0.1482185644197864,1.0,6.75
2026-07-31 01:00:00+00:00,2026-08-02 00:00:00+00:00,SEPD,SALI,2820,hvdc_2n,IT Power 2N + HVDC 2N,0.0140906552276068,0.07083936348165266,1.0,8.9
2026-07-31 01:00:00+00:00,2026-08-02 00:00:00+00:00,SEPD,SALI,2820,mains_2n,IT Power 2N + Direct Utility 2N,0.0140906552276068,0.20438768028685317,1.0,0.05
2026-07-31 01:00:00+00:00,2026-08-02 00:00:00+00:00,SEPD,SALI,2820,ups_2n,IT Power 2N + UPS 2N,0.0140906552276068,0.0970087101917926,1.0,9.0
2026-07-31 01:00:00+00:00,2026-08-02 00:00:00+00:00,SEPD,SALI,2820,ups_dr,IT Power 2N + UPS Distributed Redundancy,0.0140906552276068,0.13883465967723532,1.0,6.75
2026-07-30 20:00:00+00:00,2026-08-01 20:00:00+00:00,SEPD,SALI,2880,hvdc_2n,IT Power 2N + HVDC 2N,0.0165851912778206,0.072919445855838,1.0,8.9
2026-07-30 20:00:00+00:00,2026-08-01 20:00:00+00:00,SEPD,SALI,2880,mains_2n,IT Power 2N + Direct Utility 2N,0.0165851912778206,0.20847405071782504,1.0,0.05
2026-07-30 20:00:00+00:00,2026-08-01 20:00:00+00:00,SEPD,SALI,2880,ups_2n,IT Power 2N + UPS 2N,0.0165851912778206,0.09966272527021164,1.0,9.0
2026-07-30 20:00:00+00:00,2026-08-01 20:00:00+00:00,SEPD,SALI,2880,ups_dr,IT Power 2N + UPS Distributed Redundancy,0.0165851912778206,0.1421479909932919,1.0,6.75
2026-08-03 16:00:00+00:00,2026-08-03 17:00:00+00:00,SEPD,SLOU,60,hvdc_2n,IT Power 2N + HVDC 2N,0.005598182521395,0.0641625122448357,1.0,8.9
2026-08-03 16:00:00+00:00,2026-08-03 17:00:00+00:00,SEPD,SLOU,60,mains_2n,IT Power 2N + Direct Utility 2N,0.005598182521395,0.19092388227655285,1.0,0.05
2026-08-03 16:00:00+00:00,2026-08-03 17:00:00+00:00,SEPD,SLOU,60,ups_2n,IT Power 2N + UPS 2N,0.005598182521395,0.08844090710448975,1.0,9.0
2026-08-03 16:00:00+00:00,2026-08-03 17:00:00+00:00,SEPD,SLOU,60,ups_dr,IT Power 2N + UPS Distributed Redundancy,0.005598182521395,0.12803786132137582,1.0,6.75
2026-08-01 23:00:00+00:00,2026-08-02 01:00:00+00:00,SEPD,SLOU,120,hvdc_2n,IT Power 2N + HVDC 2N,0.0034029734686537,0.06253442502467056,1.0,8.9
2026-08-01 23:00:00+00:00,2026-08-02 01:00:00+00:00,SEPD,SLOU,120,mains_2n,IT Power 2N + Direct Utility 2N,0.0034029734686537,0.1875558866230891,1.0,0.05
2026-08-01 23:00:00+00:00,2026-08-02 01:00:00+00:00,SEPD,SLOU,120,ups_2n,IT Power 2N + UPS 2N,0.0034029734686537,0.08634009485954806,1.0,9.0
2026-08-01 23:00:00+00:00,2026-08-02 01:00:00+00:00,SEPD,SLOU,120,ups_dr,IT Power 2N + UPS Distributed Redundancy,0.0034029734686537,0.1253660835784166,1.0,6.75
2026-08-03 22:00:00+00:00,2026-08-04 01:00:00+00:00,SEPD,SLOU,180,hvdc_2n,IT Power 2N + HVDC 2N,0.005125988262427,0.06380900732004345,1.0,8.9
2026-08-03 22:00:00+00:00,2026-08-04 01:00:00+00:00,SEPD,SLOU,180,mains_2n,IT Power 2N + Direct Utility 2N,0.005125988262427,0.19019553890715526,1.0,0.05
2026-08-03 22:00:00+00:00,2026-08-04 01:00:00+00:00,SEPD,SLOU,180,ups_2n,IT Power 2N + UPS 2N,0.005125988262427,0.08798515655971154,1.0,9.0
2026-08-03 22:00:00+00:00,2026-08-04 01:00:00+00:00,SEPD,SLOU,180,ups_dr,IT Power 2N + UPS Distributed Redundancy,0.005125988262427,0.12745908574612477,1.0,6.75
2026-08-03 02:00:00+00:00,2026-08-03 06:00:00+00:00,SEPD,SLOU,240,hvdc_2n,IT Power 2N + HVDC 2N,0.0078105624583335,0.06584321089258324,1.0,8.9
2026-08-03 02:00:00+00:00,2026-08-03 06:00:00+00:00,SEPD,SLOU,240,mains_2n,IT Power 2N + Direct Utility 2N,0.0078105624583335,0.19436477706026797,1.0,0.05
2026-08-03 02:00:00+00:00,2026-08-03 06:00:00+00:00,SEPD,SLOU,240,ups_2n,IT Power 2N + UPS 2N,0.0078105624583335,0.09060474404465532,1.0,9.0
2026-08-03 02:00:00+00:00,2026-08-03 06:00:00+00:00,SEPD,SLOU,240,ups_dr,IT Power 2N + UPS Distributed Redundancy,0.0078105624583335,0.13077953650601154,1.0,6.75
2026-07-31 05:00:00+00:00,2026-07-31 10:00:00+00:00,SEPD,SLOU,300,hvdc_2n,IT Power 2N + HVDC 2N,0.0131027707903464,0.07003086232092194,1.0,8.9
2026-07-31 05:00:00+00:00,2026-07-31 10:00:00+00:00,SEPD,SLOU,300,mains_2n,IT Power 2N + Direct Utility 2N,0.0131027707903464,0.20278593885057905,1.0,0.05
2026-07-31 05:00:00+00:00,2026-07-31 10:00:00+00:00,SEPD,SLOU,300,ups_2n,IT Power 2N + UPS 2N,0.0131027707903464,0.09597521894644456,1.0,9.0
2026-07-31 05:00:00+00:00,2026-07-31 10:00:00+00:00,SEPD,SLOU,300,ups_dr,IT Power 2N + UPS Distributed Redundancy,0.0131027707903464,0.13754052974877137,1.0,6.75
2026-08-03 15:00:00+00:00,2026-08-03 21:00:00+00:00,SEPD,SLOU,360,hvdc_2n,IT Power 2N + HVDC 2N,0.0109800048904958,0.06832235006666579,1.0,8.9
2026-08-03 15:00:00+00:00,2026-08-03 21:00:00+00:00,SEPD,SLOU,360,mains_2n,IT Power 2N + Direct Utility 2N,0.0109800048904958,0.199375837713961,1.0,0.05
2026-08-03 15:00:00+00:00,2026-08-03 21:00:00+00:00,SEPD,SLOU,360,ups_2n,IT Power 2N + UPS 2N,0.0109800048904958,0.09378769546481737,1.0,9.0
2026-08-03 15:00:00+00:00,2026-08-03 21:00:00+00:00,SEPD,SLOU,360,ups_dr,IT Power 2N + UPS Distributed Redundancy,0.0109800048904958,0.13479399948233134,1.0,6.75
2026-08-03 08:00:00+00:00,2026-08-03 15:00:00+00:00,SEPD,SLOU,420,hvdc_2n,IT Power 2N + HVDC 2N,0.030813701298457,0.08589430046735307,1.0,8.9
2026-08-03 08:00:00+00:00,2026-08-03 15:00:00+00:00,SEPD,SLOU,420,mains_2n,IT Power 2N + Direct Utility 2N,0.030813701298457,0.23292590761518023,1.0,0.05
2026-08-03 08:00:00+00:00,2026-08-03 15:00:00+00:00,SEPD,SLOU,420,ups_2n,IT Power 2N + UPS 2N,0.030813701298457,0.11606475039996049,1.0,9.0
2026-08-03 08:00:00+00:00,2026-08-03 15:00:00+00:00,SEPD,SLOU,420,ups_dr,IT Power 2N + UPS Distributed Redundancy,0.030813701298457,0.16232233666140172,1.0,6.75
2026-08-03 17:00:00+00:00,2026-08-04 01:00:00+00:00,SEPD,SLOU,480,hvdc_2n,IT Power 2N + HVDC 2N,0.0096063061678672,0.06723739418104635,1.0,8.9
2026-08-03 17:00:00+00:00,2026-08-04 01:00:00+00:00,SEPD,SLOU,480,mains_2n,IT Power 2N + Direct Utility 2N,0.0096063061678672,0.19719212194082272,1.0,0.05
2026-08-03 17:00:00+00:00,2026-08-04 01:00:00+00:00,SEPD,SLOU,480,ups_2n,IT Power 2N + UPS 2N,0.0096063061678672,0.09239601228290317,1.0,9.0
2026-08-03 17:00:00+00:00,2026-08-04 01:00:00+00:00,SEPD,SLOU,480,ups_dr,IT Power 2N + UPS Distributed Redundancy,0.0096063061678672,0.13304142706389935,1.0,6.75
2026-08-03 09:00:00+00:00,2026-08-03 18:00:00+00:00,SEPD,SLOU,540,hvdc_2n,IT Power 2N + HVDC 2N,0.0287380311837463,0.08387888916490555,1.0,8.9
2026-08-03 09:00:00+00:00,2026-08-03 18:00:00+00:00,SEPD,SLOU,540,mains_2n,IT Power 2N + Direct Utility 2N,0.0287380311837463,0.22923785556977438,1.0,0.05
2026-08-03 09:00:00+00:00,2026-08-03 18:00:00+00:00,SEPD,SLOU,540,ups_2n,IT Power 2N + UPS 2N,0.0287380311837463,0.11353367737347808,1.0,9.0
2026-08-03 09:00:00+00:00,2026-08-03 18:00:00+00:00,SEPD,SLOU,540,ups_dr,IT Power 2N + UPS Distributed Redundancy,0.0287380311837463,0.15924161859145888,1.0,6.75
2026-08-02 08:00:00+00:00,2026-08-02 18:00:00+00:00,SEPD,SLOU,600,hvdc_2n,IT Power 2N + HVDC 2N,0.0089800774148237,0.0667481179975243,1.0,8.9
2026-08-02 08:00:00+00:00,2026-08-02 18:00:00+00:00,SEPD,SLOU,600,mains_2n,IT Power 2N + Direct Utility 2N,0.0089800774148237,0.19620263512063682,1.0,0.05
2026-08-02 08:00:00+00:00,2026-08-02 18:00:00+00:00,SEPD,SLOU,600,ups_2n,IT Power 2N + UPS 2N,0.0089800774148237,0.09176776067641197,1.0,9.0
2026-08-02 08:00:00+00:00,2026-08-02 18:00:00+00:00,SEPD,SLOU,600,ups_dr,IT Power 2N + UPS Distributed Redundancy,0.0089800774148237,0.13224890239007545,1.0,6.75
2026-08-01 23:00:00+00:00,2026-08-02 10:00:00+00:00,SEPD,SLOU,660,hvdc_2n,IT Power 2N + HVDC 2N,0.0106234237330402,0.06803917087643739,1.0,8.9
2026-08-01 23:00:00+00:00,2026-08-02 10:00:00+00:00,SEPD,SLOU,660,mains_2n,IT Power 2N + Direct Utility 2N,0.0106234237330402,0.19880725474410402,1.0,0.05
2026-08-01 23:00:00+00:00,2026-08-02 10:00:00+00:00,SEPD,SLOU,660,ups_2n,IT Power 2N + UPS 2N,0.0106234237330402,0.0934246503718523,1.0,9.0
2026-08-01 23:00:00+00:00,2026-08-02 10:00:00+00:00,SEPD,SLOU,660,ups_dr,IT Power 2N + UPS Distributed Redundancy,0.0106234237330402,0.13433720702074317,1.0,6.75
2026-08-02 14:00:00+00:00,2026-08-03 02:00:00+00:00,SEPD,SLOU,720,hvdc_2n,IT Power 2N + HVDC 2N,0.00937261707053,0.06705442350601022,1.0,8.9
2026-08-02 14:00:00+00:00,2026-08-03 02:00:00+00:00,SEPD,SLOU,720,mains_2n,IT Power 2N + Direct Utility 2N,0.00937261707053,0.19682243660079068,1.0,0.05
2026-08-02 14:00:00+00:00,2026-08-03 02:00:00+00:00,SEPD,SLOU,720,ups_2n,IT Power 2N + UPS 2N,0.00937261707053,0.09216111775076827,1.0,9.0
2026-08-02 14:00:00+00:00,2026-08-03 02:00:00+00:00,SEPD,SLOU,720,ups_dr,IT Power 2N + UPS Distributed Redundancy,0.00937261707053,0.1327452123263607,1.0,6.75
2026-08-01 21:00:00+00:00,2026-08-02 10:00:00+00:00,SEPD,SLOU,780,hvdc_2n,IT Power 2N + HVDC 2N,0.0104143181693279,0.06787361600861808,1.0,8.9
2026-08-01 21:00:00+00:00,2026-08-02 10:00:00+00:00,SEPD,SLOU,780,mains_2n,IT Power 2N + Direct Utility 2N,0.0104143181693279,0.1984743950349227,1.0,0.05
2026-08-01 21:00:00+00:00,2026-08-02 10:00:00+00:00,SEPD,SLOU,780,ups_2n,IT Power 2N + UPS 2N,0.0104143181693279,0.09321234100746927,1.0,9.0
2026-08-01 21:00:00+00:00,2026-08-02 10:00:00+00:00,SEPD,SLOU,780,ups_dr,IT Power 2N + UPS Distributed Redundancy,0.0104143181693279,0.13406994452224863,1.0,6.75
2026-08-03 06:00:00+00:00,2026-08-03 20:00:00+00:00,SEPD,SLOU,840,hvdc_2n,IT Power 2N + HVDC 2N,0.0103021914423191,0.06778499597316849,1.0,8.9
2026-08-03 06:00:00+00:00,2026-08-03 20:00:00+00:00,SEPD,SLOU,840,mains_2n,IT Power 2N + Direct Utility 2N,0.0103021914423191,0.1982960815528021,1.0,0.05
2026-08-03 06:00:00+00:00,2026-08-03 20:00:00+00:00,SEPD,SLOU,840,ups_2n,IT Power 2N + UPS 2N,0.0103021914423191,0.0930986747136252,1.0,9.0
2026-08-03 06:00:00+00:00,2026-08-03 20:00:00+00:00,SEPD,SLOU,840,ups_dr,IT Power 2N + UPS Distributed Redundancy,0.0103021914423191,0.13392681802253975,1.0,6.75
2026-08-03 03:00:00+00:00,2026-08-03 18:00:00+00:00,SEPD,SLOU,900,hvdc_2n,IT Power 2N + HVDC 2N,0.0108205237646882,0.06819556326049775,1.0,8.9
2026-08-03 03:00:00+00:00,2026-08-03 18:00:00+00:00,SEPD,SLOU,900,mains_2n,IT Power 2N + Direct Utility 2N,0.0108205237646882,0.19912138783367347,1.0,0.05
2026-08-03 03:00:00+00:00,2026-08-03 18:00:00+00:00,SEPD,SLOU,900,ups_2n,IT Power 2N + UPS 2N,0.0108205237646882,0.09362516726053069,1.0,9.0
2026-08-03 03:00:00+00:00,2026-08-03 18:00:00+00:00,SEPD,SLOU,900,ups_dr,IT Power 2N + UPS Distributed Redundancy,0.0108205237646882,0.1345895369219231,1.0,6.75
2026-08-03 10:00:00+00:00,2026-08-04 02:00:00+00:00,SEPD,SLOU,960,hvdc_2n,IT Power 2N + HVDC 2N,0.0275272021518546,0.08272314026311656,1.0,8.9
2026-08-03 10:00:00+00:00,2026-08-04 02:00:00+00:00,SEPD,SLOU,960,mains_2n,IT Power 2N + Direct Utility 2N,0.0275272021518546,0.2271054846106014,1.0,0.05
2026-08-03 10:00:00+00:00,2026-08-04 02:00:00+00:00,SEPD,SLOU,960,ups_2n,IT Power 2N + UPS 2N,0.0275272021518546,0.11207951959105597,1.0,9.0
2026-08-03 10:00:00+00:00,2026-08-04 02:00:00+00:00,SEPD,SLOU,960,ups_dr,IT Power 2N + UPS Distributed Redundancy,0.0275272021518546,0.15746648812439917,1.0,6.75
2026-08-03 07:00:00+00:00,2026-08-04 00:00:00+00:00,SEPD,SLOU,1020,hvdc_2n,IT Power 2N + HVDC 2N,0.0247561658700802,0.08013251449926141,1.0,8.9
2026-08-03 07:00:00+00:00,2026-08-04 00:00:00+00:00,SEPD,SLOU,1020,mains_2n,IT Power 2N + Direct Utility 2N,0.0247561658700802,0.22227833568599362,1.0,0.05
2026-08-03 07:00:00+00:00,2026-08-04 00:00:00+00:00,SEPD,SLOU,1020,ups_2n,IT Power 2N + UPS 2N,0.0247561658700802,0.10881275367552644,1.0,9.0
2026-08-03 07:00:00+00:00,2026-08-04 00:00:00+00:00,SEPD,SLOU,1020,ups_dr,IT Power 2N + UPS Distributed Redundancy,0.0247561658700802,0.15346458999503435,1.0,6.75
2026-08-02 08:00:00+00:00,2026-08-03 02:00:00+00:00,SEPD,SLOU,1080,hvdc_2n,IT Power 2N + HVDC 2N,0.0079777163699495,0.06597184357270251,1.0,8.9
2026-08-02 08:00:00+00:00,2026-08-03 02:00:00+00:00,SEPD,SLOU,1080,mains_2n,IT Power 2N + Direct Utility 2N,0.0079777163699495,0.1946266522667063,1.0,0.05
2026-08-02 08:00:00+00:00,2026-08-03 02:00:00+00:00,SEPD,SLOU,1080,ups_2n,IT Power 2N + UPS 2N,0.0079777163699495,0.09077015263055693,1.0,9.0
2026-08-02 08:00:00+00:00,2026-08-03 02:00:00+00:00,SEPD,SLOU,1080,ups_dr,IT Power 2N + UPS Distributed Redundancy,0.0079777163699495,0.13098869416776535,1.0,6.75
2026-08-03 03:00:00+00:00,2026-08-03 22:00:00+00:00,SEPD,SLOU,1140,hvdc_2n,IT Power 2N + HVDC 2N,0.0094434311545028,0.06710981968847646,1.0,8.9
2026-08-03 03:00:00+00:00,2026-08-03 22:00:00+00:00,SEPD,SLOU,1140,mains_2n,IT Power 2N + Direct Utility 2N,0.0094434311545028,0.19693440592195002,1.0,0.05
2026-08-03 03:00:00+00:00,2026-08-03 22:00:00+00:00,SEPD,SLOU,1140,ups_2n,IT Power 2N + UPS 2N,0.0094434311545028,0.09223224039805078,1.0,9.0
2026-08-03 03:00:00+00:00,2026-08-03 22:00:00+00:00,SEPD,SLOU,1140,ups_dr,IT Power 2N + UPS Distributed Redundancy,0.0094434311545028,0.13283491432836328,1.0,6.75
2026-08-01 09:00:00+00:00,2026-08-02 05:00:00+00:00,SEPD,SLOU,1200,hvdc_2n,IT Power 2N + HVDC 2N,0.0082517726923468,0.06618324806621195,1.0,8.9
2026-08-01 09:00:00+00:00,2026-08-02 05:00:00+00:00,SEPD,SLOU,1200,mains_2n,IT Power 2N + Direct Utility 2N,0.0082517726923468,0.1950565871964015,1.0,0.05
2026-08-01 09:00:00+00:00,2026-08-02 05:00:00+00:00,SEPD,SLOU,1200,ups_2n,IT Power 2N + UPS 2N,0.0082517726923468,0.0910419356423594,1.0,9.0
2026-08-01 09:00:00+00:00,2026-08-02 05:00:00+00:00,SEPD,SLOU,1200,ups_dr,IT Power 2N + UPS Distributed Redundancy,0.0082517726923468,0.13133223219020884,1.0,6.75
2026-08-02 23:00:00+00:00,2026-08-03 20:00:00+00:00,SEPD,SLOU,1260,hvdc_2n,IT Power 2N + HVDC 2N,0.0099918607082848,0.06754028334339762,1.0,8.9
2026-08-02 23:00:00+00:00,2026-08-03 20:00:00+00:00,SEPD,SLOU,1260,mains_2n,IT Power 2N + Direct Utility 2N,0.0099918607082848,0.19780319593237533,1.0,0.05
2026-08-02 23:00:00+00:00,2026-08-03 20:00:00+00:00,SEPD,SLOU,1260,ups_2n,IT Power 2N + UPS 2N,0.0099918607082848,0.09278473122079041,1.0,9.0
2026-08-02 23:00:00+00:00,2026-08-03 20:00:00+00:00,SEPD,SLOU,1260,ups_dr,IT Power 2N + UPS Distributed Redundancy,0.0099918607082848,0.13353136325065793,1.0,6.75
2026-08-02 21:00:00+00:00,2026-08-03 19:00:00+00:00,SEPD,SLOU,1320,hvdc_2n,IT Power 2N + HVDC 2N,0.0099625631452127,0.06751722300441161,1.0,8.9
2026-08-02 21:00:00+00:00,2026-08-03 19:00:00+00:00,SEPD,SLOU,1320,mains_2n,IT Power 2N + Direct Utility 2N,0.0099625631452127,0.19775671152726923,1.0,0.05
2026-08-02 21:00:00+00:00,2026-08-03 19:00:00+00:00,SEPD,SLOU,1320,ups_2n,IT Power 2N + UPS 2N,0.0099625631452127,0.09275514173397016,1.0,9.0
2026-08-02 21:00:00+00:00,2026-08-03 19:00:00+00:00,SEPD,SLOU,1320,ups_dr,IT Power 2N + UPS Distributed Redundancy,0.0099625631452127,0.13349408040774746,1.0,6.75
2026-08-02 03:00:00+00:00,2026-08-03 02:00:00+00:00,SEPD,SLOU,1380,hvdc_2n,IT Power 2N + HVDC 2N,0.0074210582308565,0.06554437341960831,1.0,8.9
2026-08-02 03:00:00+00:00,2026-08-03 02:00:00+00:00,SEPD,SLOU,1380,mains_2n,IT Power 2N + Direct Utility 2N,0.0074210582308565,0.1937555896299311,1.0,0.05
2026-08-02 03:00:00+00:00,2026-08-03 02:00:00+00:00,SEPD,SLOU,1380,ups_2n,IT Power 2N + UPS 2N,0.0074210582308565,0.09022035941662733,1.0,9.0
2026-08-02 03:00:00+00:00,2026-08-03 02:00:00+00:00,SEPD,SLOU,1380,ups_dr,IT Power 2N + UPS Distributed Redundancy,0.0074210582308565,0.13029325534214334,1.0,6.75
2026-08-02 20:00:00+00:00,2026-08-03 20:00:00+00:00,SEPD,SLOU,1440,hvdc_2n,IT Power 2N + HVDC 2N,0.0104622627647673,0.06791154208654562,1.0,8.9
2026-08-02 20:00:00+00:00,2026-08-03 20:00:00+00:00,SEPD,SLOU,1440,mains_2n,IT Power 2N + Direct Utility 2N,0.0104622627647673,0.19855067743097335,1.0,0.05
2026-08-02 20:00:00+00:00,2026-08-03 20:00:00+00:00,SEPD,SLOU,1440,ups_2n,IT Power 2N + UPS 2N,0.0104622627647673,0.09326098190304033,1.0,9.0
2026-08-02 20:00:00+00:00,2026-08-03 20:00:00+00:00,SEPD,SLOU,1440,ups_dr,IT Power 2N + UPS Distributed Redundancy,0.0104622627647673,0.13413118384774678,1.0,6.75
2026-08-01 18:00:00+00:00,2026-08-02 19:00:00+00:00,SEPD,SLOU,1500,hvdc_2n,IT Power 2N + HVDC 2N,0.0114065884886763,0.06866255643096938,1.0,8.9
2026-08-01 18:00:00+00:00,2026-08-02 19:00:00+00:00,SEPD,SLOU,1500,mains_2n,IT Power 2N + Direct Utility 2N,0.0114065884886763,0.20005764559041928,1.0,0.05
2026-08-01 18:00:00+00:00,2026-08-02 19:00:00+00:00,SEPD,SLOU,1500,ups_2n,IT Power 2N + UPS 2N,0.0114065884886763,0.09422367317013917,1.0,9.0
2026-08-01 18:00:00+00:00,2026-08-02 19:00:00+00:00,SEPD,SLOU,1500,ups_dr,IT Power 2N + UPS Distributed Redundancy,0.0114065884886763,0.1353421893588275,1.0,6.75
2026-08-02 16:00:00+00:00,2026-08-03 18:00:00+00:00,SEPD,SLOU,1560,hvdc_2n,IT Power 2N + HVDC 2N,0.0097878100854458,0.06737982515785114,1.0,8.9
2026-08-02 16:00:00+00:00,2026-08-03 18:00:00+00:00,SEPD,SLOU,1560,mains_2n,IT Power 2N + Direct Utility 2N,0.0097878100854458,0.19747961398269462,1.0,0.05
2026-08-02 16:00:00+00:00,2026-08-03 18:00:00+00:00,SEPD,SLOU,1560,ups_2n,IT Power 2N + UPS 2N,0.0097878100854458,0.09257882332750256,1.0,9.0
2026-08-02 16:00:00+00:00,2026-08-03 18:00:00+00:00,SEPD,SLOU,1560,ups_dr,IT Power 2N + UPS Distributed Redundancy,0.0097878100854458,0.13327187991533357,1.0,6.75
2026-08-01 14:00:00+00:00,2026-08-02 17:00:00+00:00,SEPD,SLOU,1620,hvdc_2n,IT Power 2N + HVDC 2N,0.034656781623353,0.08974191497860382,1.0,8.9
2026-08-01 14:00:00+00:00,2026-08-02 17:00:00+00:00,SEPD,SLOU,1620,mains_2n,IT Power 2N + Direct Utility 2N,0.034656781623353,0.23986273916152404,1.0,0.05
2026-08-01 14:00:00+00:00,2026-08-02 17:00:00+00:00,SEPD,SLOU,1620,ups_2n,IT Power 2N + UPS 2N,0.034656781623353,0.12088047487588686,1.0,9.0
2026-08-01 14:00:00+00:00,2026-08-02 17:00:00+00:00,SEPD,SLOU,1620,ups_dr,IT Power 2N + UPS Distributed Redundancy,0.034656781623353,0.168152838902559,1.0,6.75
2026-08-02 14:00:00+00:00,2026-08-03 18:00:00+00:00,SEPD,SLOU,1680,hvdc_2n,IT Power 2N + HVDC 2N,0.0122196948370567,0.06931536942849857,1.0,8.9
2026-08-02 14:00:00+00:00,2026-08-03 18:00:00+00:00,SEPD,SLOU,1680,mains_2n,IT Power 2N + Direct Utility 2N,0.0122196948370567,0.20136207106452791,1.0,0.05
2026-08-02 14:00:00+00:00,2026-08-03 18:00:00+00:00,SEPD,SLOU,1680,ups_2n,IT Power 2N + UPS 2N,0.0122196948370567,0.0950597169843251,1.0,9.0
2026-08-02 14:00:00+00:00,2026-08-03 18:00:00+00:00,SEPD,SLOU,1680,ups_dr,IT Power 2N + UPS Distributed Redundancy,0.0122196948370567,0.13639229596811608,1.0,6.75
2026-08-02 19:00:00+00:00,2026-08-04 00:00:00+00:00,SEPD,SLOU,1740,hvdc_2n,IT Power 2N + HVDC 2N,0.0101955770765971,0.0677008321885848,1.0,8.9
2026-08-02 19:00:00+00:00,2026-08-04 00:00:00+00:00,SEPD,SLOU,1740,mains_2n,IT Power 2N + Direct Utility 2N,0.0101955770765971,0.19812664615272174,1.0,0.05
2026-08-02 19:00:00+00:00,2026-08-04 00:00:00+00:00,SEPD,SLOU,1740,ups_2n,IT Power 2N + UPS 2N,0.0101955770765971,0.0929907118428348,1.0,9.0
2026-08-02 19:00:00+00:00,2026-08-04 00:00:00+00:00,SEPD,SLOU,1740,ups_dr,IT Power 2N + UPS Distributed Redundancy,0.0101955770765971,0.13379084771023833,1.0,6.75
2026-08-01 04:00:00+00:00,2026-08-02 10:00:00+00:00,SEPD,SLOU,1800,hvdc_2n,IT Power 2N + HVDC 2N,0.0104061223056109,0.06786713472087456,1.0,8.9
2026-08-01 04:00:00+00:00,2026-08-02 10:00:00+00:00,SEPD,SLOU,1800,mains_2n,IT Power 2N + Direct Utility 2N,0.0104061223056109,0.19846135718784083,1.0,0.05
2026-08-01 04:00:00+00:00,2026-08-02 10:00:00+00:00,SEPD,SLOU,1800,ups_2n,IT Power 2N + UPS 2N,0.0104061223056109,0.09320402839344857,1.0,9.0
2026-08-01 04:00:00+00:00,2026-08-02 10:00:00+00:00,SEPD,SLOU,1800,ups_dr,IT Power 2N + UPS Distributed Redundancy,0.0104061223056109,0.13405947836322146,1.0,6.75
2026-08-01 20:00:00+00:00,2026-08-03 03:00:00+00:00,SEPD,SLOU,1860,hvdc_2n,IT Power 2N + HVDC 2N,0.0086699637753792,0.06650705005230419,1.0,8.9
2026-08-01 20:00:00+00:00,2026-08-03 03:00:00+00:00,SEPD,SLOU,1860,mains_2n,IT Power 2N + Direct Utility 2N,0.0086699637753792,0.19571402442376687,1.0,0.05
2026-08-01 20:00:00+00:00,2026-08-03 03:00:00+00:00,SEPD,SLOU,1860,ups_2n,IT Power 2N + UPS 2N,0.0086699637753792,0.09145806910168447,1.0,9.0
2026-08-01 20:00:00+00:00,2026-08-03 03:00:00+00:00,SEPD,SLOU,1860,ups_dr,IT Power 2N + UPS Distributed Redundancy,0.0086699637753792,0.13185792116481698,1.0,6.75
2026-07-31 21:00:00+00:00,2026-08-02 05:00:00+00:00,SEPD,SLOU,1920,hvdc_2n,IT Power 2N + HVDC 2N,0.0096148839956842,0.0672441191377157,1.0,8.9
2026-07-31 21:00:00+00:00,2026-08-02 05:00:00+00:00,SEPD,SLOU,1920,mains_2n,IT Power 2N + Direct Utility 2N,0.0096148839956842,0.19720570162878653,1.0,0.05
2026-07-31 21:00:00+00:00,2026-08-02 05:00:00+00:00,SEPD,SLOU,1920,ups_2n,IT Power 2N + UPS 2N,0.0096148839956842,0.09240464458071757,1.0,9.0
2026-07-31 21:00:00+00:00,2026-08-02 05:00:00+00:00,SEPD,SLOU,1920,ups_dr,IT Power 2N + UPS Distributed Redundancy,0.0096148839956842,0.13305231060663708,1.0,6.75
2026-08-02 06:00:00+00:00,2026-08-03 15:00:00+00:00,SEPD,SLOU,1980,hvdc_2n,IT Power 2N + HVDC 2N,0.0103514030618349,0.06782387745457998,1.0,8.9
2026-08-02 06:00:00+00:00,2026-08-03 15:00:00+00:00,SEPD,SLOU,1980,mains_2n,IT Power 2N + Direct Utility 2N,0.0103514030618349,0.19837432721554907,1.0,0.05
2026-08-02 06:00:00+00:00,2026-08-03 15:00:00+00:00,SEPD,SLOU,1980,ups_2n,IT Power 2N + UPS 2N,0.0103514030618349,0.09314854671489223,1.0,9.0
2026-08-02 06:00:00+00:00,2026-08-03 15:00:00+00:00,SEPD,SLOU,1980,ups_dr,IT Power 2N + UPS Distributed Redundancy,0.0103514030618349,0.13398961930958547,1.0,6.75
2026-08-02 09:00:00+00:00,2026-08-03 19:00:00+00:00,SEPD,SLOU,2040,hvdc_2n,IT Power 2N + HVDC 2N,0.0103868737829851,0.06785191524857218,1.0,8.9
2026-08-02 09:00:00+00:00,2026-08-03 19:00:00+00:00,SEPD,SLOU,2040,mains_2n,IT Power 2N + Direct Utility 2N,0.0103868737829851,0.1984307394841384,1.0,0.05
2026-08-02 09:00:00+00:00,2026-08-03 19:00:00+00:00,SEPD,SLOU,2040,ups_2n,IT Power 2N + UPS 2N,0.0103868737829851,0.09318450829039668,1.0,9.0
2026-08-02 09:00:00+00:00,2026-08-03 19:00:00+00:00,SEPD,SLOU,2040,ups_dr,IT Power 2N + UPS Distributed Redundancy,0.0103868737829851,0.13403490061874046,1.0,6.75
2026-08-01 02:00:00+00:00,2026-08-02 13:00:00+00:00,SEPD,SLOU,2100,hvdc_2n,IT Power 2N + HVDC 2N,0.010795350448375,0.06817557051987608,1.0,8.9
2026-08-01 02:00:00+00:00,2026-08-02 13:00:00+00:00,SEPD,SLOU,2100,mains_2n,IT Power 2N + Direct Utility 2N,0.010795350448375,0.19908124646795616,1.0,0.05
2026-08-01 02:00:00+00:00,2026-08-02 13:00:00+00:00,SEPD,SLOU,2100,ups_2n,IT Power 2N + UPS 2N,0.010795350448375,0.09359953606813672,1.0,9.0
2026-08-01 02:00:00+00:00,2026-08-02 13:00:00+00:00,SEPD,SLOU,2100,ups_dr,IT Power 2N + UPS Distributed Redundancy,0.010795350448375,0.1345572874495094,1.0,6.75
2026-08-01 16:00:00+00:00,2026-08-03 04:00:00+00:00,SEPD,SLOU,2160,hvdc_2n,IT Power 2N + HVDC 2N,0.0103793164234677,0.06784594064094508,1.0,8.9
2026-08-01 16:00:00+00:00,2026-08-03 04:00:00+00:00,SEPD,SLOU,2160,mains_2n,IT Power 2N + Direct Utility 2N,0.0103793164234677,0.198418719325765,1.0,0.05
2026-08-01 16:00:00+00:00,2026-08-03 04:00:00+00:00,SEPD,SLOU,2160,ups_2n,IT Power 2N + UPS 2N,0.0103793164234677,0.09317684530575598,1.0,9.0
2026-08-01 16:00:00+00:00,2026-08-03 04:00:00+00:00,SEPD,SLOU,2160,ups_dr,IT Power 2N + UPS Distributed Redundancy,0.0103793164234677,0.13402525194011555,1.0,6.75
2026-08-02 05:00:00+00:00,2026-08-03 18:00:00+00:00,SEPD,SLOU,2220,hvdc_2n,IT Power 2N + HVDC 2N,0.0102415137152176,0.06773708371816804,1.0,8.9
2026-08-02 05:00:00+00:00,2026-08-03 18:00:00+00:00,SEPD,SLOU,2220,mains_2n,IT Power 2N + Direct Utility 2N,0.0102415137152176,0.19819963694930154,1.0,0.05
2026-08-02 05:00:00+00:00,2026-08-03 18:00:00+00:00,SEPD,SLOU,2220,ups_2n,IT Power 2N + UPS 2N,0.0102415137152176,0.09303721572437565,1.0,9.0
2026-08-02 05:00:00+00:00,2026-08-03 18:00:00+00:00,SEPD,SLOU,2220,ups_dr,IT Power 2N + UPS Distributed Redundancy,0.0102415137152176,0.13384941854780613,1.0,6.75
2026-08-02 08:00:00+00:00,2026-08-03 22:00:00+00:00,SEPD,SLOU,2280,hvdc_2n,IT Power 2N + HVDC 2N,0.0088832072459417,0.06667272862325174,1.0,8.9
2026-08-02 08:00:00+00:00,2026-08-03 22:00:00+00:00,SEPD,SLOU,2280,mains_2n,IT Power 2N + Direct Utility 2N,0.0088832072459417,0.1960499088849449,1.0,0.05
2026-08-02 08:00:00+00:00,2026-08-03 22:00:00+00:00,SEPD,SLOU,2280,ups_2n,IT Power 2N + UPS 2N,0.0088832072459417,0.09167092123891424,1.0,9.0
2026-08-02 08:00:00+00:00,2026-08-03 22:00:00+00:00,SEPD,SLOU,2280,ups_dr,IT Power 2N + UPS Distributed Redundancy,0.0088832072459417,0.13212666620218952,1.0,6.75
2026-08-01 03:00:00+00:00,2026-08-02 18:00:00+00:00,SEPD,SLOU,2340,hvdc_2n,IT Power 2N + HVDC 2N,0.0103539307525903,0.06782587510951436,1.0,8.9
2026-08-01 03:00:00+00:00,2026-08-02 18:00:00+00:00,SEPD,SLOU,2340,mains_2n,IT Power 2N + Direct Utility 2N,0.0103539307525903,0.19837834682941316,1.0,0.05
2026-08-01 03:00:00+00:00,2026-08-02 18:00:00+00:00,SEPD,SLOU,2340,ups_2n,IT Power 2N + UPS 2N,0.0103539307525903,0.09315110897244792,1.0,9.0
2026-08-01 03:00:00+00:00,2026-08-02 18:00:00+00:00,SEPD,SLOU,2340,ups_dr,IT Power 2N + UPS Distributed Redundancy,0.0103539307525903,0.13399284568794476,1.0,6.75
2026-07-29 01:00:00+00:00,2026-07-30 17:00:00+00:00,SEPD,SLOU,2400,hvdc_2n,IT Power 2N + HVDC 2N,0.0117580739032352,0.06894404934734241,1.0,8.9
2026-07-29 01:00:00+00:00,2026-07-30 17:00:00+00:00,SEPD,SLOU,2400,mains_2n,IT Power 2N + Direct Utility 2N,0.0117580739032352,0.20062073687285467,1.0,0.05
2026-07-29 01:00:00+00:00,2026-07-30 17:00:00+00:00,SEPD,SLOU,2400,ups_2n,IT Power 2N + UPS 2N,0.0117580739032352,0.09458426246934262,1.0,9.0
2026-07-29 01:00:00+00:00,2026-07-30 17:00:00+00:00,SEPD,SLOU,2400,ups_dr,IT Power 2N + UPS Distributed Redundancy,0.0117580739032352,0.1357952847636957,1.0,6.75
2026-08-02 09:00:00+00:00,2026-08-04 02:00:00+00:00,SEPD,SLOU,2460,hvdc_2n,IT Power 2N + HVDC 2N,0.009421532658982,0.06709268447877154,1.0,8.9
2026-08-02 09:00:00+00:00,2026-08-04 02:00:00+00:00,SEPD,SLOU,2460,mains_2n,IT Power 2N + Direct Utility 2N,0.009421532658982,0.19689977547694773,1.0,0.05
2026-08-02 09:00:00+00:00,2026-08-04 02:00:00+00:00,SEPD,SLOU,2460,ups_2n,IT Power 2N + UPS 2N,0.009421532658982,0.09221024121766468,1.0,9.0
2026-08-02 09:00:00+00:00,2026-08-04 02:00:00+00:00,SEPD,SLOU,2460,ups_dr,IT Power 2N + UPS Distributed Redundancy,0.009421532658982,0.1328071694658839,1.0,6.75
2026-07-31 21:00:00+00:00,2026-08-02 15:00:00+00:00,SEPD,SLOU,2520,hvdc_2n,IT Power 2N + HVDC 2N,0.0109830360556064,0.06832476194381766,1.0,8.9
2026-07-31 21:00:00+00:00,2026-08-02 15:00:00+00:00,SEPD,SLOU,2520,mains_2n,IT Power 2N + Direct Utility 2N,0.0109830360556064,0.19938067625878597,1.0,0.05
2026-07-31 21:00:00+00:00,2026-08-02 15:00:00+00:00,SEPD,SLOU,2520,ups_2n,IT Power 2N + UPS 2N,0.0109830360556064,0.09379078699204506,1.0,9.0
2026-07-31 21:00:00+00:00,2026-08-02 15:00:00+00:00,SEPD,SLOU,2520,ups_dr,IT Power 2N + UPS Distributed Redundancy,0.0109830360556064,0.13479788812152638,1.0,6.75
2026-08-02 05:00:00+00:00,2026-08-04 00:00:00+00:00,SEPD,SLOU,2580,hvdc_2n,IT Power 2N + HVDC 2N,0.0083955550758011,0.06629441203905818,1.0,8.9
2026-08-02 05:00:00+00:00,2026-08-04 00:00:00+00:00,SEPD,SLOU,2580,mains_2n,IT Power 2N + Direct Utility 2N,0.0083955550758011,0.19528243820587504,1.0,0.05
2026-08-02 05:00:00+00:00,2026-08-04 00:00:00+00:00,SEPD,SLOU,2580,ups_2n,IT Power 2N + UPS 2N,0.0083955550758011,0.09118481802968822,1.0,9.0
2026-08-02 05:00:00+00:00,2026-08-04 00:00:00+00:00,SEPD,SLOU,2580,ups_dr,IT Power 2N + UPS Distributed Redundancy,0.0083955550758011,0.13151277350943535,1.0,6.75
2026-08-01 21:00:00+00:00,2026-08-03 17:00:00+00:00,SEPD,SLOU,2640,hvdc_2n,IT Power 2N + HVDC 2N,0.0103474112448231,0.06782072279964944,1.0,8.9
2026-08-01 21:00:00+00:00,2026-08-03 17:00:00+00:00,SEPD,SLOU,2640,mains_2n,IT Power 2N + Direct Utility 2N,0.0103474112448231,0.1983679794265865,1.0,0.05
2026-08-01 21:00:00+00:00,2026-08-03 17:00:00+00:00,SEPD,SLOU,2640,ups_2n,IT Power 2N + UPS 2N,0.0103474112448231,0.09314450043758271,1.0,9.0
2026-08-01 21:00:00+00:00,2026-08-03 17:00:00+00:00,SEPD,SLOU,2640,ups_dr,IT Power 2N + UPS Distributed Redundancy,0.0103474112448231,0.13398452423458737,1.0,6.75
2026-08-01 22:00:00+00:00,2026-08-03 19:00:00+00:00,SEPD,SLOU,2700,hvdc_2n,IT Power 2N + HVDC 2N,0.0100376758807469,0.06757635946622718,1.0,8.9
2026-08-01 22:00:00+00:00,2026-08-03 19:00:00+00:00,SEPD,SLOU,2700,mains_2n,IT Power 2N + Direct Utility 2N,0.0100376758807469,0.19787590418088452,1.0,0.05
2026-08-01 22:00:00+00:00,2026-08-03 19:00:00+00:00,SEPD,SLOU,2700,ups_2n,IT Power 2N + UPS 2N,0.0100376758807469,0.09283101988694117,1.0,9.0
2026-08-01 22:00:00+00:00,2026-08-03 19:00:00+00:00,SEPD,SLOU,2700,ups_dr,IT Power 2N + UPS Distributed Redundancy,0.0100376758807469,0.1335896833625127,1.0,6.75
2026-08-01 17:00:00+00:00,2026-08-03 15:00:00+00:00,SEPD,SLOU,2760,hvdc_2n,IT Power 2N + HVDC 2N,0.0124598263390022,0.06950925822303833,1.0,8.9
2026-08-01 17:00:00+00:00,2026-08-03 15:00:00+00:00,SEPD,SLOU,2760,mains_2n,IT Power 2N + Direct Utility 2N,0.0124598263390022,0.2017485164130919,1.0,0.05
2026-08-01 17:00:00+00:00,2026-08-03 15:00:00+00:00,SEPD,SLOU,2760,ups_2n,IT Power 2N + UPS 2N,0.0124598263390022,0.09530788944124796,1.0,9.0
2026-08-01 17:00:00+00:00,2026-08-03 15:00:00+00:00,SEPD,SLOU,2760,ups_dr,IT Power 2N + UPS Distributed Redundancy,0.0124598263390022,0.1367037294034987,1.0,6.75
2026-08-01 16:00:00+00:00,2026-08-03 15:00:00+00:00,SEPD,SLOU,2820,hvdc_2n,IT Power 2N + HVDC 2N,0.0127267562976816,0.06972537371603386,1.0,8.9
2026-08-01 16:00:00+00:00,2026-08-03 15:00:00+00:00,SEPD,SLOU,2820,mains_2n,IT Power 2N + Direct Utility 2N,0.0127267562976816,0.20217873882890855,1.0,0.05
2026-08-01 16:00:00+00:00,2026-08-03 15:00:00+00:00,SEPD,SLOU,2820,ups_2n,IT Power 2N + UPS 2N,0.0127267562976816,0.09558443786478948,1.0,9.0
2026-08-01 16:00:00+00:00,2026-08-03 15:00:00+00:00,SEPD,SLOU,2820,ups_dr,IT Power 2N + UPS Distributed Redundancy,0.0127267562976816,0.1370506207274618,1.0,6.75
2026-08-01 06:00:00+00:00,2026-08-03 06:00:00+00:00,SEPD,SLOU,2880,hvdc_2n,IT Power 2N + HVDC 2N,0.0077076849091694,0.06576415778726363,1.0,8.9
2026-08-01 06:00:00+00:00,2026-08-03 06:00:00+00:00,SEPD,SLOU,2880,mains_2n,IT Power 2N + Direct Utility 2N,0.0077076849091694,0.1942037347294282,1.0,0.05
2026-08-01 06:00:00+00:00,2026-08-03 06:00:00+00:00,SEPD,SLOU,2880,ups_2n,IT Power 2N + UPS 2N,0.0077076849091694,0.09050307564654125,1.0,9.0
2026-08-01 06:00:00+00:00,2026-08-03 06:00:00+00:00,SEPD,SLOU,2880,ups_dr,IT Power 2N + UPS Distributed Redundancy,0.0077076849091694,0.1306509481744978,1.0,6.75
2026-07-29 01:00:00+00:00,2026-07-29 02:00:00+00:00,SEPD,SOTN,60,hvdc_2n,IT Power 2N + HVDC 2N,0.0041124789436223,0.06305637111680301,1.0,8.9
2026-07-29 01:00:00+00:00,2026-07-29 02:00:00+00:00,SEPD,SOTN,60,mains_2n,IT Power 2N + Direct Utility 2N,0.0041124789436223,0.1886394191102951,1.0,0.05
2026-07-29 01:00:00+00:00,2026-07-29 02:00:00+00:00,SEPD,SOTN,60,ups_2n,IT Power 2N + UPS 2N,0.0041124789436223,0.08701410077204633,1.0,9.0
2026-07-29 01:00:00+00:00,2026-07-29 02:00:00+00:00,SEPD,SOTN,60,ups_dr,IT Power 2N + UPS Distributed Redundancy,0.0041124789436223,0.1262243542487693,1.0,6.75
2026-08-03 21:00:00+00:00,2026-08-03 23:00:00+00:00,SEPD,SOTN,120,hvdc_2n,IT Power 2N + HVDC 2N,0.0071137672194882,0.06530950247850213,1.0,8.9
2026-08-03 21:00:00+00:00,2026-08-03 23:00:00+00:00,SEPD,SOTN,120,mains_2n,IT Power 2N + Direct Utility 2N,0.0071137672194882,0.19327600863236805,1.0,0.05
2026-08-03 21:00:00+00:00,2026-08-03 23:00:00+00:00,SEPD,SOTN,120,ups_2n,IT Power 2N + UPS 2N,0.0071137672194882,0.08991814468614673,1.0,9.0
2026-08-03 21:00:00+00:00,2026-08-03 23:00:00+00:00,SEPD,SOTN,120,ups_dr,IT Power 2N + UPS Distributed Redundancy,0.0071137672194882,0.12991069978916422,1.0,6.75
2026-08-02 20:00:00+00:00,2026-08-02 23:00:00+00:00,SEPD,SOTN,180,hvdc_2n,IT Power 2N + HVDC 2N,0.0071151986388249,0.0653105947345885,1.0,8.9
2026-08-02 20:00:00+00:00,2026-08-02 23:00:00+00:00,SEPD,SOTN,180,mains_2n,IT Power 2N + Direct Utility 2N,0.0071151986388249,0.19327824051682413,1.0,0.05
2026-08-02 20:00:00+00:00,2026-08-02 23:00:00+00:00,SEPD,SOTN,180,ups_2n,IT Power 2N + UPS 2N,0.0071151986388249,0.08991955034191143,1.0,9.0
2026-08-02 20:00:00+00:00,2026-08-02 23:00:00+00:00,SEPD,SOTN,180,ups_dr,IT Power 2N + UPS Distributed Redundancy,0.0071151986388249,0.12991247958770277,1.0,6.75
2026-08-02 23:00:00+00:00,2026-08-03 03:00:00+00:00,SEPD,SOTN,240,hvdc_2n,IT Power 2N + HVDC 2N,0.0061523888445345,0.06457974153979232,1.0,8.9
2026-08-02 23:00:00+00:00,2026-08-03 03:00:00+00:00,SEPD,SOTN,240,mains_2n,IT Power 2N + Direct Utility 2N,0.0061523888445345,0.19178144234637917,1.0,0.05
2026-08-02 23:00:00+00:00,2026-08-03 03:00:00+00:00,SEPD,SOTN,240,ups_2n,IT Power 2N + UPS 2N,0.0061523888445345,0.08897853210353278,1.0,9.0
2026-08-02 23:00:00+00:00,2026-08-03 03:00:00+00:00,SEPD,SOTN,240,ups_dr,IT Power 2N + UPS Distributed Redundancy,0.0061523888445345,0.1287200189954004,1.0,6.75
2026-08-01 19:00:00+00:00,2026-08-02 00:00:00+00:00,SEPD,SOTN,300,hvdc_2n,IT Power 2N + HVDC 2N,0.0095974709677911,0.0672304680987786,1.0,8.9
2026-08-01 19:00:00+00:00,2026-08-02 00:00:00+00:00,SEPD,SOTN,300,mains_2n,IT Power 2N + Direct Utility 2N,0.0095974709677911,0.19717813554046743,1.0,0.05
2026-08-01 19:00:00+00:00,2026-08-02 00:00:00+00:00,SEPD,SOTN,300,ups_2n,IT Power 2N + UPS 2N,0.0095974709677911,0.09238712173574502,1.0,9.0
2026-08-01 19:00:00+00:00,2026-08-02 00:00:00+00:00,SEPD,SOTN,300,ups_dr,IT Power 2N + UPS Distributed Redundancy,0.0095974709677911,0.13303021775530802,1.0,6.75
2026-08-01 11:00:00+00:00,2026-08-01 17:00:00+00:00,SEPD,SOTN,360,hvdc_2n,IT Power 2N + HVDC 2N,0.0753876016858917,0.14092178164768804,1.0,8.9
2026-08-01 11:00:00+00:00,2026-08-01 17:00:00+00:00,SEPD,SOTN,360,mains_2n,IT Power 2N + Direct Utility 2N,0.0753876016858917,0.32166645139258904,1.0,0.05
2026-08-01 11:00:00+00:00,2026-08-01 17:00:00+00:00,SEPD,SOTN,360,ups_2n,IT Power 2N + UPS 2N,0.0753876016858917,0.18312026175262938,1.0,9.0
2026-08-01 11:00:00+00:00,2026-08-01 17:00:00+00:00,SEPD,SOTN,360,ups_dr,IT Power 2N + UPS Distributed Redundancy,0.0753876016858917,0.24035460567530037,1.0,6.75
2026-07-30 14:00:00+00:00,2026-07-30 21:00:00+00:00,SEPD,SOTN,420,hvdc_2n,IT Power 2N + HVDC 2N,0.0710359125957748,0.13446415949542306,1.0,8.9
2026-07-30 14:00:00+00:00,2026-07-30 21:00:00+00:00,SEPD,SOTN,420,mains_2n,IT Power 2N + Direct Utility 2N,0.0710359125957748,0.3122457859252633,1.0,0.05
2026-07-30 14:00:00+00:00,2026-07-30 21:00:00+00:00,SEPD,SOTN,420,ups_2n,IT Power 2N + UPS 2N,0.0710359125957748,0.17543765039803655,1.0,9.0
2026-07-30 14:00:00+00:00,2026-07-30 21:00:00+00:00,SEPD,SOTN,420,ups_dr,IT Power 2N + UPS Distributed Redundancy,0.0710359125957748,0.23172347906363752,1.0,6.75
2026-08-02 12:00:00+00:00,2026-08-02 20:00:00+00:00,SEPD,SOTN,480,hvdc_2n,IT Power 2N + HVDC 2N,0.0176294322935136,0.07380679231495124,1.0,8.9
2026-08-02 12:00:00+00:00,2026-08-02 20:00:00+00:00,SEPD,SOTN,480,mains_2n,IT Power 2N + Direct Utility 2N,0.0176294322935136,0.21020242605874567,1.0,0.05
2026-08-02 12:00:00+00:00,2026-08-02 20:00:00+00:00,SEPD,SOTN,480,ups_2n,IT Power 2N + UPS 2N,0.0176294322935136,0.10079277727201752,1.0,9.0
2026-08-02 12:00:00+00:00,2026-08-02 20:00:00+00:00,SEPD,SOTN,480,ups_dr,IT Power 2N + UPS Distributed Redundancy,0.0176294322935136,0.14355446137922218,1.0,6.75
2026-08-03 08:00:00+00:00,2026-08-03 17:00:00+00:00,SEPD,SOTN,540,hvdc_2n,IT Power 2N + HVDC 2N,0.0208190098094126,0.07657899906289617,1.0,8.9
2026-08-03 08:00:00+00:00,2026-08-03 17:00:00+00:00,SEPD,SOTN,540,mains_2n,IT Power 2N + Direct Utility 2N,0.0208190098094126,0.21554662369647623,1.0,0.05
2026-08-03 08:00:00+00:00,2026-08-03 17:00:00+00:00,SEPD,SOTN,540,ups_2n,IT Power 2N + UPS 2N,0.0208190098094126,0.10431516246146327,1.0,9.0
2026-08-03 08:00:00+00:00,2026-08-03 17:00:00+00:00,SEPD,SOTN,540,ups_dr,IT Power 2N + UPS Distributed Redundancy,0.0208190098094126,0.1479222611609319,1.0,6.75
2026-08-02 19:00:00+00:00,2026-08-03 05:00:00+00:00,SEPD,SOTN,600,hvdc_2n,IT Power 2N + HVDC 2N,0.0147394552344871,0.07137503446107846,1.0,8.9
2026-08-02 19:00:00+00:00,2026-08-03 05:00:00+00:00,SEPD,SOTN,600,mains_2n,IT Power 2N + Direct Utility 2N,0.0147394552344871,0.2054447394149077,1.0,0.05
2026-08-02 19:00:00+00:00,2026-08-03 05:00:00+00:00,SEPD,SOTN,600,ups_2n,IT Power 2N + UPS 2N,0.0147394552344871,0.0976928564189928,1.0,9.0
2026-08-02 19:00:00+00:00,2026-08-03 05:00:00+00:00,SEPD,SOTN,600,ups_dr,IT Power 2N + UPS Distributed Redundancy,0.0147394552344871,0.1396901340273379,1.0,6.75
2026-08-03 15:00:00+00:00,2026-08-04 02:00:00+00:00,SEPD,SOTN,660,hvdc_2n,IT Power 2N + HVDC 2N,0.0198418371719842,0.07571969866318501,1.0,8.9
2026-08-03 15:00:00+00:00,2026-08-04 02:00:00+00:00,SEPD,SOTN,660,mains_2n,IT Power 2N + Direct Utility 2N,0.0198418371719842,0.21389895184728416,1.0,0.05
2026-08-03 15:00:00+00:00,2026-08-04 02:00:00+00:00,SEPD,SOTN,660,ups_2n,IT Power 2N + UPS 2N,0.0198418371719842,0.10322462683082587,1.0,9.0
2026-08-03 15:00:00+00:00,2026-08-04 02:00:00+00:00,SEPD,SOTN,660,ups_dr,IT Power 2N + UPS Distributed Redundancy,0.0198418371719842,0.14657257712756075,1.0,6.75
2026-08-02 23:00:00+00:00,2026-08-03 11:00:00+00:00,SEPD,SOTN,720,hvdc_2n,IT Power 2N + HVDC 2N,0.0166661193143936,0.07298786182478907,1.0,8.9
2026-08-02 23:00:00+00:00,2026-08-03 11:00:00+00:00,SEPD,SOTN,720,mains_2n,IT Power 2N + Direct Utility 2N,0.0166661193143936,0.20860762369809221,1.0,0.05
2026-08-02 23:00:00+00:00,2026-08-03 11:00:00+00:00,SEPD,SOTN,720,ups_2n,IT Power 2N + UPS 2N,0.0166661193143936,0.09974989929226508,1.0,9.0
2026-08-02 23:00:00+00:00,2026-08-03 11:00:00+00:00,SEPD,SOTN,720,ups_dr,IT Power 2N + UPS Distributed Redundancy,0.0166661193143936,0.14225657931759797,1.0,6.75
2026-08-03 13:00:00+00:00,2026-08-04 02:00:00+00:00,SEPD,SOTN,780,hvdc_2n,IT Power 2N + HVDC 2N,0.0354874503276321,0.09059373492360201,1.0,8.9
2026-08-03 13:00:00+00:00,2026-08-04 02:00:00+00:00,SEPD,SOTN,780,mains_2n,IT Power 2N + Direct Utility 2N,0.0354874503276321,0.24138055691921703,1.0,0.05
2026-08-03 13:00:00+00:00,2026-08-04 02:00:00+00:00,SEPD,SOTN,780,ups_2n,IT Power 2N + UPS 2N,0.0354874503276321,0.12194377020880368,1.0,9.0
2026-08-03 13:00:00+00:00,2026-08-04 02:00:00+00:00,SEPD,SOTN,780,ups_dr,IT Power 2N + UPS Distributed Redundancy,0.0354874503276321,0.16943482736383733,1.0,6.75
2026-08-02 13:00:00+00:00,2026-08-03 03:00:00+00:00,SEPD,SOTN,840,hvdc_2n,IT Power 2N + HVDC 2N,0.0149519587441737,0.07155129589550235,1.0,8.9
2026-08-02 13:00:00+00:00,2026-08-03 03:00:00+00:00,SEPD,SOTN,840,mains_2n,IT Power 2N + Direct Utility 2N,0.0149519587441737,0.20579184132519565,1.0,0.05
2026-08-02 13:00:00+00:00,2026-08-03 03:00:00+00:00,SEPD,SOTN,840,ups_2n,IT Power 2N + UPS 2N,0.0149519587441737,0.09791787070542476,1.0,9.0
2026-08-02 13:00:00+00:00,2026-08-03 03:00:00+00:00,SEPD,SOTN,840,ups_dr,IT Power 2N + UPS Distributed Redundancy,0.0149519587441737,0.13997128860919242,1.0,6.75
2026-08-01 18:00:00+00:00,2026-08-02 09:00:00+00:00,SEPD,SOTN,900,hvdc_2n,IT Power 2N + HVDC 2N,0.0225453121063815,0.07811894557029775,1.0,8.9
2026-08-01 18:00:00+00:00,2026-08-02 09:00:00+00:00,SEPD,SOTN,900,mains_2n,IT Power 2N + Direct Utility 2N,0.0225453121063815,0.21847989503242743,1.0,0.05
2026-08-01 18:00:00+00:00,2026-08-02 09:00:00+00:00,SEPD,SOTN,900,ups_2n,IT Power 2N + UPS 2N,0.0225453121063815,0.10626662229900224,1.0,9.0
2026-08-01 18:00:00+00:00,2026-08-02 09:00:00+00:00,SEPD,SOTN,900,ups_dr,IT Power 2N + UPS Distributed Redundancy,0.0225453121063815,0.1503317364251435,1.0,6.75
2026-08-02 11:00:00+00:00,2026-08-03 03:00:00+00:00,SEPD,SOTN,960,hvdc_2n,IT Power 2N + HVDC 2N,0.0156331633086788,0.07211903350602974,1.0,8.9
2026-08-02 11:00:00+00:00,2026-08-03 03:00:00+00:00,SEPD,SOTN,960,mains_2n,IT Power 2N + Direct Utility 2N,0.0156331633086788,0.20690744421992177,1.0,0.05
2026-08-02 11:00:00+00:00,2026-08-03 03:00:00+00:00,SEPD,SOTN,960,ups_2n,IT Power 2N + UPS 2N,0.0156331633086788,0.09864229699123266,1.0,9.0
2026-08-02 11:00:00+00:00,2026-08-03 03:00:00+00:00,SEPD,SOTN,960,ups_dr,IT Power 2N + UPS Distributed Redundancy,0.0156331633086788,0.14087575685526904,1.0,6.75
2026-08-02 18:00:00+00:00,2026-08-03 11:00:00+00:00,SEPD,SOTN,1020,hvdc_2n,IT Power 2N + HVDC 2N,0.0200824969692452,0.07593050344951628,1.0,8.9
2026-08-02 18:00:00+00:00,2026-08-03 11:00:00+00:00,SEPD,SOTN,1020,mains_2n,IT Power 2N + Direct Utility 2N,0.0200824969692452,0.21430389074505246,1.0,0.05
2026-08-02 18:00:00+00:00,2026-08-03 11:00:00+00:00,SEPD,SOTN,1020,ups_2n,IT Power 2N + UPS 2N,0.0200824969692452,0.10349226583721657,1.0,9.0
2026-08-02 18:00:00+00:00,2026-08-03 11:00:00+00:00,SEPD,SOTN,1020,ups_dr,IT Power 2N + UPS Distributed Redundancy,0.0200824969692452,0.14690403002323227,1.0,6.75
2026-08-01 12:00:00+00:00,2026-08-02 06:00:00+00:00,SEPD,SOTN,1080,hvdc_2n,IT Power 2N + HVDC 2N,0.0626255913533787,0.12269209364354704,1.0,8.9
2026-08-01 12:00:00+00:00,2026-08-02 06:00:00+00:00,SEPD,SOTN,1080,mains_2n,IT Power 2N + Direct Utility 2N,0.0626255913533787,0.29447583316086046,1.0,0.05
2026-08-01 12:00:00+00:00,2026-08-02 06:00:00+00:00,SEPD,SOTN,1080,ups_2n,IT Power 2N + UPS 2N,0.0626255913533787,0.16131274198432752,1.0,9.0
2026-08-01 12:00:00+00:00,2026-08-02 06:00:00+00:00,SEPD,SOTN,1080,ups_dr,IT Power 2N + UPS Distributed Redundancy,0.0626255913533787,0.21566355408919557,1.0,6.75
2026-08-02 19:00:00+00:00,2026-08-03 14:00:00+00:00,SEPD,SOTN,1140,hvdc_2n,IT Power 2N + HVDC 2N,0.0197077917083271,0.07560251529625095,1.0,8.9
2026-08-02 19:00:00+00:00,2026-08-03 14:00:00+00:00,SEPD,SOTN,1140,mains_2n,IT Power 2N + Direct Utility 2N,0.0197077917083271,0.21367364594673013,1.0,0.05
2026-08-02 19:00:00+00:00,2026-08-03 14:00:00+00:00,SEPD,SOTN,1140,ups_2n,IT Power 2N + UPS 2N,0.0197077917083271,0.103075819894062,1.0,9.0
2026-08-02 19:00:00+00:00,2026-08-03 14:00:00+00:00,SEPD,SOTN,1140,ups_dr,IT Power 2N + UPS Distributed Redundancy,0.0197077917083271,0.14638822940313104,1.0,6.75
2026-08-03 01:00:00+00:00,2026-08-03 21:00:00+00:00,SEPD,SOTN,1200,hvdc_2n,IT Power 2N + HVDC 2N,0.0158070280288192,0.07226460204322033,1.0,8.9
2026-08-03 01:00:00+00:00,2026-08-03 21:00:00+00:00,SEPD,SOTN,1200,mains_2n,IT Power 2N + Direct Utility 2N,0.0158070280288192,0.20719289597147764,1.0,0.05
2026-08-03 01:00:00+00:00,2026-08-03 21:00:00+00:00,SEPD,SOTN,1200,ups_2n,IT Power 2N + UPS 2N,0.0158070280288192,0.09882795629983515,1.0,9.0
2026-08-03 01:00:00+00:00,2026-08-03 21:00:00+00:00,SEPD,SOTN,1200,ups_dr,IT Power 2N + UPS Distributed Redundancy,0.0158070280288192,0.14110738676815907,1.0,6.75
2026-08-02 13:00:00+00:00,2026-08-03 10:00:00+00:00,SEPD,SOTN,1260,hvdc_2n,IT Power 2N + HVDC 2N,0.0193349191530613,0.07527742318749706,1.0,8.9
2026-08-02 13:00:00+00:00,2026-08-03 10:00:00+00:00,SEPD,SOTN,1260,mains_2n,IT Power 2N + Direct Utility 2N,0.0193349191530613,0.21304782472115208,1.0,0.05
2026-08-02 13:00:00+00:00,2026-08-03 10:00:00+00:00,SEPD,SOTN,1260,ups_2n,IT Power 2N + UPS 2N,0.0193349191530613,0.1026628838071581,1.0,9.0
2026-08-02 13:00:00+00:00,2026-08-03 10:00:00+00:00,SEPD,SOTN,1260,ups_dr,IT Power 2N + UPS Distributed Redundancy,0.0193349191530613,0.14587644197161548,1.0,6.75
2026-08-02 21:00:00+00:00,2026-08-03 19:00:00+00:00,SEPD,SOTN,1320,hvdc_2n,IT Power 2N + HVDC 2N,0.0159893991638859,0.0724175836958755,1.0,8.9
2026-08-02 21:00:00+00:00,2026-08-03 19:00:00+00:00,SEPD,SOTN,1320,mains_2n,IT Power 2N + Direct Utility 2N,0.0159893991638859,0.20749262606396335,1.0,0.05
2026-08-02 21:00:00+00:00,2026-08-03 19:00:00+00:00,SEPD,SOTN,1320,ups_2n,IT Power 2N + UPS 2N,0.0159893991638859,0.09902303333816309,1.0,9.0
2026-08-02 21:00:00+00:00,2026-08-03 19:00:00+00:00,SEPD,SOTN,1320,ups_dr,IT Power 2N + UPS Distributed Redundancy,0.0159893991638859,0.14135069121586213,1.0,6.75
2026-08-02 15:00:00+00:00,2026-08-03 14:00:00+00:00,SEPD,SOTN,1380,hvdc_2n,IT Power 2N + HVDC 2N,0.0195956888172323,0.0755046421486007,1.0,8.9
2026-08-02 15:00:00+00:00,2026-08-03 14:00:00+00:00,SEPD,SOTN,1380,mains_2n,IT Power 2N + Direct Utility 2N,0.0195956888172323,0.21348535424433496,1.0,0.05
2026-08-02 15:00:00+00:00,2026-08-03 14:00:00+00:00,SEPD,SOTN,1380,ups_2n,IT Power 2N + UPS 2N,0.0195956888172323,0.10295151772944744,1.0,9.0
2026-08-02 15:00:00+00:00,2026-08-03 14:00:00+00:00,SEPD,SOTN,1380,ups_dr,IT Power 2N + UPS Distributed Redundancy,0.0195956888172323,0.14623420601826684,1.0,6.75
2026-08-02 10:00:00+00:00,2026-08-03 10:00:00+00:00,SEPD,SOTN,1440,hvdc_2n,IT Power 2N + HVDC 2N,0.0206350942289983,0.07641658814126188,1.0,8.9
2026-08-02 10:00:00+00:00,2026-08-03 10:00:00+00:00,SEPD,SOTN,1440,mains_2n,IT Power 2N + Direct Utility 2N,0.0206350942289983,0.2152358103801293,1.0,0.05
2026-08-02 10:00:00+00:00,2026-08-03 10:00:00+00:00,SEPD,SOTN,1440,ups_2n,IT Power 2N + UPS 2N,0.0206350942289983,0.1041091359249367,1.0,9.0
2026-08-02 10:00:00+00:00,2026-08-03 10:00:00+00:00,SEPD,SOTN,1440,ups_dr,IT Power 2N + UPS Distributed Redundancy,0.0206350942289983,0.14766745226457012,1.0,6.75
2026-07-31 17:00:00+00:00,2026-08-01 18:00:00+00:00,SEPD,SOTN,1500,hvdc_2n,IT Power 2N + HVDC 2N,0.0189969657700437,0.0749838855080954,1.0,8.9
2026-07-31 17:00:00+00:00,2026-08-01 18:00:00+00:00,SEPD,SOTN,1500,mains_2n,IT Power 2N + Direct Utility 2N,0.0189969657700437,0.21248176680217415,1.0,0.05
2026-07-31 17:00:00+00:00,2026-08-01 18:00:00+00:00,SEPD,SOTN,1500,ups_2n,IT Power 2N + UPS 2N,0.0189969657700437,0.10228988512948065,1.0,9.0
2026-07-31 17:00:00+00:00,2026-08-01 18:00:00+00:00,SEPD,SOTN,1500,ups_dr,IT Power 2N + UPS Distributed Redundancy,0.0189969657700437,0.14541386554642005,1.0,6.75
2026-08-02 15:00:00+00:00,2026-08-03 17:00:00+00:00,SEPD,SOTN,1560,hvdc_2n,IT Power 2N + HVDC 2N,0.0186636822231479,0.07469543440608133,1.0,8.9
2026-08-02 15:00:00+00:00,2026-08-03 17:00:00+00:00,SEPD,SOTN,1560,mains_2n,IT Power 2N + Direct Utility 2N,0.0186636822231479,0.21192460697419427,1.0,0.05
2026-08-02 15:00:00+00:00,2026-08-03 17:00:00+00:00,SEPD,SOTN,1560,ups_2n,IT Power 2N + UPS 2N,0.0186636822231479,0.10192321704407914,1.0,9.0
2026-08-02 15:00:00+00:00,2026-08-03 17:00:00+00:00,SEPD,SOTN,1560,ups_dr,IT Power 2N + UPS Distributed Redundancy,0.0186636822231479,0.14495887377874805,1.0,6.75
2026-08-02 08:00:00+00:00,2026-08-03 11:00:00+00:00,SEPD,SOTN,1620,hvdc_2n,IT Power 2N + HVDC 2N,0.0160385550889483,0.07245886909868651,1.0,8.9
2026-08-02 08:00:00+00:00,2026-08-03 11:00:00+00:00,SEPD,SOTN,1620,mains_2n,IT Power 2N + Direct Utility 2N,0.0160385550889483,0.20757346941240068,1.0,0.05
2026-08-02 08:00:00+00:00,2026-08-03 11:00:00+00:00,SEPD,SOTN,1620,ups_2n,IT Power 2N + UPS 2N,0.0160385550889483,0.09907567259565928,1.0,9.0
2026-08-02 08:00:00+00:00,2026-08-03 11:00:00+00:00,SEPD,SOTN,1620,ups_dr,IT Power 2N + UPS Distributed Redundancy,0.0160385550889483,0.14141633090852096,1.0,6.75
2026-08-02 11:00:00+00:00,2026-08-03 15:00:00+00:00,SEPD,SOTN,1680,hvdc_2n,IT Power 2N + HVDC 2N,0.0208529249030901,0.0766089831219897,1.0,8.9
2026-08-02 11:00:00+00:00,2026-08-03 15:00:00+00:00,SEPD,SOTN,1680,mains_2n,IT Power 2N + Direct Utility 2N,0.0208529249030901,0.21560397499789916,1.0,0.05
2026-08-02 11:00:00+00:00,2026-08-03 15:00:00+00:00,SEPD,SOTN,1680,ups_2n,IT Power 2N + UPS 2N,0.0208529249030901,0.10435319426010042,1.0,9.0
2026-08-02 11:00:00+00:00,2026-08-03 15:00:00+00:00,SEPD,SOTN,1680,ups_dr,IT Power 2N + UPS Distributed Redundancy,0.0208529249030901,0.14796928905212786,1.0,6.75
2026-08-02 21:00:00+00:00,2026-08-04 02:00:00+00:00,SEPD,SOTN,1740,hvdc_2n,IT Power 2N + HVDC 2N,0.0144161655903524,0.07110764991635006,1.0,8.9
2026-08-02 21:00:00+00:00,2026-08-04 02:00:00+00:00,SEPD,SOTN,1740,mains_2n,IT Power 2N + Direct Utility 2N,0.0144161655903524,0.20491751297625949,1.0,0.05
2026-08-02 21:00:00+00:00,2026-08-04 02:00:00+00:00,SEPD,SOTN,1740,ups_2n,IT Power 2N + UPS 2N,0.0144161655903524,0.09735141798458026,1.0,9.0
2026-08-02 21:00:00+00:00,2026-08-04 02:00:00+00:00,SEPD,SOTN,1740,ups_dr,IT Power 2N + UPS Distributed Redundancy,0.0144161655903524,0.13926331031305464,1.0,6.75
2026-08-02 10:00:00+00:00,2026-08-03 16:00:00+00:00,SEPD,SOTN,1800,hvdc_2n,IT Power 2N + HVDC 2N,0.0207790308052294,0.0765436677706276,1.0,8.9
2026-08-02 10:00:00+00:00,2026-08-03 16:00:00+00:00,SEPD,SOTN,1800,mains_2n,IT Power 2N + Direct Utility 2N,0.0207790308052294,0.21547903237433272,1.0,0.05
2026-08-02 10:00:00+00:00,2026-08-03 16:00:00+00:00,SEPD,SOTN,1800,ups_2n,IT Power 2N + UPS 2N,0.0207790308052294,0.10427034642577733,1.0,9.0
2026-08-02 10:00:00+00:00,2026-08-03 16:00:00+00:00,SEPD,SOTN,1800,ups_dr,IT Power 2N + UPS Distributed Redundancy,0.0207790308052294,0.14786684069551045,1.0,6.75
2026-08-02 11:00:00+00:00,2026-08-03 18:00:00+00:00,SEPD,SOTN,1860,hvdc_2n,IT Power 2N + HVDC 2N,0.0203516106132,0.07616687010642595,1.0,8.9
2026-08-02 11:00:00+00:00,2026-08-03 18:00:00+00:00,SEPD,SOTN,1860,mains_2n,IT Power 2N + Direct Utility 2N,0.0203516106132,0.2147573665783072,1.0,0.05
2026-08-02 11:00:00+00:00,2026-08-03 18:00:00+00:00,SEPD,SOTN,1860,ups_2n,IT Power 2N + UPS 2N,0.0203516106132,0.10379227531663944,1.0,9.0
2026-08-02 11:00:00+00:00,2026-08-03 18:00:00+00:00,SEPD,SOTN,1860,ups_dr,IT Power 2N + UPS Distributed Redundancy,0.0203516106132,0.14727540605350287,1.0,6.75
2026-08-01 07:00:00+00:00,2026-08-02 15:00:00+00:00,SEPD,SOTN,1920,hvdc_2n,IT Power 2N + HVDC 2N,0.0569598585610203,0.11527036133729342,1.0,8.9
2026-08-01 07:00:00+00:00,2026-08-02 15:00:00+00:00,SEPD,SOTN,1920,mains_2n,IT Power 2N + Direct Utility 2N,0.0569598585610203,0.28284328332660363,1.0,0.05
2026-08-01 07:00:00+00:00,2026-08-02 15:00:00+00:00,SEPD,SOTN,1920,ups_2n,IT Power 2N + UPS 2N,0.0569598585610203,0.15232489853740294,1.0,9.0
2026-08-01 07:00:00+00:00,2026-08-02 15:00:00+00:00,SEPD,SOTN,1920,ups_dr,IT Power 2N + UPS Distributed Redundancy,0.0569598585610203,0.20530828907197843,1.0,6.75
2026-08-01 15:00:00+00:00,2026-08-03 00:00:00+00:00,SEPD,SOTN,1980,hvdc_2n,IT Power 2N + HVDC 2N,0.021351827895562,0.07705130485259133,1.0,8.9
2026-08-01 15:00:00+00:00,2026-08-03 00:00:00+00:00,SEPD,SOTN,1980,mains_2n,IT Power 2N + Direct Utility 2N,0.021351827895562,0.21644891134969957,1.0,0.05
2026-08-01 15:00:00+00:00,2026-08-03 00:00:00+00:00,SEPD,SOTN,1980,ups_2n,IT Power 2N + UPS 2N,0.021351827895562,0.10491407238874988,1.0,9.0
2026-08-01 15:00:00+00:00,2026-08-03 00:00:00+00:00,SEPD,SOTN,1980,ups_dr,IT Power 2N + UPS Distributed Redundancy,0.021351827895562,0.14866251430070396,1.0,6.75
2026-08-01 23:00:00+00:00,2026-08-03 09:00:00+00:00,SEPD,SOTN,2040,hvdc_2n,IT Power 2N + HVDC 2N,0.0191807437043332,0.07514337962218119,1.0,8.9
2026-08-01 23:00:00+00:00,2026-08-03 09:00:00+00:00,SEPD,SOTN,2040,mains_2n,IT Power 2N + Direct Utility 2N,0.0191807437043332,0.21278945091320278,1.0,0.05
2026-08-01 23:00:00+00:00,2026-08-03 09:00:00+00:00,SEPD,SOTN,2040,ups_2n,IT Power 2N + UPS 2N,0.0191807437043332,0.10249257139687958,1.0,9.0
2026-08-01 23:00:00+00:00,2026-08-03 09:00:00+00:00,SEPD,SOTN,2040,ups_dr,IT Power 2N + UPS Distributed Redundancy,0.0191807437043332,0.1456652619065249,1.0,6.75
2026-08-01 23:00:00+00:00,2026-08-03 10:00:00+00:00,SEPD,SOTN,2100,hvdc_2n,IT Power 2N + HVDC 2N,0.0191807437043332,0.07514337962218119,1.0,8.9
2026-08-01 23:00:00+00:00,2026-08-03 10:00:00+00:00,SEPD,SOTN,2100,mains_2n,IT Power 2N + Direct Utility 2N,0.0191807437043332,0.21278945091320278,1.0,0.05
2026-08-01 23:00:00+00:00,2026-08-03 10:00:00+00:00,SEPD,SOTN,2100,ups_2n,IT Power 2N + UPS 2N,0.0191807437043332,0.10249257139687958,1.0,9.0
2026-08-01 23:00:00+00:00,2026-08-03 10:00:00+00:00,SEPD,SOTN,2100,ups_dr,IT Power 2N + UPS Distributed Redundancy,0.0191807437043332,0.1456652619065249,1.0,6.75
2026-08-01 08:00:00+00:00,2026-08-02 20:00:00+00:00,SEPD,SOTN,2160,hvdc_2n,IT Power 2N + HVDC 2N,0.055837586541768,0.11384740475444172,1.0,8.9
2026-08-01 08:00:00+00:00,2026-08-02 20:00:00+00:00,SEPD,SOTN,2160,mains_2n,IT Power 2N + Direct Utility 2N,0.055837586541768,0.2805723917387818,1.0,0.05
2026-08-01 08:00:00+00:00,2026-08-02 20:00:00+00:00,SEPD,SOTN,2160,ups_2n,IT Power 2N + UPS 2N,0.055837586541768,0.15059410824598515,1.0,9.0
2026-08-01 08:00:00+00:00,2026-08-02 20:00:00+00:00,SEPD,SOTN,2160,ups_dr,IT Power 2N + UPS Distributed Redundancy,0.055837586541768,0.203301446017311,1.0,6.75
2026-08-02 10:00:00+00:00,2026-08-03 23:00:00+00:00,SEPD,SOTN,2220,hvdc_2n,IT Power 2N + HVDC 2N,0.0170611733185059,0.07332268723159806,1.0,8.9
2026-08-02 10:00:00+00:00,2026-08-03 23:00:00+00:00,SEPD,SOTN,2220,mains_2n,IT Power 2N + Direct Utility 2N,0.0170611733185059,0.20926057105761034,1.0,0.05
2026-08-02 10:00:00+00:00,2026-08-03 23:00:00+00:00,SEPD,SOTN,2220,ups_2n,IT Power 2N + UPS 2N,0.0170611733185059,0.10017641730425272,1.0,9.0
2026-08-02 10:00:00+00:00,2026-08-03 23:00:00+00:00,SEPD,SOTN,2220,ups_dr,IT Power 2N + UPS Distributed Redundancy,0.0170611733185059,0.14278765193395912,1.0,6.75
2026-08-02 05:00:00+00:00,2026-08-03 19:00:00+00:00,SEPD,SOTN,2280,hvdc_2n,IT Power 2N + HVDC 2N,0.0150066598160672,0.07159673277521675,1.0,8.9
2026-08-02 05:00:00+00:00,2026-08-03 19:00:00+00:00,SEPD,SOTN,2280,mains_2n,IT Power 2N + Direct Utility 2N,0.0150066598160672,0.205881259998456,1.0,0.05
2026-08-02 05:00:00+00:00,2026-08-03 19:00:00+00:00,SEPD,SOTN,2280,ups_2n,IT Power 2N + UPS 2N,0.0150066598160672,0.09797586693315813,1.0,9.0
2026-08-02 05:00:00+00:00,2026-08-03 19:00:00+00:00,SEPD,SOTN,2280,ups_dr,IT Power 2N + UPS Distributed Redundancy,0.0150066598160672,0.14004373796237735,1.0,6.75
2026-08-02 02:00:00+00:00,2026-08-03 17:00:00+00:00,SEPD,SOTN,2340,hvdc_2n,IT Power 2N + HVDC 2N,0.0144456717927893,0.07113201532742905,1.0,8.9
2026-08-02 02:00:00+00:00,2026-08-03 17:00:00+00:00,SEPD,SOTN,2340,mains_2n,IT Power 2N + Direct Utility 2N,0.0144456717927893,0.20496559053343882,1.0,0.05
2026-08-02 02:00:00+00:00,2026-08-03 17:00:00+00:00,SEPD,SOTN,2340,ups_2n,IT Power 2N + UPS 2N,0.0144456717927893,0.09738253639940392,1.0,9.0
2026-08-02 02:00:00+00:00,2026-08-03 17:00:00+00:00,SEPD,SOTN,2340,ups_dr,IT Power 2N + UPS Distributed Redundancy,0.0144456717927893,0.13930222055045968,1.0,6.75
2026-08-01 04:00:00+00:00,2026-08-02 20:00:00+00:00,SEPD,SOTN,2400,hvdc_2n,IT Power 2N + HVDC 2N,0.0571706526224157,0.11553935177799211,1.0,8.9
2026-08-01 04:00:00+00:00,2026-08-02 20:00:00+00:00,SEPD,SOTN,2400,mains_2n,IT Power 2N + Direct Utility 2N,0.0571706526224157,0.28327105989890133,1.0,0.05
2026-08-01 04:00:00+00:00,2026-08-02 20:00:00+00:00,SEPD,SOTN,2400,ups_2n,IT Power 2N + UPS 2N,0.0571706526224157,0.15265180373103332,1.0,9.0
2026-08-01 04:00:00+00:00,2026-08-02 20:00:00+00:00,SEPD,SOTN,2400,ups_dr,IT Power 2N + UPS Distributed Redundancy,0.0571706526224157,0.2056868649069972,1.0,6.75
2026-08-02 06:00:00+00:00,2026-08-03 23:00:00+00:00,SEPD,SOTN,2460,hvdc_2n,IT Power 2N + HVDC 2N,0.0121437608411027,0.06925416246728792,1.0,8.9
2026-08-02 06:00:00+00:00,2026-08-03 23:00:00+00:00,SEPD,SOTN,2460,mains_2n,IT Power 2N + Direct Utility 2N,0.0121437608411027,0.20123998520576244,1.0,0.05
2026-08-02 06:00:00+00:00,2026-08-03 23:00:00+00:00,SEPD,SOTN,2460,ups_2n,IT Power 2N + UPS 2N,0.0121437608411027,0.09498136072582058,1.0,9.0
2026-08-02 06:00:00+00:00,2026-08-03 23:00:00+00:00,SEPD,SOTN,2460,ups_dr,IT Power 2N + UPS Distributed Redundancy,0.0121437608411027,0.13629393939647666,1.0,6.75
2026-08-02 08:00:00+00:00,2026-08-04 02:00:00+00:00,SEPD,SOTN,2520,hvdc_2n,IT Power 2N + HVDC 2N,0.0117837439228318,0.06896464942468483,1.0,8.9
2026-08-02 08:00:00+00:00,2026-08-04 02:00:00+00:00,SEPD,SOTN,2520,mains_2n,IT Power 2N + Direct Utility 2N,0.0117837439228318,0.200661907575037,1.0,0.05
2026-08-02 08:00:00+00:00,2026-08-04 02:00:00+00:00,SEPD,SOTN,2520,ups_2n,IT Power 2N + UPS 2N,0.0117837439228318,0.09461064573822024,1.0,9.0
2026-08-02 08:00:00+00:00,2026-08-04 02:00:00+00:00,SEPD,SOTN,2520,ups_dr,IT Power 2N + UPS Distributed Redundancy,0.0117837439228318,0.13582842570729128,1.0,6.75
2026-07-31 21:00:00+00:00,2026-08-02 16:00:00+00:00,SEPD,SOTN,2580,hvdc_2n,IT Power 2N + HVDC 2N,0.0124376088493507,0.06949129816284369,1.0,8.9
2026-07-31 21:00:00+00:00,2026-08-02 16:00:00+00:00,SEPD,SOTN,2580,mains_2n,IT Power 2N + Direct Utility 2N,0.0124376088493507,0.2017127383939766,1.0,0.05
2026-07-31 21:00:00+00:00,2026-08-02 16:00:00+00:00,SEPD,SOTN,2580,ups_2n,IT Power 2N + UPS 2N,0.0124376088493507,0.09528490367267546,1.0,9.0
2026-07-31 21:00:00+00:00,2026-08-02 16:00:00+00:00,SEPD,SOTN,2580,ups_dr,IT Power 2N + UPS Distributed Redundancy,0.0124376088493507,0.13667488979642076,1.0,6.75
2026-08-02 03:00:00+00:00,2026-08-03 23:00:00+00:00,SEPD,SOTN,2640,hvdc_2n,IT Power 2N + HVDC 2N,0.0112666388557097,0.06855077205228714,1.0,8.9
2026-08-02 03:00:00+00:00,2026-08-03 23:00:00+00:00,SEPD,SOTN,2640,mains_2n,IT Power 2N + Direct Utility 2N,0.0112666388557097,0.19983377178909573,1.0,0.05
2026-08-02 03:00:00+00:00,2026-08-03 23:00:00+00:00,SEPD,SOTN,2640,ups_2n,IT Power 2N + UPS 2N,0.0112666388557097,0.09408044183138217,1.0,9.0
2026-08-02 03:00:00+00:00,2026-08-03 23:00:00+00:00,SEPD,SOTN,2640,ups_dr,IT Power 2N + UPS Distributed Redundancy,0.0112666388557097,0.13516213729748405,1.0,6.75
2026-08-01 07:00:00+00:00,2026-08-03 04:00:00+00:00,SEPD,SOTN,2700,hvdc_2n,IT Power 2N + HVDC 2N,0.0549363055997154,0.11271575503725202,1.0,8.9
2026-08-01 07:00:00+00:00,2026-08-03 04:00:00+00:00,SEPD,SOTN,2700,mains_2n,IT Power 2N + Direct Utility 2N,0.0549363055997154,0.27875674543527273,1.0,0.05
2026-08-01 07:00:00+00:00,2026-08-03 04:00:00+00:00,SEPD,SOTN,2700,ups_2n,IT Power 2N + UPS 2N,0.0549363055997154,0.14921587608232148,1.0,9.0
2026-08-01 07:00:00+00:00,2026-08-03 04:00:00+00:00,SEPD,SOTN,2700,ups_dr,IT Power 2N + UPS Distributed Redundancy,0.0549363055997154,0.2017003837504924,1.0,6.75
2026-08-02 04:00:00+00:00,2026-08-04 02:00:00+00:00,SEPD,SOTN,2760,hvdc_2n,IT Power 2N + HVDC 2N,0.0100336410391883,0.06757318160378677,1.0,8.9
2026-08-02 04:00:00+00:00,2026-08-04 02:00:00+00:00,SEPD,SOTN,2760,mains_2n,IT Power 2N + Direct Utility 2N,0.0100336410391883,0.19786950011684248,1.0,0.05
2026-08-02 04:00:00+00:00,2026-08-04 02:00:00+00:00,SEPD,SOTN,2760,ups_2n,IT Power 2N + UPS 2N,0.0100336410391883,0.09282694251356394,1.0,9.0
2026-08-02 04:00:00+00:00,2026-08-04 02:00:00+00:00,SEPD,SOTN,2760,ups_dr,IT Power 2N + UPS Distributed Redundancy,0.0100336410391883,0.13358454637342426,1.0,6.75
2026-08-01 00:00:00+00:00,2026-08-02 23:00:00+00:00,SEPD,SOTN,2820,hvdc_2n,IT Power 2N + HVDC 2N,0.0215279637892315,0.07720802320905458,1.0,8.9
2026-08-01 00:00:00+00:00,2026-08-02 23:00:00+00:00,SEPD,SOTN,2820,mains_2n,IT Power 2N + Direct Utility 2N,0.0215279637892315,0.21674778486742557,1.0,0.05
2026-08-01 00:00:00+00:00,2026-08-02 23:00:00+00:00,SEPD,SOTN,2820,ups_2n,IT Power 2N + UPS 2N,0.0215279637892315,0.1051127231537321,1.0,9.0
2026-08-01 00:00:00+00:00,2026-08-02 23:00:00+00:00,SEPD,SOTN,2820,ups_dr,IT Power 2N + UPS Distributed Redundancy,0.0215279637892315,0.1489078944225748,1.0,6.75
2026-08-01 03:00:00+00:00,2026-08-03 03:00:00+00:00,SEPD,SOTN,2880,hvdc_2n,IT Power 2N + HVDC 2N,0.0537098522778849,0.11119160032658083,1.0,8.9
2026-08-01 03:00:00+00:00,2026-08-03 03:00:00+00:00,SEPD,SOTN,2880,mains_2n,IT Power 2N + Direct Utility 2N,0.0537098522778849,0.2762976470410837,1.0,0.05
2026-08-01 03:00:00+00:00,2026-08-03 03:00:00+00:00,SEPD,SOTN,2880,ups_2n,IT Power 2N + UPS 2N,0.0537098522778849,0.1473571194069316,1.0,9.0
2026-08-01 03:00:00+00:00,2026-08-03 03:00:00+00:00,SEPD,SOTN,2880,ups_dr,IT Power 2N + UPS Distributed Redundancy,0.0537098522778849,0.19953684068066724,1.0,6.75
2026-08-02 22:00:00+00:00,2026-08-02 23:00:00+00:00,SEPD,SWIN,60,hvdc_2n,IT Power 2N + HVDC 2N,0.0741654724434816,0.13908247656966383,1.0,8.9
2026-08-02 22:00:00+00:00,2026-08-02 23:00:00+00:00,SEPD,SWIN,60,mains_2n,IT Power 2N + Direct Utility 2N,0.0741654724434816,0.31900563255566494,1.0,0.05
2026-08-02 22:00:00+00:00,2026-08-02 23:00:00+00:00,SEPD,SWIN,60,ups_2n,IT Power 2N + UPS 2N,0.0741654724434816,0.18093666935611025,1.0,9.0
2026-08-02 22:00:00+00:00,2026-08-02 23:00:00+00:00,SEPD,SWIN,60,ups_dr,IT Power 2N + UPS Distributed Redundancy,0.0741654724434816,0.2379086229500056,1.0,6.75
2026-08-03 08:00:00+00:00,2026-08-03 10:00:00+00:00,SEPD,SWIN,120,hvdc_2n,IT Power 2N + HVDC 2N,0.0106853446401376,0.06808826722576028,1.0,8.9
2026-08-03 08:00:00+00:00,2026-08-03 10:00:00+00:00,SEPD,SWIN,120,mains_2n,IT Power 2N + Direct Utility 2N,0.0106853446401376,0.198905902574133,1.0,0.05
2026-08-03 08:00:00+00:00,2026-08-03 10:00:00+00:00,SEPD,SWIN,120,ups_2n,IT Power 2N + UPS 2N,0.0106853446401376,0.09348760318559493,1.0,9.0
2026-08-03 08:00:00+00:00,2026-08-03 10:00:00+00:00,SEPD,SWIN,120,ups_dr,IT Power 2N + UPS Distributed Redundancy,0.0106853446401376,0.13441643584753027,1.0,6.75
2026-08-03 03:00:00+00:00,2026-08-03 06:00:00+00:00,SEPD,SWIN,180,hvdc_2n,IT Power 2N + HVDC 2N,0.0083588003555748,0.06626597898705658,1.0,8.9
2026-08-03 03:00:00+00:00,2026-08-03 06:00:00+00:00,SEPD,SWIN,180,mains_2n,IT Power 2N + Direct Utility 2N,0.0083588003555748,0.19522468565822737,1.0,0.05
2026-08-03 03:00:00+00:00,2026-08-03 06:00:00+00:00,SEPD,SWIN,180,ups_2n,IT Power 2N + UPS 2N,0.0083588003555748,0.09114827419071102,1.0,9.0
2026-08-03 03:00:00+00:00,2026-08-03 06:00:00+00:00,SEPD,SWIN,180,ups_dr,IT Power 2N + UPS Distributed Redundancy,0.0083588003555748,0.13146660216972342,1.0,6.75
2026-07-25 20:00:00+00:00,2026-07-26 00:00:00+00:00,SEPD,SWIN,240,hvdc_2n,IT Power 2N + HVDC 2N,0.0092905338946183,0.06699026488953211,1.0,8.9
2026-07-25 20:00:00+00:00,2026-07-26 00:00:00+00:00,SEPD,SWIN,240,mains_2n,IT Power 2N + Direct Utility 2N,0.0092905338946183,0.19669270904516284,1.0,0.05
2026-07-25 20:00:00+00:00,2026-07-26 00:00:00+00:00,SEPD,SWIN,240,ups_2n,IT Power 2N + UPS 2N,0.0092905338946183,0.092078738574454,1.0,9.0
2026-07-25 20:00:00+00:00,2026-07-26 00:00:00+00:00,SEPD,SWIN,240,ups_dr,IT Power 2N + UPS Distributed Redundancy,0.0092905338946183,0.13264129968324792,1.0,6.75
2026-08-03 13:00:00+00:00,2026-08-03 18:00:00+00:00,SEPD,SWIN,300,hvdc_2n,IT Power 2N + HVDC 2N,0.0082105134585886,0.06615138087820664,1.0,8.9
2026-08-03 13:00:00+00:00,2026-08-03 18:00:00+00:00,SEPD,SWIN,300,mains_2n,IT Power 2N + Direct Utility 2N,0.0082105134585886,0.1949918144240453,1.0,0.05
2026-08-03 13:00:00+00:00,2026-08-03 18:00:00+00:00,SEPD,SWIN,300,ups_2n,IT Power 2N + UPS 2N,0.0082105134585886,0.09100097188374169,1.0,9.0
2026-08-03 13:00:00+00:00,2026-08-03 18:00:00+00:00,SEPD,SWIN,300,ups_dr,IT Power 2N + UPS Distributed Redundancy,0.0082105134585886,0.131280463615437,1.0,6.75
2026-08-02 14:00:00+00:00,2026-08-02 20:00:00+00:00,SEPD,SWIN,360,hvdc_2n,IT Power 2N + HVDC 2N,0.0098976569445069,0.06746616084145059,1.0,8.9
2026-08-02 14:00:00+00:00,2026-08-02 20:00:00+00:00,SEPD,SWIN,360,mains_2n,IT Power 2N + Direct Utility 2N,0.0098976569445069,0.1976537586927829,1.0,0.05
2026-08-02 14:00:00+00:00,2026-08-02 20:00:00+00:00,SEPD,SWIN,360,ups_2n,IT Power 2N + UPS 2N,0.0098976569445069,0.09268961897314977,1.0,9.0
2026-08-02 14:00:00+00:00,2026-08-02 20:00:00+00:00,SEPD,SWIN,360,ups_dr,IT Power 2N + UPS Distributed Redundancy,0.0098976569445069,0.13341151487860298,1.0,6.75
2026-08-02 08:00:00+00:00,2026-08-02 15:00:00+00:00,SEPD,SWIN,420,hvdc_2n,IT Power 2N + HVDC 2N,0.030691512872323,0.08577445374399395,1.0,8.9
2026-08-02 08:00:00+00:00,2026-08-02 15:00:00+00:00,SEPD,SWIN,420,mains_2n,IT Power 2N + Direct Utility 2N,0.030691512872323,0.23270766305561058,1.0,0.05
2026-08-02 08:00:00+00:00,2026-08-02 15:00:00+00:00,SEPD,SWIN,420,ups_2n,IT Power 2N + UPS 2N,0.030691512872323,0.11591440587507587,1.0,9.0
2026-08-02 08:00:00+00:00,2026-08-02 15:00:00+00:00,SEPD,SWIN,420,ups_dr,IT Power 2N + UPS Distributed Redundancy,0.030691512872323,0.16213966093372698,1.0,6.75
2026-08-01 15:00:00+00:00,2026-08-01 23:00:00+00:00,SEPD,SWIN,480,hvdc_2n,IT Power 2N + HVDC 2N,0.009842456445593,0.06742276241330933,1.0,8.9
2026-08-01 15:00:00+00:00,2026-08-01 23:00:00+00:00,SEPD,SWIN,480,mains_2n,IT Power 2N + Direct Utility 2N,0.009842456445593,0.1975662326253973,1.0,0.05
2026-08-01 15:00:00+00:00,2026-08-01 23:00:00+00:00,SEPD,SWIN,480,ups_2n,IT Power 2N + UPS 2N,0.009842456445593,0.09263392681458281,1.0,9.0
2026-08-01 15:00:00+00:00,2026-08-01 23:00:00+00:00,SEPD,SWIN,480,ups_dr,IT Power 2N + UPS Distributed Redundancy,0.009842456445593,0.133341329726801,1.0,6.75
2026-08-02 12:00:00+00:00,2026-08-02 21:00:00+00:00,SEPD,SWIN,540,hvdc_2n,IT Power 2N + HVDC 2N,0.0118746484046731,0.06903764570499017,1.0,8.9
2026-08-02 12:00:00+00:00,2026-08-02 21:00:00+00:00,SEPD,SWIN,540,mains_2n,IT Power 2N + Direct Utility 2N,0.0118746484046731,0.20080775504666762,1.0,0.05
2026-08-02 12:00:00+00:00,2026-08-02 21:00:00+00:00,SEPD,SWIN,540,ups_2n,IT Power 2N + UPS 2N,0.0118746484046731,0.09470412902758292,1.0,9.0
2026-08-02 12:00:00+00:00,2026-08-02 21:00:00+00:00,SEPD,SWIN,540,ups_dr,IT Power 2N + UPS Distributed Redundancy,0.0118746484046731,0.1359458415682471,1.0,6.75
2026-08-03 15:00:00+00:00,2026-08-04 01:00:00+00:00,SEPD,SWIN,600,hvdc_2n,IT Power 2N + HVDC 2N,0.0108878516583507,0.0682490620264012,1.0,8.9
2026-08-03 15:00:00+00:00,2026-08-04 01:00:00+00:00,SEPD,SWIN,600,mains_2n,IT Power 2N + Direct Utility 2N,0.0108878516583507,0.19922877876383638,1.0,0.05
2026-08-03 15:00:00+00:00,2026-08-04 01:00:00+00:00,SEPD,SWIN,600,ups_2n,IT Power 2N + UPS 2N,0.0108878516583507,0.09369375070733743,1.0,9.0
2026-08-03 15:00:00+00:00,2026-08-04 01:00:00+00:00,SEPD,SWIN,600,ups_dr,IT Power 2N + UPS Distributed Redundancy,0.0108878516583507,0.13467582259292593,1.0,6.75
2026-08-03 11:00:00+00:00,2026-08-03 22:00:00+00:00,SEPD,SWIN,660,hvdc_2n,IT Power 2N + HVDC 2N,0.0139852505092162,0.07075268925895267,1.0,8.9
2026-08-03 11:00:00+00:00,2026-08-03 22:00:00+00:00,SEPD,SWIN,660,mains_2n,IT Power 2N + Direct Utility 2N,0.0139852505092162,0.2042163315427438,1.0,0.05
2026-08-03 11:00:00+00:00,2026-08-03 22:00:00+00:00,SEPD,SWIN,660,ups_2n,IT Power 2N + UPS 2N,0.0139852505092162,0.09689796771891246,1.0,9.0
2026-08-03 11:00:00+00:00,2026-08-03 22:00:00+00:00,SEPD,SWIN,660,ups_dr,IT Power 2N + UPS Distributed Redundancy,0.0139852505092162,0.13869609411549869,1.0,6.75
2026-07-31 15:00:00+00:00,2026-08-01 03:00:00+00:00,SEPD,SWIN,720,hvdc_2n,IT Power 2N + HVDC 2N,0.0648326724028636,0.12569273094572503,1.0,8.9
2026-07-31 15:00:00+00:00,2026-08-01 03:00:00+00:00,SEPD,SWIN,720,mains_2n,IT Power 2N + Direct Utility 2N,0.0648326724028636,0.29908196754661426,1.0,0.05
2026-07-31 15:00:00+00:00,2026-08-01 03:00:00+00:00,SEPD,SWIN,720,ups_2n,IT Power 2N + UPS 2N,0.0648326724028636,0.16492813806875578,1.0,9.0
2026-07-31 15:00:00+00:00,2026-08-01 03:00:00+00:00,SEPD,SWIN,720,ups_dr,IT Power 2N + UPS Distributed Redundancy,0.0648326724028636,0.21979856834203723,1.0,6.75
2026-08-01 20:00:00+00:00,2026-08-02 09:00:00+00:00,SEPD,SWIN,780,hvdc_2n,IT Power 2N + HVDC 2N,0.0156459573373902,0.07212973610411257,1.0,8.9
2026-08-01 20:00:00+00:00,2026-08-02 09:00:00+00:00,SEPD,SWIN,780,mains_2n,IT Power 2N + Direct Utility 2N,0.0156459573373902,0.20692843959297366,1.0,0.05
2026-08-01 20:00:00+00:00,2026-08-02 09:00:00+00:00,SEPD,SWIN,780,ups_2n,IT Power 2N + UPS 2N,0.0156459573373902,0.09865594834368369,1.0,9.0
2026-08-01 20:00:00+00:00,2026-08-02 09:00:00+00:00,SEPD,SWIN,780,ups_dr,IT Power 2N + UPS Distributed Redundancy,0.0156459573373902,0.14089279075915256,1.0,6.75
2026-08-03 11:00:00+00:00,2026-08-04 01:00:00+00:00,SEPD,SWIN,840,hvdc_2n,IT Power 2N + HVDC 2N,0.0135180131188626,0.07036965888018219,1.0,8.9
2026-08-03 11:00:00+00:00,2026-08-04 01:00:00+00:00,SEPD,SWIN,840,mains_2n,IT Power 2N + Direct Utility 2N,0.0135180131188626,0.20345806392894153,1.0,0.05
2026-08-03 11:00:00+00:00,2026-08-04 01:00:00+00:00,SEPD,SWIN,840,ups_2n,IT Power 2N + UPS 2N,0.0135180131188626,0.09640842709923934,1.0,9.0
2026-08-03 11:00:00+00:00,2026-08-04 01:00:00+00:00,SEPD,SWIN,840,ups_dr,IT Power 2N + UPS Distributed Redundancy,0.0135180131188626,0.13808325814582528,1.0,6.75
2026-08-02 05:00:00+00:00,2026-08-02 20:00:00+00:00,SEPD,SWIN,900,hvdc_2n,IT Power 2N + HVDC 2N,0.026251200617842,0.08152087967431264,1.0,8.9
2026-08-02 05:00:00+00:00,2026-08-02 20:00:00+00:00,SEPD,SWIN,900,mains_2n,IT Power 2N + Direct Utility 2N,0.026251200617842,0.22487353941783117,1.0,0.05
2026-08-02 05:00:00+00:00,2026-08-02 20:00:00+00:00,SEPD,SWIN,900,ups_2n,IT Power 2N + UPS 2N,0.026251200617842,0.11056472993591325,1.0,9.0
2026-08-02 05:00:00+00:00,2026-08-02 20:00:00+00:00,SEPD,SWIN,900,ups_dr,IT Power 2N + UPS Distributed Redundancy,0.026251200617842,0.1556132590232747,1.0,6.75
2026-08-02 13:00:00+00:00,2026-08-03 05:00:00+00:00,SEPD,SWIN,960,hvdc_2n,IT Power 2N + HVDC 2N,0.0132386741607307,0.070141579620018,1.0,8.9
2026-08-02 13:00:00+00:00,2026-08-03 05:00:00+00:00,SEPD,SWIN,960,mains_2n,IT Power 2N + Direct Utility 2N,0.0132386741607307,0.2030057341527433,1.0,0.05
2026-08-02 13:00:00+00:00,2026-08-03 05:00:00+00:00,SEPD,SWIN,960,ups_2n,IT Power 2N + UPS 2N,0.0132386741607307,0.09611681041134895,1.0,9.0
2026-08-02 13:00:00+00:00,2026-08-03 05:00:00+00:00,SEPD,SWIN,960,ups_dr,IT Power 2N + UPS Distributed Redundancy,0.0132386741607307,0.13771795997554664,1.0,6.75
2026-07-31 05:00:00+00:00,2026-07-31 22:00:00+00:00,SEPD,SWIN,1020,hvdc_2n,IT Power 2N + HVDC 2N,0.0199874203665333,0.0758471572681868,1.0,8.9
2026-07-31 05:00:00+00:00,2026-07-31 22:00:00+00:00,SEPD,SWIN,1020,mains_2n,IT Power 2N + Direct Utility 2N,0.0199874203665333,0.21414384640156978,1.0,0.05
2026-07-31 05:00:00+00:00,2026-07-31 22:00:00+00:00,SEPD,SWIN,1020,ups_2n,IT Power 2N + UPS 2N,0.0199874203665333,0.10338645738369603,1.0,9.0
2026-07-31 05:00:00+00:00,2026-07-31 22:00:00+00:00,SEPD,SWIN,1020,ups_dr,IT Power 2N + UPS Distributed Redundancy,0.0199874203665333,0.14677301003590204,1.0,6.75
2026-07-29 16:00:00+00:00,2026-07-30 10:00:00+00:00,SEPD,SWIN,1080,hvdc_2n,IT Power 2N + HVDC 2N,0.0834506471398,0.15357053357096517,1.0,8.9
2026-07-29 16:00:00+00:00,2026-07-30 10:00:00+00:00,SEPD,SWIN,1080,mains_2n,IT Power 2N + Direct Utility 2N,0.0834506471398,0.33950664837283584,1.0,0.05
2026-07-29 16:00:00+00:00,2026-07-30 10:00:00+00:00,SEPD,SWIN,1080,ups_2n,IT Power 2N + UPS 2N,0.0834506471398,0.19803959762869905,1.0,9.0
2026-07-29 16:00:00+00:00,2026-07-30 10:00:00+00:00,SEPD,SWIN,1080,ups_dr,IT Power 2N + UPS Distributed Redundancy,0.0834506471398,0.25691925098976115,1.0,6.75
2026-07-31 23:00:00+00:00,2026-08-01 18:00:00+00:00,SEPD,SWIN,1140,hvdc_2n,IT Power 2N + HVDC 2N,0.2210340244587219,0.5032312814478579,0.9935374371042842,8.848299496834274
2026-07-31 23:00:00+00:00,2026-08-01 18:00:00+00:00,SEPD,SWIN,1140,mains_2n,IT Power 2N + Direct Utility 2N,0.2210340244587219,0.6704763370655555,0.6590473258688889,0.049999999999999996
2026-07-31 23:00:00+00:00,2026-08-01 18:00:00+00:00,SEPD,SWIN,1140,ups_2n,IT Power 2N + UPS 2N,0.2210340244587219,0.562769174965498,0.8744616500690039,7.995693200552031
2026-07-31 23:00:00+00:00,2026-08-01 18:00:00+00:00,SEPD,SWIN,1140,ups_dr,IT Power 2N + UPS Distributed Redundancy,0.2210340244587219,0.6109659290034521,0.5835511064948218,4.251306638968931
2026-07-31 01:00:00+00:00,2026-07-31 21:00:00+00:00,SEPD,SWIN,1200,hvdc_2n,IT Power 2N + HVDC 2N,0.0212941942542497,0.07700008818688259,1.0,8.9
2026-07-31 01:00:00+00:00,2026-07-31 21:00:00+00:00,SEPD,SWIN,1200,mains_2n,IT Power 2N + Direct Utility 2N,0.0212941942542497,0.2163511813709104,1.0,0.05
2026-07-31 01:00:00+00:00,2026-07-31 21:00:00+00:00,SEPD,SWIN,1200,ups_2n,IT Power 2N + UPS 2N,0.0212941942542497,0.10484914362846276,1.0,9.0
2026-07-31 01:00:00+00:00,2026-07-31 21:00:00+00:00,SEPD,SWIN,1200,ups_dr,IT Power 2N + UPS Distributed Redundancy,0.0212941942542497,0.14858229567134862,1.0,6.75
2026-08-02 07:00:00+00:00,2026-08-03 04:00:00+00:00,SEPD,SWIN,1260,hvdc_2n,IT Power 2N + HVDC 2N,0.026096184655538,0.08137591158253177,1.0,8.9
2026-08-02 07:00:00+00:00,2026-08-03 04:00:00+00:00,SEPD,SWIN,1260,mains_2n,IT Power 2N + Direct Utility 2N,0.026096184655538,0.22460345342014573,1.0,0.05
2026-08-02 07:00:00+00:00,2026-08-03 04:00:00+00:00,SEPD,SWIN,1260,ups_2n,IT Power 2N + UPS 2N,0.026096184655538,0.11038193085887144,1.0,9.0
2026-08-02 07:00:00+00:00,2026-08-03 04:00:00+00:00,SEPD,SWIN,1260,ups_dr,IT Power 2N + UPS Distributed Redundancy,0.026096184655538,0.1553893343011818,1.0,6.75
2026-08-03 04:00:00+00:00,2026-08-04 02:00:00+00:00,SEPD,SWIN,1320,hvdc_2n,IT Power 2N + HVDC 2N,0.0110609283860557,0.06838676740326981,1.0,8.9
2026-08-03 04:00:00+00:00,2026-08-04 02:00:00+00:00,SEPD,SWIN,1320,mains_2n,IT Power 2N + Direct Utility 2N,0.0110609283860557,0.1995050433607601,1.0,0.05
2026-08-03 04:00:00+00:00,2026-08-04 02:00:00+00:00,SEPD,SWIN,1320,ups_2n,IT Power 2N + UPS 2N,0.0110609283860557,0.09387026180097309,1.0,9.0
2026-08-03 04:00:00+00:00,2026-08-04 02:00:00+00:00,SEPD,SWIN,1320,ups_dr,IT Power 2N + UPS Distributed Redundancy,0.0110609283860557,0.1348978475885752,1.0,6.75
2026-08-01 08:00:00+00:00,2026-08-02 07:00:00+00:00,SEPD,SWIN,1380,hvdc_2n,IT Power 2N + HVDC 2N,0.0167371820749642,0.07304798651942196,1.0,8.9
2026-08-01 08:00:00+00:00,2026-08-02 07:00:00+00:00,SEPD,SWIN,1380,mains_2n,IT Power 2N + Direct Utility 2N,0.0167371820749642,0.2087249658460475,1.0,0.05
2026-08-01 08:00:00+00:00,2026-08-02 07:00:00+00:00,SEPD,SWIN,1380,ups_2n,IT Power 2N + UPS 2N,0.0167371820749642,0.09982650254217264,1.0,9.0
2026-08-01 08:00:00+00:00,2026-08-02 07:00:00+00:00,SEPD,SWIN,1380,ups_dr,IT Power 2N + UPS Distributed Redundancy,0.0167371820749642,0.1423519875741026,1.0,6.75
2026-07-31 00:00:00+00:00,2026-08-01 00:00:00+00:00,SEPD,SWIN,1440,hvdc_2n,IT Power 2N + HVDC 2N,0.0163387405941911,0.07271146205427918,1.0,8.9
2026-07-31 00:00:00+00:00,2026-08-01 00:00:00+00:00,SEPD,SWIN,1440,mains_2n,IT Power 2N + Direct Utility 2N,0.0163387405941911,0.20806766816398106,1.0,0.05
2026-07-31 00:00:00+00:00,2026-08-01 00:00:00+00:00,SEPD,SWIN,1440,ups_2n,IT Power 2N + UPS 2N,0.0163387405941911,0.09939767084277416,1.0,9.0
2026-07-31 00:00:00+00:00,2026-08-01 00:00:00+00:00,SEPD,SWIN,1440,ups_dr,IT Power 2N + UPS Distributed Redundancy,0.0163387405941911,0.14181773216848573,1.0,6.75
2026-07-31 22:00:00+00:00,2026-08-01 23:00:00+00:00,SEPD,SWIN,1500,hvdc_2n,IT Power 2N + HVDC 2N,0.014513149814579,0.07118776580179281,1.0,8.9
2026-07-31 22:00:00+00:00,2026-08-01 23:00:00+00:00,SEPD,SWIN,1500,mains_2n,IT Power 2N + Direct Utility 2N,0.014513149814579,0.20507557103065985,1.0,0.05
2026-07-31 22:00:00+00:00,2026-08-01 23:00:00+00:00,SEPD,SWIN,1500,ups_2n,IT Power 2N + UPS 2N,0.014513149814579,0.09745373475895645,1.0,9.0
2026-07-31 22:00:00+00:00,2026-08-01 23:00:00+00:00,SEPD,SWIN,1500,ups_dr,IT Power 2N + UPS Distributed Redundancy,0.014513149814579,0.13939123899858433,1.0,6.75
2026-08-02 20:00:00+00:00,2026-08-03 22:00:00+00:00,SEPD,SWIN,1560,hvdc_2n,IT Power 2N + HVDC 2N,0.0129479094850976,0.06990489743968796,1.0,8.9
2026-08-02 20:00:00+00:00,2026-08-03 22:00:00+00:00,SEPD,SWIN,1560,mains_2n,IT Power 2N + Direct Utility 2N,0.0129479094850976,0.2025356994045252,1.0,0.05
2026-08-02 20:00:00+00:00,2026-08-03 22:00:00+00:00,SEPD,SWIN,1560,ups_2n,IT Power 2N + UPS 2N,0.0129479094850976,0.09581410336917652,1.0,9.0
2026-08-02 20:00:00+00:00,2026-08-03 22:00:00+00:00,SEPD,SWIN,1560,ups_dr,IT Power 2N + UPS Distributed Redundancy,0.0129479094850976,0.13733858302335472,1.0,6.75
2026-08-02 23:00:00+00:00,2026-08-04 02:00:00+00:00,SEPD,SWIN,1620,hvdc_2n,IT Power 2N + HVDC 2N,0.0408790639623653,0.0963015166732971,1.0,8.9
2026-08-02 23:00:00+00:00,2026-08-04 02:00:00+00:00,SEPD,SWIN,1620,mains_2n,IT Power 2N + Direct Utility 2N,0.0408790639623653,0.2513906163621446,1.0,0.05
2026-08-02 23:00:00+00:00,2026-08-04 02:00:00+00:00,SEPD,SWIN,1620,ups_2n,IT Power 2N + UPS 2N,0.0408790639623653,0.12904251587566384,1.0,9.0
2026-08-02 23:00:00+00:00,2026-08-04 02:00:00+00:00,SEPD,SWIN,1620,ups_dr,IT Power 2N + UPS Distributed Redundancy,0.0408790639623653,0.1779453646190129,1.0,6.75
2026-08-01 23:00:00+00:00,2026-08-03 03:00:00+00:00,SEPD,SWIN,1680,hvdc_2n,IT Power 2N + HVDC 2N,0.0116537011932299,0.06886034937609119,1.0,8.9
2026-08-01 23:00:00+00:00,2026-08-03 03:00:00+00:00,SEPD,SWIN,1680,mains_2n,IT Power 2N + Direct Utility 2N,0.0116537011932299,0.2004534045126464,1.0,0.05
2026-08-01 23:00:00+00:00,2026-08-03 03:00:00+00:00,SEPD,SWIN,1680,ups_2n,IT Power 2N + UPS 2N,0.0116537011932299,0.09447705757743328,1.0,9.0
2026-08-01 23:00:00+00:00,2026-08-03 03:00:00+00:00,SEPD,SWIN,1680,ups_dr,IT Power 2N + UPS Distributed Redundancy,0.0116537011932299,0.13566060592599102,1.0,6.75
2026-08-02 05:00:00+00:00,2026-08-03 10:00:00+00:00,SEPD,SWIN,1740,hvdc_2n,IT Power 2N + HVDC 2N,0.025239439601196,0.08057892957760039,1.0,8.9
2026-08-02 05:00:00+00:00,2026-08-03 10:00:00+00:00,SEPD,SWIN,1740,mains_2n,IT Power 2N + Direct Utility 2N,0.025239439601196,0.22311489542292748,1.0,0.05
2026-08-02 05:00:00+00:00,2026-08-03 10:00:00+00:00,SEPD,SWIN,1740,ups_2n,IT Power 2N + UPS 2N,0.025239439601196,0.10937640215716167,1.0,9.0
2026-08-02 05:00:00+00:00,2026-08-03 10:00:00+00:00,SEPD,SWIN,1740,ups_dr,IT Power 2N + UPS Distributed Redundancy,0.025239439601196,0.15415648301815335,1.0,6.75
2026-07-29 16:00:00+00:00,2026-07-30 22:00:00+00:00,SEPD,SWIN,1800,hvdc_2n,IT Power 2N + HVDC 2N,0.0804354480087138,0.1487350480569318,1.0,8.9
2026-07-29 16:00:00+00:00,2026-07-30 22:00:00+00:00,SEPD,SWIN,1800,mains_2n,IT Power 2N + Direct Utility 2N,0.0804354480087138,0.332778378176836,1.0,0.05
2026-07-29 16:00:00+00:00,2026-07-30 22:00:00+00:00,SEPD,SWIN,1800,ups_2n,IT Power 2N + UPS 2N,0.0804354480087138,0.19235583246921312,1.0,9.0
2026-07-29 16:00:00+00:00,2026-07-30 22:00:00+00:00,SEPD,SWIN,1800,ups_dr,IT Power 2N + UPS Distributed Redundancy,0.0804354480087138,0.2506384580705804,1.0,6.75
2026-07-28 18:00:00+00:00,2026-07-30 01:00:00+00:00,SEPD,SWIN,1860,hvdc_2n,IT Power 2N + HVDC 2N,0.0158713927100127,0.07231856016674094,1.0,8.9
2026-07-28 18:00:00+00:00,2026-07-30 01:00:00+00:00,SEPD,SWIN,1860,mains_2n,IT Power 2N + Direct Utility 2N,0.0158713927100127,0.20729864389734845,1.0,0.05
2026-07-28 18:00:00+00:00,2026-07-30 01:00:00+00:00,SEPD,SWIN,1860,ups_2n,IT Power 2N + UPS 2N,0.0158713927100127,0.09889676620534063,1.0,9.0
2026-07-28 18:00:00+00:00,2026-07-30 01:00:00+00:00,SEPD,SWIN,1860,ups_dr,IT Power 2N + UPS Distributed Redundancy,0.0158713927100127,0.14119321680016989,1.0,6.75
2026-08-02 14:00:00+00:00,2026-08-03 22:00:00+00:00,SEPD,SWIN,1920,hvdc_2n,IT Power 2N + HVDC 2N,0.0129792527326495,0.06993037525286099,1.0,8.9
2026-08-02 14:00:00+00:00,2026-08-03 22:00:00+00:00,SEPD,SWIN,1920,mains_2n,IT Power 2N + Direct Utility 2N,0.0129792527326495,0.20258632816759078,1.0,0.05
2026-08-02 14:00:00+00:00,2026-08-03 22:00:00+00:00,SEPD,SWIN,1920,ups_2n,IT Power 2N + UPS 2N,0.0129792527326495,0.09584669292411632,1.0,9.0
2026-08-02 14:00:00+00:00,2026-08-03 22:00:00+00:00,SEPD,SWIN,1920,ups_dr,IT Power 2N + UPS Distributed Redundancy,0.0129792527326495,0.13737943601983,1.0,6.75
2026-08-02 14:00:00+00:00,2026-08-03 23:00:00+00:00,SEPD,SWIN,1980,hvdc_2n,IT Power 2N + HVDC 2N,0.0127220556092995,0.06972156250917708,1.0,8.9
2026-08-02 14:00:00+00:00,2026-08-03 23:00:00+00:00,SEPD,SWIN,1980,mains_2n,IT Power 2N + Direct Utility 2N,0.0127220556092995,0.20217115660735033,1.0,0.05
2026-08-02 14:00:00+00:00,2026-08-03 23:00:00+00:00,SEPD,SWIN,1980,ups_2n,IT Power 2N + UPS 2N,0.0127220556092995,0.09557956159172366,1.0,9.0
2026-08-02 14:00:00+00:00,2026-08-03 23:00:00+00:00,SEPD,SWIN,1980,ups_dr,IT Power 2N + UPS Distributed Redundancy,0.0127220556092995,0.13704450550410552,1.0,6.75
2026-08-02 15:00:00+00:00,2026-08-04 01:00:00+00:00,SEPD,SWIN,2040,hvdc_2n,IT Power 2N + HVDC 2N,0.0185524460327022,0.0745993886761486,1.0,8.9
2026-08-02 15:00:00+00:00,2026-08-04 01:00:00+00:00,SEPD,SWIN,2040,mains_2n,IT Power 2N + Direct Utility 2N,0.0185524460327022,0.21173888808773003,1.0,0.05
2026-08-02 15:00:00+00:00,2026-08-04 01:00:00+00:00,SEPD,SWIN,2040,ups_2n,IT Power 2N + UPS 2N,0.0185524460327022,0.10180109806286838,1.0,9.0
2026-08-02 15:00:00+00:00,2026-08-04 01:00:00+00:00,SEPD,SWIN,2040,ups_dr,IT Power 2N + UPS Distributed Redundancy,0.0185524460327022,0.14480727981112212,1.0,6.75
2026-08-01 15:00:00+00:00,2026-08-03 02:00:00+00:00,SEPD,SWIN,2100,hvdc_2n,IT Power 2N + HVDC 2N,0.0112615786296361,0.068546733370662,1.0,8.9
2026-08-01 15:00:00+00:00,2026-08-03 02:00:00+00:00,SEPD,SWIN,2100,mains_2n,IT Power 2N + Direct Utility 2N,0.0112615786296361,0.19982568059858966,1.0,0.05
2026-08-01 15:00:00+00:00,2026-08-03 02:00:00+00:00,SEPD,SWIN,2100,ups_2n,IT Power 2N + UPS 2N,0.0112615786296361,0.09407526660388574,1.0,9.0
2026-08-01 15:00:00+00:00,2026-08-03 02:00:00+00:00,SEPD,SWIN,2100,ups_dr,IT Power 2N + UPS Distributed Redundancy,0.0112615786296361,0.1351556308559586,1.0,6.75
2026-08-01 21:00:00+00:00,2026-08-03 09:00:00+00:00,SEPD,SWIN,2160,hvdc_2n,IT Power 2N + HVDC 2N,0.0185348051183567,0.07458416724751707,1.0,8.9
2026-08-01 21:00:00+00:00,2026-08-03 09:00:00+00:00,SEPD,SWIN,2160,mains_2n,IT Power 2N + Direct Utility 2N,0.0185348051183567,0.21170944592317129,1.0,0.05
2026-08-01 21:00:00+00:00,2026-08-03 09:00:00+00:00,SEPD,SWIN,2160,ups_2n,IT Power 2N + UPS 2N,0.0185348051183567,0.10178174317272606,1.0,9.0
2026-08-01 21:00:00+00:00,2026-08-03 09:00:00+00:00,SEPD,SWIN,2160,ups_dr,IT Power 2N + UPS Distributed Redundancy,0.0185348051183567,0.14478325067082973,1.0,6.75
2026-07-31 19:00:00+00:00,2026-08-02 08:00:00+00:00,SEPD,SWIN,2220,hvdc_2n,IT Power 2N + HVDC 2N,0.0208023419927137,0.07656426712603871,1.0,8.9
2026-07-31 19:00:00+00:00,2026-08-02 08:00:00+00:00,SEPD,SWIN,2220,mains_2n,IT Power 2N + Direct Utility 2N,0.0208023419927137,0.2155184420420298,1.0,0.05
2026-07-31 19:00:00+00:00,2026-08-02 08:00:00+00:00,SEPD,SWIN,2220,ups_2n,IT Power 2N + UPS 2N,0.0208023419927137,0.1042964759491345,1.0,9.0
2026-07-31 19:00:00+00:00,2026-08-02 08:00:00+00:00,SEPD,SWIN,2220,ups_dr,IT Power 2N + UPS Distributed Redundancy,0.0208023419927137,0.1478991534927778,1.0,6.75
2026-08-02 06:00:00+00:00,2026-08-03 20:00:00+00:00,SEPD,SWIN,2280,hvdc_2n,IT Power 2N + HVDC 2N,0.0241643919417196,0.07958894991881628,1.0,8.9
2026-08-02 06:00:00+00:00,2026-08-03 20:00:00+00:00,SEPD,SWIN,2280,mains_2n,IT Power 2N + Direct Utility 2N,0.0241643919417196,0.22125701359616787,1.0,0.05
2026-08-02 06:00:00+00:00,2026-08-03 20:00:00+00:00,SEPD,SWIN,2280,ups_2n,IT Power 2N + UPS 2N,0.0241643919417196,0.10812603438223611,1.0,9.0
2026-08-02 06:00:00+00:00,2026-08-03 20:00:00+00:00,SEPD,SWIN,2280,ups_dr,IT Power 2N + UPS Distributed Redundancy,0.0241643919417196,0.15262082456661236,1.0,6.75
2026-07-30 04:00:00+00:00,2026-07-31 19:00:00+00:00,SEPD,SWIN,2340,hvdc_2n,IT Power 2N + HVDC 2N,0.0208601191369333,0.0766153448696938,1.0,8.9
2026-07-30 04:00:00+00:00,2026-07-31 19:00:00+00:00,SEPD,SWIN,2340,mains_2n,IT Power 2N + Direct Utility 2N,0.0208601191369333,0.21561614205604165,1.0,0.05
2026-07-30 04:00:00+00:00,2026-07-31 19:00:00+00:00,SEPD,SWIN,2340,ups_2n,IT Power 2N + UPS 2N,0.0208601191369333,0.10436126332407811,1.0,9.0
2026-07-30 04:00:00+00:00,2026-07-31 19:00:00+00:00,SEPD,SWIN,2340,ups_dr,IT Power 2N + UPS Distributed Redundancy,0.0208601191369333,0.14797926642424744,1.0,6.75
2026-08-02 10:00:00+00:00,2026-08-04 02:00:00+00:00,SEPD,SWIN,2400,hvdc_2n,IT Power 2N + HVDC 2N,0.0247349036809572,0.0801129258917107,1.0,8.9
2026-08-02 10:00:00+00:00,2026-08-04 02:00:00+00:00,SEPD,SWIN,2400,mains_2n,IT Power 2N + Direct Utility 2N,0.0247349036809572,0.22224158176612205,1.0,0.05
2026-08-02 10:00:00+00:00,2026-08-04 02:00:00+00:00,SEPD,SWIN,2400,ups_2n,IT Power 2N + UPS 2N,0.0247349036809572,0.10878801396353825,1.0,9.0
2026-08-02 10:00:00+00:00,2026-08-04 02:00:00+00:00,SEPD,SWIN,2400,ups_dr,IT Power 2N + UPS Distributed Redundancy,0.0247349036809572,0.15343420782606482,1.0,6.75
2026-08-02 08:00:00+00:00,2026-08-04 01:00:00+00:00,SEPD,SWIN,2460,hvdc_2n,IT Power 2N + HVDC 2N,0.0250416934652166,0.08039599166104745,1.0,8.9
2026-08-02 08:00:00+00:00,2026-08-04 01:00:00+00:00,SEPD,SWIN,2460,mains_2n,IT Power 2N + Direct Utility 2N,0.0250416934652166,0.22277232055377322,1.0,0.05
2026-08-02 08:00:00+00:00,2026-08-04 01:00:00+00:00,SEPD,SWIN,2460,ups_2n,IT Power 2N + UPS 2N,0.0250416934652166,0.10914545931563646,1.0,9.0
2026-08-02 08:00:00+00:00,2026-08-04 01:00:00+00:00,SEPD,SWIN,2460,ups_dr,IT Power 2N + UPS Distributed Redundancy,0.0250416934652166,0.15387306611399656,1.0,6.75
2026-08-01 11:00:00+00:00,2026-08-03 05:00:00+00:00,SEPD,SWIN,2520,hvdc_2n,IT Power 2N + HVDC 2N,0.0260302872794645,0.08131435676113655,1.0,8.9
2026-08-01 11:00:00+00:00,2026-08-03 05:00:00+00:00,SEPD,SWIN,2520,mains_2n,IT Power 2N + Direct Utility 2N,0.0260302872794645,0.22448870952459665,1.0,0.05
2026-08-01 11:00:00+00:00,2026-08-03 05:00:00+00:00,SEPD,SWIN,2520,ups_2n,IT Power 2N + UPS 2N,0.0260302872794645,0.11030430308305515,1.0,9.0
2026-08-01 11:00:00+00:00,2026-08-03 05:00:00+00:00,SEPD,SWIN,2520,ups_dr,IT Power 2N + UPS Distributed Redundancy,0.0260302872794645,0.15529422344674554,1.0,6.75
2026-08-01 11:00:00+00:00,2026-08-03 06:00:00+00:00,SEPD,SWIN,2580,hvdc_2n,IT Power 2N + HVDC 2N,0.0260302872794645,0.08131435676113655,1.0,8.9
2026-08-01 11:00:00+00:00,2026-08-03 06:00:00+00:00,SEPD,SWIN,2580,mains_2n,IT Power 2N + Direct Utility 2N,0.0260302872794645,0.22448870952459665,1.0,0.05
2026-08-01 11:00:00+00:00,2026-08-03 06:00:00+00:00,SEPD,SWIN,2580,ups_2n,IT Power 2N + UPS 2N,0.0260302872794645,0.11030430308305515,1.0,9.0
2026-08-01 11:00:00+00:00,2026-08-03 06:00:00+00:00,SEPD,SWIN,2580,ups_dr,IT Power 2N + UPS Distributed Redundancy,0.0260302872794645,0.15529422344674554,1.0,6.75
2026-08-01 12:00:00+00:00,2026-08-03 08:00:00+00:00,SEPD,SWIN,2640,hvdc_2n,IT Power 2N + HVDC 2N,0.0279030629002351,0.08308034391959983,1.0,8.9
2026-08-01 12:00:00+00:00,2026-08-03 08:00:00+00:00,SEPD,SWIN,2640,mains_2n,IT Power 2N + Direct Utility 2N,0.0279030629002351,0.22776590427524304,1.0,0.05
2026-08-01 12:00:00+00:00,2026-08-03 08:00:00+00:00,SEPD,SWIN,2640,ups_2n,IT Power 2N + UPS 2N,0.0279030629002351,0.11252916311749027,1.0,9.0
2026-08-01 12:00:00+00:00,2026-08-03 08:00:00+00:00,SEPD,SWIN,2640,ups_dr,IT Power 2N + UPS Distributed Redundancy,0.0279030629002351,0.15801578843769332,1.0,6.75
2026-08-01 05:00:00+00:00,2026-08-03 02:00:00+00:00,SEPD,SWIN,2700,hvdc_2n,IT Power 2N + HVDC 2N,0.0149253274098557,0.07152918448659361,1.0,8.9
2026-08-01 05:00:00+00:00,2026-08-03 02:00:00+00:00,SEPD,SWIN,2700,mains_2n,IT Power 2N + Direct Utility 2N,0.0149253274098557,0.20574831806747776,1.0,0.05
2026-08-01 05:00:00+00:00,2026-08-03 02:00:00+00:00,SEPD,SWIN,2700,ups_2n,IT Power 2N + UPS 2N,0.0149253274098557,0.09788964619563928,1.0,9.0
2026-08-01 05:00:00+00:00,2026-08-03 02:00:00+00:00,SEPD,SWIN,2700,ups_dr,IT Power 2N + UPS Distributed Redundancy,0.0149253274098557,0.13993602784522632,1.0,6.75
2026-07-31 13:00:00+00:00,2026-08-02 11:00:00+00:00,SEPD,SWIN,2760,hvdc_2n,IT Power 2N + HVDC 2N,0.0234147810305622,0.07890524313842869,1.0,8.9
2026-07-31 13:00:00+00:00,2026-08-02 11:00:00+00:00,SEPD,SWIN,2760,mains_2n,IT Power 2N + Direct Utility 2N,0.0234147810305622,0.21996811557108503,1.0,0.05
2026-07-31 13:00:00+00:00,2026-08-02 11:00:00+00:00,SEPD,SWIN,2760,ups_2n,IT Power 2N + UPS 2N,0.0234147810305622,0.10726162439207634,1.0,9.0
2026-07-31 13:00:00+00:00,2026-08-02 11:00:00+00:00,SEPD,SWIN,2760,ups_dr,IT Power 2N + UPS Distributed Redundancy,0.0234147810305622,0.15155747636173647,1.0,6.75
2026-07-31 15:00:00+00:00,2026-08-02 14:00:00+00:00,SEPD,SWIN,2820,hvdc_2n,IT Power 2N + HVDC 2N,0.0655655204419008,0.12670288322798892,1.0,8.9
2026-07-31 15:00:00+00:00,2026-08-02 14:00:00+00:00,SEPD,SWIN,2820,mains_2n,IT Power 2N + Direct Utility 2N,0.0655655204419008,0.30062050963940584,1.0,0.05
2026-07-31 15:00:00+00:00,2026-08-02 14:00:00+00:00,SEPD,SWIN,2820,ups_2n,IT Power 2N + UPS 2N,0.0655655204419008,0.16614290396751102,1.0,9.0
2026-07-31 15:00:00+00:00,2026-08-02 14:00:00+00:00,SEPD,SWIN,2820,ups_dr,IT Power 2N + UPS Distributed Redundancy,0.0655655204419008,0.2211841047822526,1.0,6.75
2026-08-02 02:00:00+00:00,2026-08-04 02:00:00+00:00,SEPD,SWIN,2880,hvdc_2n,IT Power 2N + HVDC 2N,0.0227150251476838,0.07827185884512623,1.0,8.9
2026-08-02 02:00:00+00:00,2026-08-04 02:00:00+00:00,SEPD,SWIN,2880,mains_2n,IT Power 2N + Direct Utility 2N,0.0227150251476838,0.2187698124386312,1.0,0.05
2026-08-02 02:00:00+00:00,2026-08-04 02:00:00+00:00,SEPD,SWIN,2880,ups_2n,IT Power 2N + UPS 2N,0.0227150251476838,0.10646019742448032,1.0,9.0
2026-08-02 02:00:00+00:00,2026-08-04 02:00:00+00:00,SEPD,SWIN,2880,ups_dr,IT Power 2N + UPS Distributed Redundancy,0.0227150251476838,0.1505703479606705,1.0,6.75
2026-08-03 10:00:00+00:00,2026-08-03 11:00:00+00:00,SEPD,WLON,60,hvdc_2n,IT Power 2N + HVDC 2N,0.0113809387378569,0.06864205613480687,1.0,8.9
2026-08-03 10:00:00+00:00,2026-08-03 11:00:00+00:00,SEPD,WLON,60,mains_2n,IT Power 2N + Direct Utility 2N,0.0113809387378569,0.20001660027641477,1.0,0.05
2026-08-03 10:00:00+00:00,2026-08-03 11:00:00+00:00,SEPD,WLON,60,ups_2n,IT Power 2N + UPS 2N,0.0113809387378569,0.0941974073388193,1.0,9.0
2026-08-03 10:00:00+00:00,2026-08-03 11:00:00+00:00,SEPD,WLON,60,ups_dr,IT Power 2N + UPS Distributed Redundancy,0.0113809387378569,0.13530917456282637,1.0,6.75
2026-08-01 17:00:00+00:00,2026-08-01 19:00:00+00:00,SEPD,WLON,120,hvdc_2n,IT Power 2N + HVDC 2N,0.0102652779300515,0.06775584463909196,1.0,8.9
2026-08-01 17:00:00+00:00,2026-08-01 19:00:00+00:00,SEPD,WLON,120,mains_2n,IT Power 2N + Direct Utility 2N,0.0102652779300515,0.1982374049260386,1.0,0.05
2026-08-01 17:00:00+00:00,2026-08-01 19:00:00+00:00,SEPD,WLON,120,ups_2n,IT Power 2N + UPS 2N,0.0102652779300515,0.09306128157902059,1.0,9.0
2026-08-01 17:00:00+00:00,2026-08-01 19:00:00+00:00,SEPD,WLON,120,ups_dr,IT Power 2N + UPS Distributed Redundancy,0.0102652779300515,0.13387972726900677,1.0,6.75
2026-08-03 14:00:00+00:00,2026-08-03 17:00:00+00:00,SEPD,WLON,180,hvdc_2n,IT Power 2N + HVDC 2N,0.0474865498832306,0.103732994694328,1.0,8.9
2026-08-03 14:00:00+00:00,2026-08-03 17:00:00+00:00,SEPD,WLON,180,mains_2n,IT Power 2N + Direct Utility 2N,0.0474865498832306,0.2640284693212104,1.0,0.05
2026-08-03 14:00:00+00:00,2026-08-03 17:00:00+00:00,SEPD,WLON,180,ups_2n,IT Power 2N + UPS 2N,0.0474865498832306,0.1382190467959004,1.0,9.0
2026-08-03 14:00:00+00:00,2026-08-03 17:00:00+00:00,SEPD,WLON,180,ups_dr,IT Power 2N + UPS Distributed Redundancy,0.0474865498832306,0.1888273285548817,1.0,6.75
2026-08-03 02:00:00+00:00,2026-08-03 06:00:00+00:00,SEPD,WLON,240,hvdc_2n,IT Power 2N + HVDC 2N,0.0132193068330407,0.07012579162831603,1.0,8.9
2026-08-03 02:00:00+00:00,2026-08-03 06:00:00+00:00,SEPD,WLON,240,mains_2n,IT Power 2N + Direct Utility 2N,0.0132193068330407,0.2029744007023321,1.0,0.05
2026-08-03 02:00:00+00:00,2026-08-03 06:00:00+00:00,SEPD,WLON,240,ups_2n,IT Power 2N + UPS 2N,0.0132193068330407,0.09609662108438614,1.0,9.0
2026-08-03 02:00:00+00:00,2026-08-03 06:00:00+00:00,SEPD,WLON,240,ups_dr,IT Power 2N + UPS Distributed Redundancy,0.0132193068330407,0.1376926629891182,1.0,6.75
2026-08-03 07:00:00+00:00,2026-08-03 12:00:00+00:00,SEPD,WLON,300,hvdc_2n,IT Power 2N + HVDC 2N,0.0335564127202737,0.08862464640934088,1.0,8.9
2026-08-03 07:00:00+00:00,2026-08-03 12:00:00+00:00,SEPD,WLON,300,mains_2n,IT Power 2N + Direct Utility 2N,0.0335564127202737,0.2378621985570463,1.0,0.05
2026-08-03 07:00:00+00:00,2026-08-03 12:00:00+00:00,SEPD,WLON,300,ups_2n,IT Power 2N + UPS 2N,0.0335564127202737,0.1194842715109217,1.0,9.0
2026-08-03 07:00:00+00:00,2026-08-03 12:00:00+00:00,SEPD,WLON,300,ups_dr,IT Power 2N + UPS Distributed Redundancy,0.0335564127202737,0.16646654791116042,1.0,6.75
2026-08-03 03:00:00+00:00,2026-08-03 09:00:00+00:00,SEPD,WLON,360,hvdc_2n,IT Power 2N + HVDC 2N,0.018085332900274,0.07419730308234088,1.0,8.9
2026-08-03 03:00:00+00:00,2026-08-03 09:00:00+00:00,SEPD,WLON,360,mains_2n,IT Power 2N + Direct Utility 2N,0.018085332900274,0.21096030022055257,1.0,0.05
2026-08-03 03:00:00+00:00,2026-08-03 09:00:00+00:00,SEPD,WLON,360,ups_2n,IT Power 2N + UPS 2N,0.018085332900274,0.10128970022754906,1.0,9.0
2026-08-03 03:00:00+00:00,2026-08-03 09:00:00+00:00,SEPD,WLON,360,ups_dr,IT Power 2N + UPS Distributed Redundancy,0.018085332900274,0.14417212980702585,1.0,6.75
2026-08-02 18:00:00+00:00,2026-08-03 01:00:00+00:00,SEPD,WLON,420,hvdc_2n,IT Power 2N + HVDC 2N,0.0087195313782827,0.0665455272386071,1.0,8.9
2026-08-02 18:00:00+00:00,2026-08-03 01:00:00+00:00,SEPD,WLON,420,mains_2n,IT Power 2N + Direct Utility 2N,0.0087195313782827,0.19579206057821813,1.0,0.05
2026-08-02 18:00:00+00:00,2026-08-03 01:00:00+00:00,SEPD,WLON,420,ups_2n,IT Power 2N + UPS 2N,0.0087195313782827,0.09150750605547948,1.0,9.0
2026-08-02 18:00:00+00:00,2026-08-03 01:00:00+00:00,SEPD,WLON,420,ups_dr,IT Power 2N + UPS Distributed Redundancy,0.0087195313782827,0.13192034850135761,1.0,6.75
2026-08-03 04:00:00+00:00,2026-08-03 12:00:00+00:00,SEPD,WLON,480,hvdc_2n,IT Power 2N + HVDC 2N,0.0170104807350762,0.07327964409376307,1.0,8.9
2026-08-03 04:00:00+00:00,2026-08-03 12:00:00+00:00,SEPD,WLON,480,mains_2n,IT Power 2N + Direct Utility 2N,0.0170104807350762,0.2091767021062134,1.0,0.05
2026-08-03 04:00:00+00:00,2026-08-03 12:00:00+00:00,SEPD,WLON,480,ups_2n,IT Power 2N + UPS 2N,0.0170104807350762,0.10012159681478165,1.0,9.0
2026-08-03 04:00:00+00:00,2026-08-03 12:00:00+00:00,SEPD,WLON,480,ups_dr,IT Power 2N + UPS Distributed Redundancy,0.0170104807350762,0.1427194134026331,1.0,6.75
2026-08-02 17:00:00+00:00,2026-08-03 02:00:00+00:00,SEPD,WLON,540,hvdc_2n,IT Power 2N + HVDC 2N,0.0090466369246078,0.0667999639165617,1.0,8.9
2026-08-02 17:00:00+00:00,2026-08-03 02:00:00+00:00,SEPD,WLON,540,mains_2n,IT Power 2N + Direct Utility 2N,0.0090466369246078,0.19630762545975863,1.0,0.05
2026-08-02 17:00:00+00:00,2026-08-03 02:00:00+00:00,SEPD,WLON,540,ups_2n,IT Power 2N + UPS 2N,0.0090466369246078,0.09183435236310084,1.0,9.0
2026-08-02 17:00:00+00:00,2026-08-03 02:00:00+00:00,SEPD,WLON,540,ups_dr,IT Power 2N + UPS Distributed Redundancy,0.0090466369246078,0.1323329464411853,1.0,6.75
2026-08-02 12:00:00+00:00,2026-08-02 22:00:00+00:00,SEPD,WLON,600,hvdc_2n,IT Power 2N + HVDC 2N,0.02972827068577,0.0848349663799845,1.0,8.9
2026-08-02 12:00:00+00:00,2026-08-02 22:00:00+00:00,SEPD,WLON,600,mains_2n,IT Power 2N + Direct Utility 2N,0.02972827068577,0.23099217790878257,1.0,0.05
2026-08-02 12:00:00+00:00,2026-08-02 22:00:00+00:00,SEPD,WLON,600,ups_2n,IT Power 2N + UPS 2N,0.02972827068577,0.11473511802559368,1.0,9.0
2026-08-02 12:00:00+00:00,2026-08-02 22:00:00+00:00,SEPD,WLON,600,ups_dr,IT Power 2N + UPS Distributed Redundancy,0.02972827068577,0.16070538374877086,1.0,6.75
2026-08-02 04:00:00+00:00,2026-08-02 15:00:00+00:00,SEPD,WLON,660,hvdc_2n,IT Power 2N + HVDC 2N,0.0104802419599846,0.06792576940841584,1.0,8.9
2026-08-02 04:00:00+00:00,2026-08-02 15:00:00+00:00,SEPD,WLON,660,mains_2n,IT Power 2N + Direct Utility 2N,0.0104802419599846,0.19857928897035693,1.0,0.05
2026-08-02 04:00:00+00:00,2026-08-02 15:00:00+00:00,SEPD,WLON,660,ups_2n,IT Power 2N + UPS 2N,0.0104802419599846,0.09327922808044539,1.0,9.0
2026-08-02 04:00:00+00:00,2026-08-02 15:00:00+00:00,SEPD,WLON,660,ups_dr,IT Power 2N + UPS Distributed Redundancy,0.0104802419599846,0.13415415465271066,1.0,6.75
2026-08-02 15:00:00+00:00,2026-08-03 03:00:00+00:00,SEPD,WLON,720,hvdc_2n,IT Power 2N + HVDC 2N,0.0106837291675303,0.06808698591968594,1.0,8.9
2026-08-02 15:00:00+00:00,2026-08-03 03:00:00+00:00,SEPD,WLON,720,mains_2n,IT Power 2N + Direct Utility 2N,0.0106837291675303,0.19890332845472666,1.0,0.05
2026-08-02 15:00:00+00:00,2026-08-03 03:00:00+00:00,SEPD,WLON,720,ups_2n,IT Power 2N + UPS 2N,0.0106837291675303,0.09348596030804476,1.0,9.0
2026-08-02 15:00:00+00:00,2026-08-03 03:00:00+00:00,SEPD,WLON,720,ups_dr,IT Power 2N + UPS Distributed Redundancy,0.0106837291675303,0.13441436832219986,1.0,6.75
2026-08-02 16:00:00+00:00,2026-08-03 05:00:00+00:00,SEPD,WLON,780,hvdc_2n,IT Power 2N + HVDC 2N,0.0104553921431928,0.0679061059463563,1.0,8.9
2026-08-02 16:00:00+00:00,2026-08-03 05:00:00+00:00,SEPD,WLON,780,mains_2n,IT Power 2N + Direct Utility 2N,0.0104553921431928,0.1985397445536954,1.0,0.05
2026-08-02 16:00:00+00:00,2026-08-03 05:00:00+00:00,SEPD,WLON,780,ups_2n,IT Power 2N + UPS 2N,0.0104553921431928,0.09325401010177341,1.0,9.0
2026-08-02 16:00:00+00:00,2026-08-03 05:00:00+00:00,SEPD,WLON,780,ups_dr,IT Power 2N + UPS Distributed Redundancy,0.0104553921431928,0.1341224065958583,1.0,6.75
2026-07-29 15:00:00+00:00,2026-07-30 05:00:00+00:00,SEPD,WLON,840,hvdc_2n,IT Power 2N + HVDC 2N,0.0165642660838032,0.07290176546654395,1.0,8.9
2026-07-29 15:00:00+00:00,2026-07-30 05:00:00+00:00,SEPD,WLON,840,mains_2n,IT Power 2N + Direct Utility 2N,0.0165642660838032,0.20843952361311074,1.0,0.05
2026-07-29 15:00:00+00:00,2026-07-30 05:00:00+00:00,SEPD,WLON,840,ups_2n,IT Power 2N + UPS 2N,0.0165642660838032,0.09964019610648932,1.0,9.0
2026-07-29 15:00:00+00:00,2026-07-30 05:00:00+00:00,SEPD,WLON,840,ups_dr,IT Power 2N + UPS Distributed Redundancy,0.0165642660838032,0.14211992505898224,1.0,6.75
2026-08-02 00:00:00+00:00,2026-08-02 15:00:00+00:00,SEPD,WLON,900,hvdc_2n,IT Power 2N + HVDC 2N,0.0158631131469955,0.07231161717186649,1.0,8.9
2026-08-02 00:00:00+00:00,2026-08-02 15:00:00+00:00,SEPD,WLON,900,mains_2n,IT Power 2N + Direct Utility 2N,0.0158631131469955,0.20728503875928844,1.0,0.05
2026-08-02 00:00:00+00:00,2026-08-02 15:00:00+00:00,SEPD,WLON,900,ups_2n,IT Power 2N + UPS 2N,0.0158631131469955,0.0988879124402722,1.0,9.0
2026-08-02 00:00:00+00:00,2026-08-02 15:00:00+00:00,SEPD,WLON,900,ups_dr,IT Power 2N + UPS Distributed Redundancy,0.0158631131469955,0.1411821735932972,1.0,6.75
2026-08-03 04:00:00+00:00,2026-08-03 20:00:00+00:00,SEPD,WLON,960,hvdc_2n,IT Power 2N + HVDC 2N,0.0168962723403898,0.0731827548571868,1.0,8.9
2026-08-03 04:00:00+00:00,2026-08-03 20:00:00+00:00,SEPD,WLON,960,mains_2n,IT Power 2N + Direct Utility 2N,0.0168962723403898,0.20898783926353973,1.0,0.05
2026-08-03 04:00:00+00:00,2026-08-03 20:00:00+00:00,SEPD,WLON,960,ups_2n,IT Power 2N + UPS 2N,0.0168962723403898,0.09999818610250412,1.0,9.0
2026-08-03 04:00:00+00:00,2026-08-03 20:00:00+00:00,SEPD,WLON,960,ups_dr,IT Power 2N + UPS Distributed Redundancy,0.0168962723403898,0.14256577428387973,1.0,6.75
2026-07-30 07:00:00+00:00,2026-07-31 00:00:00+00:00,SEPD,WLON,1020,hvdc_2n,IT Power 2N + HVDC 2N,0.0197535253213956,0.07564247717459652,1.0,8.9
2026-07-30 07:00:00+00:00,2026-07-31 00:00:00+00:00,SEPD,WLON,1020,mains_2n,IT Power 2N + Direct Utility 2N,0.0197535253213956,0.21375049635356494,1.0,0.05
2026-07-30 07:00:00+00:00,2026-07-31 00:00:00+00:00,SEPD,WLON,1020,ups_2n,IT Power 2N + UPS 2N,0.0197535253213956,0.10312656847381392,1.0,9.0
2026-07-30 07:00:00+00:00,2026-07-31 00:00:00+00:00,SEPD,WLON,1020,ups_dr,IT Power 2N + UPS Distributed Redundancy,0.0197535253213956,0.14645110353565605,1.0,6.75
2026-08-02 09:00:00+00:00,2026-08-03 03:00:00+00:00,SEPD,WLON,1080,hvdc_2n,IT Power 2N + HVDC 2N,0.0224316598439162,0.07801669656938282,1.0,8.9
2026-08-02 09:00:00+00:00,2026-08-03 03:00:00+00:00,SEPD,WLON,1080,mains_2n,IT Power 2N + Direct Utility 2N,0.0224316598439162,0.2182858999414675,1.0,0.05
2026-08-02 09:00:00+00:00,2026-08-03 03:00:00+00:00,SEPD,WLON,1080,ups_2n,IT Power 2N + UPS 2N,0.0224316598439162,0.10613716367939555,1.0,9.0
2026-08-02 09:00:00+00:00,2026-08-03 03:00:00+00:00,SEPD,WLON,1080,ups_dr,IT Power 2N + UPS Distributed Redundancy,0.0224316598439162,0.15017211875172676,1.0,6.75
2026-08-02 06:00:00+00:00,2026-08-03 01:00:00+00:00,SEPD,WLON,1140,hvdc_2n,IT Power 2N + HVDC 2N,0.0216506834985491,0.07731738667029582,1.0,8.9
2026-08-02 06:00:00+00:00,2026-08-03 01:00:00+00:00,SEPD,WLON,1140,mains_2n,IT Power 2N + Direct Utility 2N,0.0216506834985491,0.21695619630662602,1.0,0.05
2026-08-02 06:00:00+00:00,2026-08-03 01:00:00+00:00,SEPD,WLON,1140,ups_2n,IT Power 2N + UPS 2N,0.0216506834985491,0.1052513258673537,1.0,9.0
2026-08-02 06:00:00+00:00,2026-08-03 01:00:00+00:00,SEPD,WLON,1140,ups_dr,IT Power 2N + UPS Distributed Redundancy,0.0216506834985491,0.14907905632404397,1.0,6.75
2026-07-30 19:00:00+00:00,2026-07-31 15:00:00+00:00,SEPD,WLON,1200,hvdc_2n,IT Power 2N + HVDC 2N,0.0248756057054813,0.0802426343198659,1.0,8.9
2026-07-30 19:00:00+00:00,2026-07-31 15:00:00+00:00,SEPD,WLON,1200,mains_2n,IT Power 2N + Direct Utility 2N,0.0248756057054813,0.22248488062679253,1.0,0.05
2026-07-30 19:00:00+00:00,2026-07-31 15:00:00+00:00,SEPD,WLON,1200,ups_2n,IT Power 2N + UPS 2N,0.0248756057054813,0.10895182023174241,1.0,9.0
2026-07-30 19:00:00+00:00,2026-07-31 15:00:00+00:00,SEPD,WLON,1200,ups_dr,IT Power 2N + UPS Distributed Redundancy,0.0248756057054813,0.1536353526533481,1.0,6.75
2026-08-02 04:00:00+00:00,2026-08-03 01:00:00+00:00,SEPD,WLON,1260,hvdc_2n,IT Power 2N + HVDC 2N,0.0090716079693941,0.06681942452553478,1.0,8.9
2026-08-02 04:00:00+00:00,2026-08-03 01:00:00+00:00,SEPD,WLON,1260,mains_2n,IT Power 2N + Direct Utility 2N,0.0090716079693941,0.19634702549996044,1.0,0.05
2026-08-02 04:00:00+00:00,2026-08-03 01:00:00+00:00,SEPD,WLON,1260,ups_2n,IT Power 2N + UPS 2N,0.0090716079693941,0.09185934668248533,1.0,9.0
2026-08-02 04:00:00+00:00,2026-08-03 01:00:00+00:00,SEPD,WLON,1260,ups_dr,IT Power 2N + UPS Distributed Redundancy,0.0090716079693941,0.13236448881305557,1.0,6.75
2026-08-02 19:00:00+00:00,2026-08-03 17:00:00+00:00,SEPD,WLON,1320,hvdc_2n,IT Power 2N + HVDC 2N,0.0146282359061844,0.07128294325060307,1.0,8.9
2026-08-02 19:00:00+00:00,2026-08-03 17:00:00+00:00,SEPD,WLON,1320,mains_2n,IT Power 2N + Direct Utility 2N,0.0146282359061844,0.205263247575106,1.0,0.05
2026-08-02 19:00:00+00:00,2026-08-03 17:00:00+00:00,SEPD,WLON,1320,ups_2n,IT Power 2N + UPS 2N,0.0146282359061844,0.09757527315023265,1.0,9.0
2026-08-02 19:00:00+00:00,2026-08-03 17:00:00+00:00,SEPD,WLON,1320,ups_dr,IT Power 2N + UPS Distributed Redundancy,0.0146282359061844,0.13954317301390484,1.0,6.75
2026-08-02 20:00:00+00:00,2026-08-03 19:00:00+00:00,SEPD,WLON,1380,hvdc_2n,IT Power 2N + HVDC 2N,0.012878181423735,0.0698482487638414,1.0,8.9
2026-08-02 20:00:00+00:00,2026-08-03 19:00:00+00:00,SEPD,WLON,1380,mains_2n,IT Power 2N + Direct Utility 2N,0.012878181423735,0.20242310149245873,1.0,0.05
2026-08-02 20:00:00+00:00,2026-08-03 19:00:00+00:00,SEPD,WLON,1380,ups_2n,IT Power 2N + UPS 2N,0.012878181423735,0.09574163823050306,1.0,9.0
2026-08-02 20:00:00+00:00,2026-08-03 19:00:00+00:00,SEPD,WLON,1380,ups_dr,IT Power 2N + UPS Distributed Redundancy,0.012878181423735,0.13724773564421586,1.0,6.75
2026-08-01 20:00:00+00:00,2026-08-02 20:00:00+00:00,SEPD,WLON,1440,hvdc_2n,IT Power 2N + HVDC 2N,0.0168866270028396,0.07317457759439097,1.0,8.9
2026-08-01 20:00:00+00:00,2026-08-02 20:00:00+00:00,SEPD,WLON,1440,mains_2n,IT Power 2N + Direct Utility 2N,0.0168866270028396,0.20897189481818151,1.0,0.05
2026-08-01 20:00:00+00:00,2026-08-02 20:00:00+00:00,SEPD,WLON,1440,ups_2n,IT Power 2N + UPS 2N,0.0168866270028396,0.09998776978817292,1.0,9.0
2026-08-01 20:00:00+00:00,2026-08-02 20:00:00+00:00,SEPD,WLON,1440,ups_dr,IT Power 2N + UPS Distributed Redundancy,0.0168866270028396,0.14255280518688868,1.0,6.75
2026-08-02 00:00:00+00:00,2026-08-03 01:00:00+00:00,SEPD,WLON,1500,hvdc_2n,IT Power 2N + HVDC 2N,0.0130850323019063,0.07001642311772474,1.0,8.9
2026-08-02 00:00:00+00:00,2026-08-03 01:00:00+00:00,SEPD,WLON,1500,mains_2n,IT Power 2N + Direct Utility 2N,0.0130850323019063,0.2027572636476438,1.0,0.05
2026-08-02 00:00:00+00:00,2026-08-03 01:00:00+00:00,SEPD,WLON,1500,ups_2n,IT Power 2N + UPS 2N,0.0130850323019063,0.09595675179323031,1.0,9.0
2026-08-02 00:00:00+00:00,2026-08-03 01:00:00+00:00,SEPD,WLON,1500,ups_dr,IT Power 2N + UPS Distributed Redundancy,0.0130850323019063,0.13751738524002852,1.0,6.75
2026-07-31 07:00:00+00:00,2026-08-01 09:00:00+00:00,SEPD,WLON,1560,hvdc_2n,IT Power 2N + HVDC 2N,0.0204324856474053,0.07623803572313086,1.0,8.9
2026-07-31 07:00:00+00:00,2026-08-01 09:00:00+00:00,SEPD,WLON,1560,mains_2n,IT Power 2N + Direct Utility 2N,0.0204324856474053,0.2148937829811284,1.0,0.05
2026-07-31 07:00:00+00:00,2026-08-01 09:00:00+00:00,SEPD,WLON,1560,ups_2n,IT Power 2N + UPS 2N,0.0204324856474053,0.10388258543921244,1.0,9.0
2026-07-31 07:00:00+00:00,2026-08-01 09:00:00+00:00,SEPD,WLON,1560,ups_dr,IT Power 2N + UPS Distributed Redundancy,0.0204324856474053,0.14738716503916818,1.0,6.75
2026-08-02 08:00:00+00:00,2026-08-03 11:00:00+00:00,SEPD,WLON,1620,hvdc_2n,IT Power 2N + HVDC 2N,0.0234428826377951,0.07893077694624837,1.0,8.9
2026-08-02 08:00:00+00:00,2026-08-03 11:00:00+00:00,SEPD,WLON,1620,mains_2n,IT Power 2N + Direct Utility 2N,0.0234428826377951,0.2200163367055609,1.0,0.05
2026-08-02 08:00:00+00:00,2026-08-03 11:00:00+00:00,SEPD,WLON,1620,ups_2n,IT Power 2N + UPS 2N,0.0234428826377951,0.10729391963059434,1.0,9.0
2026-08-02 08:00:00+00:00,2026-08-03 11:00:00+00:00,SEPD,WLON,1620,ups_dr,IT Power 2N + UPS Distributed Redundancy,0.0234428826377951,0.15159722940795284,1.0,6.75
2026-08-01 12:00:00+00:00,2026-08-02 16:00:00+00:00,SEPD,WLON,1680,hvdc_2n,IT Power 2N + HVDC 2N,0.0217383993972866,0.07739564293433486,1.0,8.9
2026-08-01 12:00:00+00:00,2026-08-02 16:00:00+00:00,SEPD,WLON,1680,mains_2n,IT Power 2N + Direct Utility 2N,0.0217383993972866,0.21710525051512983,1.0,0.05
2026-08-01 12:00:00+00:00,2026-08-02 16:00:00+00:00,SEPD,WLON,1680,ups_2n,IT Power 2N + UPS 2N,0.0217383993972866,0.10535049320482108,1.0,9.0
2026-08-01 12:00:00+00:00,2026-08-02 16:00:00+00:00,SEPD,WLON,1680,ups_dr,IT Power 2N + UPS Distributed Redundancy,0.0217383993972866,0.1492014964849832,1.0,6.75
2026-08-02 00:00:00+00:00,2026-08-03 05:00:00+00:00,SEPD,WLON,1740,hvdc_2n,IT Power 2N + HVDC 2N,0.013876685268634,0.07066351857453915,1.0,8.9
2026-08-02 00:00:00+00:00,2026-08-03 05:00:00+00:00,SEPD,WLON,1740,mains_2n,IT Power 2N + Direct Utility 2N,0.013876685268634,0.20403995663018262,1.0,0.05
2026-08-02 00:00:00+00:00,2026-08-03 05:00:00+00:00,SEPD,WLON,1740,ups_2n,IT Power 2N + UPS 2N,0.013876685268634,0.09678402266976772,1.0,9.0
2026-08-02 00:00:00+00:00,2026-08-03 05:00:00+00:00,SEPD,WLON,1740,ups_dr,IT Power 2N + UPS Distributed Redundancy,0.013876685268634,0.1385534950323433,1.0,6.75
2026-08-02 16:00:00+00:00,2026-08-03 22:00:00+00:00,SEPD,WLON,1800,hvdc_2n,IT Power 2N + HVDC 2N,0.0116407955109752,0.06885000641674051,1.0,8.9
2026-08-02 16:00:00+00:00,2026-08-03 22:00:00+00:00,SEPD,WLON,1800,mains_2n,IT Power 2N + Direct Utility 2N,0.0116407955109752,0.20043272113821997,1.0,0.05
2026-08-02 16:00:00+00:00,2026-08-03 22:00:00+00:00,SEPD,WLON,1800,ups_2n,IT Power 2N + UPS 2N,0.0116407955109752,0.09446380925904545,1.0,9.0
2026-08-02 16:00:00+00:00,2026-08-03 22:00:00+00:00,SEPD,WLON,1800,ups_dr,IT Power 2N + UPS Distributed Redundancy,0.0116407955109752,0.13564396071707704,1.0,6.75
2026-08-01 21:00:00+00:00,2026-08-03 04:00:00+00:00,SEPD,WLON,1860,hvdc_2n,IT Power 2N + HVDC 2N,0.0166905242900905,0.07300850521530526,1.0,8.9
2026-08-01 21:00:00+00:00,2026-08-03 04:00:00+00:00,SEPD,WLON,1860,mains_2n,IT Power 2N + Direct Utility 2N,0.0166905242900905,0.2086479168555716,1.0,0.05
2026-08-01 21:00:00+00:00,2026-08-03 04:00:00+00:00,SEPD,WLON,1860,ups_2n,IT Power 2N + UPS 2N,0.0166905242900905,0.09977620113500145,1.0,9.0
2026-08-01 21:00:00+00:00,2026-08-03 04:00:00+00:00,SEPD,WLON,1860,ups_dr,IT Power 2N + UPS Distributed Redundancy,0.0166905242900905,0.14228933921476072,1.0,6.75
2026-07-30 07:00:00+00:00,2026-07-31 15:00:00+00:00,SEPD,WLON,1920,hvdc_2n,IT Power 2N + HVDC 2N,0.0309985048916165,0.08607585062934325,1.0,8.9
2026-07-30 07:00:00+00:00,2026-07-31 15:00:00+00:00,SEPD,WLON,1920,mains_2n,IT Power 2N + Direct Utility 2N,0.0309985048916165,0.23325626179266865,1.0,0.05
2026-07-30 07:00:00+00:00,2026-07-31 15:00:00+00:00,SEPD,WLON,1920,ups_2n,IT Power 2N + UPS 2N,0.0309985048916165,0.11629246045234276,1.0,9.0
2026-07-30 07:00:00+00:00,2026-07-31 15:00:00+00:00,SEPD,WLON,1920,ups_dr,IT Power 2N + UPS Distributed Redundancy,0.0309985048916165,0.1625989393447326,1.0,6.75
2026-08-01 13:00:00+00:00,2026-08-02 22:00:00+00:00,SEPD,WLON,1980,hvdc_2n,IT Power 2N + HVDC 2N,0.0179409374131394,0.07407341303237742,1.0,8.9
2026-08-01 13:00:00+00:00,2026-08-02 22:00:00+00:00,SEPD,WLON,1980,mains_2n,IT Power 2N + Direct Utility 2N,0.0179409374131394,0.21072004550799134,1.0,0.05
2026-08-01 13:00:00+00:00,2026-08-02 22:00:00+00:00,SEPD,WLON,1980,ups_2n,IT Power 2N + UPS 2N,0.0179409374131394,0.10113207714088988,1.0,9.0
2026-08-01 13:00:00+00:00,2026-08-02 22:00:00+00:00,SEPD,WLON,1980,ups_dr,IT Power 2N + UPS Distributed Redundancy,0.0179409374131394,0.14397625951597934,1.0,6.75
2026-07-30 23:00:00+00:00,2026-08-01 09:00:00+00:00,SEPD,WLON,2040,hvdc_2n,IT Power 2N + HVDC 2N,0.0229109877826445,0.07844876397842639,1.0,8.9
2026-07-30 23:00:00+00:00,2026-08-01 09:00:00+00:00,SEPD,WLON,2040,mains_2n,IT Power 2N + Direct Utility 2N,0.0229109877826445,0.2191049159284788,1.0,0.05
2026-07-30 23:00:00+00:00,2026-08-01 09:00:00+00:00,SEPD,WLON,2040,ups_2n,IT Power 2N + UPS 2N,0.0229109877826445,0.10668409922247614,1.0,9.0
2026-07-30 23:00:00+00:00,2026-08-01 09:00:00+00:00,SEPD,WLON,2040,ups_dr,IT Power 2N + UPS Distributed Redundancy,0.0229109877826445,0.15084625317238398,1.0,6.75
2026-08-01 21:00:00+00:00,2026-08-03 08:00:00+00:00,SEPD,WLON,2100,hvdc_2n,IT Power 2N + HVDC 2N,0.0193092551338133,0.07525509509010331,1.0,8.9
2026-08-01 21:00:00+00:00,2026-08-03 08:00:00+00:00,SEPD,WLON,2100,mains_2n,IT Power 2N + Direct Utility 2N,0.0193092551338133,0.21300479999322952,1.0,0.05
2026-08-01 21:00:00+00:00,2026-08-03 08:00:00+00:00,SEPD,WLON,2100,ups_2n,IT Power 2N + UPS 2N,0.0193092551338133,0.10263451625474775,1.0,9.0
2026-08-01 21:00:00+00:00,2026-08-03 08:00:00+00:00,SEPD,WLON,2100,ups_dr,IT Power 2N + UPS Distributed Redundancy,0.0193092551338133,0.14584127136956285,1.0,6.75
2026-08-02 01:00:00+00:00,2026-08-03 13:00:00+00:00,SEPD,WLON,2160,hvdc_2n,IT Power 2N + HVDC 2N,0.0116346937268506,0.06884511678446044,1.0,8.9
2026-08-02 01:00:00+00:00,2026-08-03 13:00:00+00:00,SEPD,WLON,2160,mains_2n,IT Power 2N + Direct Utility 2N,0.0116346937268506,0.20042294263156413,1.0,0.05
2026-08-02 01:00:00+00:00,2026-08-03 13:00:00+00:00,SEPD,WLON,2160,ups_2n,IT Power 2N + UPS 2N,0.0116346937268506,0.0944575460565171,1.0,9.0
2026-08-02 01:00:00+00:00,2026-08-03 13:00:00+00:00,SEPD,WLON,2160,ups_dr,IT Power 2N + UPS Distributed Redundancy,0.0116346937268506,0.13563609149075279,1.0,6.75
2026-08-01 21:00:00+00:00,2026-08-03 10:00:00+00:00,SEPD,WLON,2220,hvdc_2n,IT Power 2N + HVDC 2N,0.0200162781815897,0.07587244576522442,1.0,8.9
2026-08-01 21:00:00+00:00,2026-08-03 10:00:00+00:00,SEPD,WLON,2220,mains_2n,IT Power 2N + Direct Utility 2N,0.0200162781815897,0.21419241414519263,1.0,0.05
2026-08-01 21:00:00+00:00,2026-08-03 10:00:00+00:00,SEPD,WLON,2220,ups_2n,IT Power 2N + UPS 2N,0.0200162781815897,0.10341856242907214,1.0,9.0
2026-08-01 21:00:00+00:00,2026-08-03 10:00:00+00:00,SEPD,WLON,2220,ups_dr,IT Power 2N + UPS Distributed Redundancy,0.0200162781815897,0.14681276721955575,1.0,6.75
2026-07-30 21:00:00+00:00,2026-08-01 11:00:00+00:00,SEPD,WLON,2280,hvdc_2n,IT Power 2N + HVDC 2N,0.0344983930067258,0.0895803150736685,1.0,8.9
2026-07-30 21:00:00+00:00,2026-08-01 11:00:00+00:00,SEPD,WLON,2280,mains_2n,IT Power 2N + Direct Utility 2N,0.0344983930067258,0.2395740704054233,1.0,0.05
2026-07-30 21:00:00+00:00,2026-08-01 11:00:00+00:00,SEPD,WLON,2280,ups_2n,IT Power 2N + UPS 2N,0.0344983930067258,0.120678639943413,1.0,9.0
2026-07-30 21:00:00+00:00,2026-08-01 11:00:00+00:00,SEPD,WLON,2280,ups_dr,IT Power 2N + UPS Distributed Redundancy,0.0344983930067258,0.16790927481119733,1.0,6.75
2026-08-01 09:00:00+00:00,2026-08-03 00:00:00+00:00,SEPD,WLON,2340,hvdc_2n,IT Power 2N + HVDC 2N,0.0156823743374091,0.07216020806263819,1.0,8.9
2026-08-01 09:00:00+00:00,2026-08-03 00:00:00+00:00,SEPD,WLON,2340,mains_2n,IT Power 2N + Direct Utility 2N,0.0156823743374091,0.20698820956802147,1.0,0.05
2026-08-01 09:00:00+00:00,2026-08-03 00:00:00+00:00,SEPD,WLON,2340,ups_2n,IT Power 2N + UPS 2N,0.0156823743374091,0.09869481484564377,1.0,9.0
2026-08-01 09:00:00+00:00,2026-08-03 00:00:00+00:00,SEPD,WLON,2340,ups_dr,IT Power 2N + UPS Distributed Redundancy,0.0156823743374091,0.14094128559125896,1.0,6.75
2026-08-01 06:00:00+00:00,2026-08-02 22:00:00+00:00,SEPD,WLON,2400,hvdc_2n,IT Power 2N + HVDC 2N,0.0170753986347352,0.07333477014871702,1.0,8.9
2026-08-01 06:00:00+00:00,2026-08-02 22:00:00+00:00,SEPD,WLON,2400,mains_2n,IT Power 2N + Direct Utility 2N,0.0170753986347352,0.2092841107450449,1.0,0.05
2026-08-01 06:00:00+00:00,2026-08-02 22:00:00+00:00,SEPD,WLON,2400,ups_2n,IT Power 2N + UPS 2N,0.0170753986347352,0.10019180578279807,1.0,9.0
2026-08-01 06:00:00+00:00,2026-08-02 22:00:00+00:00,SEPD,WLON,2400,ups_dr,IT Power 2N + UPS Distributed Redundancy,0.0170753986347352,0.1428068058667924,1.0,6.75
2026-08-02 09:00:00+00:00,2026-08-04 02:00:00+00:00,SEPD,WLON,2460,hvdc_2n,IT Power 2N + HVDC 2N,0.0214106089984999,0.07710357338036347,1.0,8.9
2026-08-02 09:00:00+00:00,2026-08-04 02:00:00+00:00,SEPD,WLON,2460,mains_2n,IT Power 2N + Direct Utility 2N,0.0214106089984999,0.21654861999924047,1.0,0.05
2026-08-02 09:00:00+00:00,2026-08-04 02:00:00+00:00,SEPD,WLON,2460,ups_2n,IT Power 2N + UPS 2N,0.0214106089984999,0.10498033041284574,1.0,9.0
2026-08-02 09:00:00+00:00,2026-08-04 02:00:00+00:00,SEPD,WLON,2460,ups_dr,IT Power 2N + UPS Distributed Redundancy,0.0214106089984999,0.14874436686725914,1.0,6.75
2026-07-31 22:00:00+00:00,2026-08-02 16:00:00+00:00,SEPD,WLON,2520,hvdc_2n,IT Power 2N + HVDC 2N,0.0203253502925875,0.07614377556950333,1.0,8.9
2026-07-31 22:00:00+00:00,2026-08-02 16:00:00+00:00,SEPD,WLON,2520,mains_2n,IT Power 2N + Direct Utility 2N,0.0203253502925875,0.21471308537311845,1.0,0.05
2026-07-31 22:00:00+00:00,2026-08-02 16:00:00+00:00,SEPD,WLON,2520,ups_2n,IT Power 2N + UPS 2N,0.0203253502925875,0.10376296633277571,1.0,9.0
2026-07-31 22:00:00+00:00,2026-08-02 16:00:00+00:00,SEPD,WLON,2520,ups_dr,IT Power 2N + UPS Distributed Redundancy,0.0203253502925875,0.14723913271938405,1.0,6.75
2026-07-30 13:00:00+00:00,2026-08-01 08:00:00+00:00,SEPD,WLON,2580,hvdc_2n,IT Power 2N + HVDC 2N,0.0492041268441981,0.10574613660235999,1.0,8.9
2026-07-30 13:00:00+00:00,2026-08-01 08:00:00+00:00,SEPD,WLON,2580,mains_2n,IT Power 2N + Direct Utility 2N,0.0492041268441981,0.2673795202484622,1.0,0.05
2026-07-30 13:00:00+00:00,2026-08-01 08:00:00+00:00,SEPD,WLON,2580,ups_2n,IT Power 2N + UPS 2N,0.0492041268441981,0.14069246332560473,1.0,9.0
2026-07-30 13:00:00+00:00,2026-08-01 08:00:00+00:00,SEPD,WLON,2580,ups_dr,IT Power 2N + UPS Distributed Redundancy,0.0492041268441981,0.1917382792441574,1.0,6.75
2026-08-01 11:00:00+00:00,2026-08-03 07:00:00+00:00,SEPD,WLON,2640,hvdc_2n,IT Power 2N + HVDC 2N,0.018252846147533,0.07434126676932913,1.0,8.9
2026-08-01 11:00:00+00:00,2026-08-03 07:00:00+00:00,SEPD,WLON,2640,mains_2n,IT Power 2N + Direct Utility 2N,0.018252846147533,0.21123927116529373,1.0,0.05
2026-08-01 11:00:00+00:00,2026-08-03 07:00:00+00:00,SEPD,WLON,2640,ups_2n,IT Power 2N + UPS 2N,0.018252846147533,0.10147283190609893,1.0,9.0
2026-08-01 11:00:00+00:00,2026-08-03 07:00:00+00:00,SEPD,WLON,2640,ups_dr,IT Power 2N + UPS Distributed Redundancy,0.018252846147533,0.1443996365662893,1.0,6.75
2026-08-02 02:00:00+00:00,2026-08-03 23:00:00+00:00,SEPD,WLON,2700,hvdc_2n,IT Power 2N + HVDC 2N,0.0092893031092133,0.06698930330531214,1.0,8.9
2026-08-02 02:00:00+00:00,2026-08-03 23:00:00+00:00,SEPD,WLON,2700,mains_2n,IT Power 2N + Direct Utility 2N,0.0092893031092133,0.19669076435379257,1.0,0.05
2026-08-02 02:00:00+00:00,2026-08-03 23:00:00+00:00,SEPD,WLON,2700,ups_2n,IT Power 2N + UPS 2N,0.0092893031092133,0.09207750385436385,1.0,9.0
2026-08-02 02:00:00+00:00,2026-08-03 23:00:00+00:00,SEPD,WLON,2700,ups_dr,IT Power 2N + UPS Distributed Redundancy,0.0092893031092133,0.13263974210321705,1.0,6.75
2026-07-31 02:00:00+00:00,2026-08-02 00:00:00+00:00,SEPD,WLON,2760,hvdc_2n,IT Power 2N + HVDC 2N,0.0217184345582142,0.0773778248078454,1.0,8.9
2026-07-31 02:00:00+00:00,2026-08-02 00:00:00+00:00,SEPD,WLON,2760,mains_2n,IT Power 2N + Direct Utility 2N,0.0217184345582142,0.2170713180828117,1.0,0.05
2026-07-31 02:00:00+00:00,2026-08-02 00:00:00+00:00,SEPD,WLON,2760,ups_2n,IT Power 2N + UPS 2N,0.0217184345582142,0.10532791468343983,1.0,9.0
2026-07-31 02:00:00+00:00,2026-08-02 00:00:00+00:00,SEPD,WLON,2760,ups_dr,IT Power 2N + UPS Distributed Redundancy,0.0217184345582142,0.149173620839218,1.0,6.75
2026-08-01 01:00:00+00:00,2026-08-03 00:00:00+00:00,SEPD,WLON,2820,hvdc_2n,IT Power 2N + HVDC 2N,0.0147599822042174,0.07139204308994747,1.0,8.9
2026-08-01 01:00:00+00:00,2026-08-03 00:00:00+00:00,SEPD,WLON,2820,mains_2n,IT Power 2N + Direct Utility 2N,0.0147599822042174,0.2054782490912114,1.0,0.05
2026-08-01 01:00:00+00:00,2026-08-03 00:00:00+00:00,SEPD,WLON,2820,ups_2n,IT Power 2N + UPS 2N,0.0147599822042174,0.09771457174377489,1.0,9.0
2026-08-01 01:00:00+00:00,2026-08-03 00:00:00+00:00,SEPD,WLON,2820,ups_dr,IT Power 2N + UPS Distributed Redundancy,0.0147599822042174,0.13971727175606422,1.0,6.75
2026-08-01 16:00:00+00:00,2026-08-03 16:00:00+00:00,SEPD,WLON,2880,hvdc_2n,IT Power 2N + HVDC 2N,0.0179202610539807,0.07405568848381021,1.0,8.9
2026-08-01 16:00:00+00:00,2026-08-03 16:00:00+00:00,SEPD,WLON,2880,mains_2n,IT Power 2N + Direct Utility 2N,0.0179202610539807,0.21068565924226673,1.0,0.05
2026-08-01 16:00:00+00:00,2026-08-03 16:00:00+00:00,SEPD,WLON,2880,ups_2n,IT Power 2N + UPS 2N,0.0179202610539807,0.10110952451359272,1.0,9.0
2026-08-01 16:00:00+00:00,2026-08-03 16:00:00+00:00,SEPD,WLON,2880,ups_dr,IT Power 2N + UPS Distributed Redundancy,0.0179202610539807,0.14394823047223265,1.0,6.75
2026-08-03 14:00:00+00:00,2026-08-03 15:00:00+00:00,SEPD,YEOV,60,hvdc_2n,IT Power 2N + HVDC 2N,0.0096429676936481,0.06726614092629311,1.0,8.9
2026-08-03 14:00:00+00:00,2026-08-03 15:00:00+00:00,SEPD,YEOV,60,mains_2n,IT Power 2N + Direct Utility 2N,0.0096429676936481,0.19725016628813302,1.0,0.05
2026-08-03 14:00:00+00:00,2026-08-03 15:00:00+00:00,SEPD,YEOV,60,ups_2n,IT Power 2N + UPS 2N,0.0096429676936481,0.0924329116810635,1.0,9.0
2026-08-03 14:00:00+00:00,2026-08-03 15:00:00+00:00,SEPD,YEOV,60,ups_dr,IT Power 2N + UPS Distributed Redundancy,0.0096429676936481,0.13308794845890318,1.0,6.75
2026-08-02 10:00:00+00:00,2026-08-02 12:00:00+00:00,SEPD,YEOV,120,hvdc_2n,IT Power 2N + HVDC 2N,0.012072728411384,0.06919695172669972,1.0,8.9
2026-08-02 10:00:00+00:00,2026-08-02 12:00:00+00:00,SEPD,YEOV,120,mains_2n,IT Power 2N + Direct Utility 2N,0.012072728411384,0.20112583016579186,1.0,0.05
2026-08-02 10:00:00+00:00,2026-08-02 12:00:00+00:00,SEPD,YEOV,120,ups_2n,IT Power 2N + UPS 2N,0.012072728411384,0.09490811472899363,1.0,9.0
2026-08-02 10:00:00+00:00,2026-08-02 12:00:00+00:00,SEPD,YEOV,120,ups_dr,IT Power 2N + UPS Distributed Redundancy,0.012072728411384,0.13620198585869658,1.0,6.75
2026-08-03 20:00:00+00:00,2026-08-03 23:00:00+00:00,SEPD,YEOV,180,hvdc_2n,IT Power 2N + HVDC 2N,0.0075728764425389,0.06566070190339984,1.0,8.9
2026-08-03 20:00:00+00:00,2026-08-03 23:00:00+00:00,SEPD,YEOV,180,mains_2n,IT Power 2N + Direct Utility 2N,0.0075728764425389,0.19399286174985914,1.0,0.05
2026-08-03 20:00:00+00:00,2026-08-03 23:00:00+00:00,SEPD,YEOV,180,ups_2n,IT Power 2N + UPS 2N,0.0075728764425389,0.09037000713683763,1.0,9.0
2026-08-03 20:00:00+00:00,2026-08-03 23:00:00+00:00,SEPD,YEOV,180,ups_dr,IT Power 2N + UPS Distributed Redundancy,0.0075728764425389,0.13048261150715743,1.0,6.75
2026-07-31 14:00:00+00:00,2026-07-31 18:00:00+00:00,SEPD,YEOV,240,hvdc_2n,IT Power 2N + HVDC 2N,0.0113096705554293,0.06858512554049076,1.0,8.9
2026-07-31 14:00:00+00:00,2026-07-31 18:00:00+00:00,SEPD,YEOV,240,mains_2n,IT Power 2N + Direct Utility 2N,0.0113096705554293,0.19990258846601822,1.0,0.05
2026-07-31 14:00:00+00:00,2026-07-31 18:00:00+00:00,SEPD,YEOV,240,ups_2n,IT Power 2N + UPS 2N,0.0113096705554293,0.09412446180347055,1.0,9.0
2026-07-31 14:00:00+00:00,2026-07-31 18:00:00+00:00,SEPD,YEOV,240,ups_dr,IT Power 2N + UPS Distributed Redundancy,0.0113096705554293,0.1352174781608683,1.0,6.75
2026-07-31 20:00:00+00:00,2026-08-01 01:00:00+00:00,SEPD,YEOV,300,hvdc_2n,IT Power 2N + HVDC 2N,0.0077078341889036,0.06576427243276181,1.0,8.9
2026-07-31 20:00:00+00:00,2026-08-01 01:00:00+00:00,SEPD,YEOV,300,mains_2n,IT Power 2N + Direct Utility 2N,0.0077078341889036,0.19420396833536688,1.0,0.05
2026-07-31 20:00:00+00:00,2026-08-01 01:00:00+00:00,SEPD,YEOV,300,ups_2n,IT Power 2N + UPS 2N,0.0077078341889036,0.09050322309729299,1.0,9.0
2026-07-31 20:00:00+00:00,2026-08-01 01:00:00+00:00,SEPD,YEOV,300,ups_dr,IT Power 2N + UPS Distributed Redundancy,0.0077078341889036,0.13065113468382367,1.0,6.75
2026-08-01 21:00:00+00:00,2026-08-02 03:00:00+00:00,SEPD,YEOV,360,hvdc_2n,IT Power 2N + HVDC 2N,0.0252855755008705,0.08062166519679269,1.0,8.9
2026-08-01 21:00:00+00:00,2026-08-02 03:00:00+00:00,SEPD,YEOV,360,mains_2n,IT Power 2N + Direct Utility 2N,0.0252855755008705,0.22319487513347885,1.0,0.05
2026-08-01 21:00:00+00:00,2026-08-02 03:00:00+00:00,SEPD,YEOV,360,ups_2n,IT Power 2N + UPS 2N,0.0252855755008705,0.1094303447716093,1.0,9.0
2026-08-01 21:00:00+00:00,2026-08-02 03:00:00+00:00,SEPD,YEOV,360,ups_dr,IT Power 2N + UPS Distributed Redundancy,0.0252855755008705,0.15422266804049553,1.0,6.75
2026-08-01 05:00:00+00:00,2026-08-01 12:00:00+00:00,SEPD,YEOV,420,hvdc_2n,IT Power 2N + HVDC 2N,0.0148355636140197,0.07145470203477955,1.0,8.9
2026-08-01 05:00:00+00:00,2026-08-01 12:00:00+00:00,SEPD,YEOV,420,mains_2n,IT Power 2N + Direct Utility 2N,0.0148355636140197,0.20560166845446504,1.0,0.05
2026-08-01 05:00:00+00:00,2026-08-01 12:00:00+00:00,SEPD,YEOV,420,ups_2n,IT Power 2N + UPS 2N,0.0148355636140197,0.09779456584596762,1.0,9.0
2026-08-01 05:00:00+00:00,2026-08-01 12:00:00+00:00,SEPD,YEOV,420,ups_dr,IT Power 2N + UPS Distributed Redundancy,0.0148355636140197,0.13981723240247276,1.0,6.75
2026-08-02 18:00:00+00:00,2026-08-03 02:00:00+00:00,SEPD,YEOV,480,hvdc_2n,IT Power 2N + HVDC 2N,0.0125497739873003,0.06958201354197054,1.0,8.9
2026-08-02 18:00:00+00:00,2026-08-03 02:00:00+00:00,SEPD,YEOV,480,mains_2n,IT Power 2N + Direct Utility 2N,0.0125497739873003,0.2018934124115357,1.0,0.05
2026-08-02 18:00:00+00:00,2026-08-03 02:00:00+00:00,SEPD,YEOV,480,ups_2n,IT Power 2N + UPS 2N,0.0125497739873003,0.09540099817477636,1.0,9.0
2026-08-02 18:00:00+00:00,2026-08-03 02:00:00+00:00,SEPD,YEOV,480,ups_dr,IT Power 2N + UPS Distributed Redundancy,0.0125497739873003,0.13682053908164055,1.0,6.75
2026-08-03 14:00:00+00:00,2026-08-03 23:00:00+00:00,SEPD,YEOV,540,hvdc_2n,IT Power 2N + HVDC 2N,0.0142860323541064,0.07100028139472514,1.0,8.9
2026-08-03 14:00:00+00:00,2026-08-03 23:00:00+00:00,SEPD,YEOV,540,mains_2n,IT Power 2N + Direct Utility 2N,0.0142860323541064,0.20470557309063986,1.0,0.05
2026-08-03 14:00:00+00:00,2026-08-03 23:00:00+00:00,SEPD,YEOV,540,ups_2n,IT Power 2N + UPS 2N,0.0142860323541064,0.09721428011890763,1.0,9.0
2026-08-03 14:00:00+00:00,2026-08-03 23:00:00+00:00,SEPD,YEOV,540,ups_dr,IT Power 2N + UPS Distributed Redundancy,0.0142860323541064,0.1390918104936554,1.0,6.75
2026-08-03 13:00:00+00:00,2026-08-03 23:00:00+00:00,SEPD,YEOV,600,hvdc_2n,IT Power 2N + HVDC 2N,0.0151048400695767,0.07167835198137786,1.0,8.9
2026-08-03 13:00:00+00:00,2026-08-03 23:00:00+00:00,SEPD,YEOV,600,mains_2n,IT Power 2N + Direct Utility 2N,0.0151048400695767,0.20604182533887114,1.0,0.05
2026-08-03 13:00:00+00:00,2026-08-03 23:00:00+00:00,SEPD,YEOV,600,ups_2n,IT Power 2N + UPS 2N,0.0151048400695767,0.09808003830157837,1.0,9.0
2026-08-03 13:00:00+00:00,2026-08-03 23:00:00+00:00,SEPD,YEOV,600,ups_dr,IT Power 2N + UPS Distributed Redundancy,0.0151048400695767,0.14017385246707723,1.0,6.75
2026-08-03 05:00:00+00:00,2026-08-03 16:00:00+00:00,SEPD,YEOV,660,hvdc_2n,IT Power 2N + HVDC 2N,0.0160501476278343,0.07246860867823648,1.0,8.9
2026-08-03 05:00:00+00:00,2026-08-03 16:00:00+00:00,SEPD,YEOV,660,mains_2n,IT Power 2N + Direct Utility 2N,0.0160501476278343,0.20759253824627244,1.0,0.05
2026-08-03 05:00:00+00:00,2026-08-03 16:00:00+00:00,SEPD,YEOV,660,ups_2n,IT Power 2N + UPS 2N,0.0160501476278343,0.09908809024445617,1.0,9.0
2026-08-03 05:00:00+00:00,2026-08-03 16:00:00+00:00,SEPD,YEOV,660,ups_dr,IT Power 2N + UPS Distributed Redundancy,0.0160501476278343,0.1414318145566628,1.0,6.75
2026-08-03 12:00:00+00:00,2026-08-04 00:00:00+00:00,SEPD,YEOV,720,hvdc_2n,IT Power 2N + HVDC 2N,0.0151390622956847,0.07170682177598316,1.0,8.9
2026-08-03 12:00:00+00:00,2026-08-04 00:00:00+00:00,SEPD,YEOV,720,mains_2n,IT Power 2N + Direct Utility 2N,0.0151390622956847,0.20609781462848012,1.0,0.05
2026-08-03 12:00:00+00:00,2026-08-04 00:00:00+00:00,SEPD,YEOV,720,ups_2n,IT Power 2N + UPS 2N,0.0151390622956847,0.09811637201702157,1.0,9.0
2026-08-03 12:00:00+00:00,2026-08-04 00:00:00+00:00,SEPD,YEOV,720,ups_dr,IT Power 2N + UPS Distributed Redundancy,0.0151390622956847,0.1402192296389442,1.0,6.75
2026-08-03 04:00:00+00:00,2026-08-03 17:00:00+00:00,SEPD,YEOV,780,hvdc_2n,IT Power 2N + HVDC 2N,0.0167997012429711,0.07310092038531811,1.0,8.9
2026-08-03 04:00:00+00:00,2026-08-03 17:00:00+00:00,SEPD,YEOV,780,mains_2n,IT Power 2N + Direct Utility 2N,0.0167997012429711,0.20882824059100616,1.0,0.05
2026-08-03 04:00:00+00:00,2026-08-03 17:00:00+00:00,SEPD,YEOV,780,ups_2n,IT Power 2N + UPS 2N,0.0167997012429711,0.09989393933349343,1.0,9.0
2026-08-03 04:00:00+00:00,2026-08-03 17:00:00+00:00,SEPD,YEOV,780,ups_dr,IT Power 2N + UPS Distributed Redundancy,0.0167997012429711,0.14243596939953362,1.0,6.75
2026-08-03 08:00:00+00:00,2026-08-03 22:00:00+00:00,SEPD,YEOV,840,hvdc_2n,IT Power 2N + HVDC 2N,0.0354130915722313,0.09051718707895573,1.0,8.9
2026-08-03 08:00:00+00:00,2026-08-03 22:00:00+00:00,SEPD,YEOV,840,mains_2n,IT Power 2N + Direct Utility 2N,0.0354130915722313,0.24124442033900817,1.0,0.05
2026-08-03 08:00:00+00:00,2026-08-03 22:00:00+00:00,SEPD,YEOV,840,ups_2n,IT Power 2N + UPS 2N,0.0354130915722313,0.1218482602197622,1.0,9.0
2026-08-03 08:00:00+00:00,2026-08-03 22:00:00+00:00,SEPD,YEOV,840,ups_dr,IT Power 2N + UPS Distributed Redundancy,0.0354130915722313,0.16931975162734228,1.0,6.75
2026-08-03 08:00:00+00:00,2026-08-03 23:00:00+00:00,SEPD,YEOV,900,hvdc_2n,IT Power 2N + HVDC 2N,0.0352910542588002,0.0903916832676988,1.0,8.9
2026-08-03 08:00:00+00:00,2026-08-03 23:00:00+00:00,SEPD,YEOV,900,mains_2n,IT Power 2N + Direct Utility 2N,0.0352910542588002,0.24102110701267065,1.0,0.05
2026-08-03 08:00:00+00:00,2026-08-03 23:00:00+00:00,SEPD,YEOV,900,ups_2n,IT Power 2N + UPS 2N,0.0352910542588002,0.12169164921819396,1.0,9.0
2026-08-03 08:00:00+00:00,2026-08-03 23:00:00+00:00,SEPD,YEOV,900,ups_dr,IT Power 2N + UPS Distributed Redundancy,0.0352910542588002,0.16913102463409557,1.0,6.75
2026-08-02 16:00:00+00:00,2026-08-03 08:00:00+00:00,SEPD,YEOV,960,hvdc_2n,IT Power 2N + HVDC 2N,0.0151936792241067,0.07175227973240685,1.0,8.9
2026-08-02 16:00:00+00:00,2026-08-03 08:00:00+00:00,SEPD,YEOV,960,mains_2n,IT Power 2N + Direct Utility 2N,0.0151936792241067,0.20618719401397398,1.0,0.05
2026-08-02 16:00:00+00:00,2026-08-03 08:00:00+00:00,SEPD,YEOV,960,ups_2n,IT Power 2N + UPS 2N,0.0151936792241067,0.09817438362369052,1.0,9.0
2026-08-02 16:00:00+00:00,2026-08-03 08:00:00+00:00,SEPD,YEOV,960,ups_dr,IT Power 2N + UPS Distributed Redundancy,0.0151936792241067,0.14029167475830515,1.0,6.75
2026-07-31 11:00:00+00:00,2026-08-01 04:00:00+00:00,SEPD,YEOV,1020,hvdc_2n,IT Power 2N + HVDC 2N,0.0138028694451368,0.07060294883793167,1.0,8.9
2026-07-31 11:00:00+00:00,2026-08-01 04:00:00+00:00,SEPD,YEOV,1020,mains_2n,IT Power 2N + Direct Utility 2N,0.0138028694451368,0.20392010027380092,1.0,0.05
2026-07-31 11:00:00+00:00,2026-08-01 04:00:00+00:00,SEPD,YEOV,1020,ups_2n,IT Power 2N + UPS 2N,0.0138028694451368,0.09670661733733375,1.0,9.0
2026-07-31 11:00:00+00:00,2026-08-01 04:00:00+00:00,SEPD,YEOV,1020,ups_dr,IT Power 2N + UPS Distributed Redundancy,0.0138028694451368,0.13845660915219937,1.0,6.75
2026-08-03 07:00:00+00:00,2026-08-04 01:00:00+00:00,SEPD,YEOV,1080,hvdc_2n,IT Power 2N + HVDC 2N,0.0130475710273071,0.06998593853044041,1.0,8.9
2026-08-03 07:00:00+00:00,2026-08-04 01:00:00+00:00,SEPD,YEOV,1080,mains_2n,IT Power 2N + Direct Utility 2N,0.0130475710273071,0.2026967154554205,1.0,0.05
2026-08-03 07:00:00+00:00,2026-08-04 01:00:00+00:00,SEPD,YEOV,1080,ups_2n,IT Power 2N + UPS 2N,0.0130475710273071,0.09591776211424073,1.0,9.0
2026-08-03 07:00:00+00:00,2026-08-04 01:00:00+00:00,SEPD,YEOV,1080,ups_dr,IT Power 2N + UPS Distributed Redundancy,0.0130475710273071,0.13746851794285286,1.0,6.75
2026-08-03 05:00:00+00:00,2026-08-04 00:00:00+00:00,SEPD,YEOV,1140,hvdc_2n,IT Power 2N + HVDC 2N,0.0139100414084496,0.07069090477532353,1.0,8.9
2026-08-03 05:00:00+00:00,2026-08-04 00:00:00+00:00,SEPD,YEOV,1140,mains_2n,IT Power 2N + Direct Utility 2N,0.0139100414084496,0.20409413490192044,1.0,0.05
2026-08-03 05:00:00+00:00,2026-08-04 00:00:00+00:00,SEPD,YEOV,1140,ups_2n,IT Power 2N + UPS 2N,0.0139100414084496,0.09681901899190017,1.0,9.0
2026-08-03 05:00:00+00:00,2026-08-04 00:00:00+00:00,SEPD,YEOV,1140,ups_dr,IT Power 2N + UPS Distributed Redundancy,0.0139100414084496,0.13859729480587665,1.0,6.75
2026-08-02 12:00:00+00:00,2026-08-03 08:00:00+00:00,SEPD,YEOV,1200,hvdc_2n,IT Power 2N + HVDC 2N,0.0148133668491916,0.07143629507927866,1.0,8.9
2026-08-02 12:00:00+00:00,2026-08-03 08:00:00+00:00,SEPD,YEOV,1200,mains_2n,IT Power 2N + Direct Utility 2N,0.0148133668491916,0.20556541693136374,1.0,0.05
2026-08-02 12:00:00+00:00,2026-08-03 08:00:00+00:00,SEPD,YEOV,1200,ups_2n,IT Power 2N + UPS 2N,0.0148133668491916,0.09777106710675314,1.0,9.0
2026-08-02 12:00:00+00:00,2026-08-03 08:00:00+00:00,SEPD,YEOV,1200,ups_dr,IT Power 2N + UPS Distributed Redundancy,0.0148133668491916,0.1397878697279491,1.0,6.75
2026-08-03 00:00:00+00:00,2026-08-03 21:00:00+00:00,SEPD,YEOV,1260,hvdc_2n,IT Power 2N + HVDC 2N,0.0149887262372366,0.07158183350021075,1.0,8.9
2026-08-03 00:00:00+00:00,2026-08-03 21:00:00+00:00,SEPD,YEOV,1260,mains_2n,IT Power 2N + Direct Utility 2N,0.0149887262372366,0.20585194118970204,1.0,0.05
2026-08-03 00:00:00+00:00,2026-08-03 21:00:00+00:00,SEPD,YEOV,1260,ups_2n,IT Power 2N + UPS 2N,0.0149887262372366,0.09795684967463678,1.0,9.0
2026-08-03 00:00:00+00:00,2026-08-03 21:00:00+00:00,SEPD,YEOV,1260,ups_dr,IT Power 2N + UPS Distributed Redundancy,0.0149887262372366,0.14001998220561018,1.0,6.75
2026-07-31 20:00:00+00:00,2026-08-01 18:00:00+00:00,SEPD,YEOV,1320,hvdc_2n,IT Power 2N + HVDC 2N,0.0179895072405991,0.07411506425837819,1.0,8.9
2026-07-31 20:00:00+00:00,2026-08-01 18:00:00+00:00,SEPD,YEOV,1320,mains_2n,IT Power 2N + Direct Utility 2N,0.0179895072405991,0.2108008367901596,1.0,0.05
2026-07-31 20:00:00+00:00,2026-08-01 18:00:00+00:00,SEPD,YEOV,1320,ups_2n,IT Power 2N + UPS 2N,0.0179895072405991,0.10118507198007338,1.0,9.0
2026-07-31 20:00:00+00:00,2026-08-01 18:00:00+00:00,SEPD,YEOV,1320,ups_dr,IT Power 2N + UPS Distributed Redundancy,0.0179895072405991,0.14404211903386888,1.0,6.75
2026-08-01 12:00:00+00:00,2026-08-02 11:00:00+00:00,SEPD,YEOV,1380,hvdc_2n,IT Power 2N + HVDC 2N,0.018848782257456,0.07485550909186271,1.0,8.9
2026-08-01 12:00:00+00:00,2026-08-02 11:00:00+00:00,SEPD,YEOV,1380,mains_2n,IT Power 2N + Direct Utility 2N,0.018848782257456,0.2122339121364905,1.0,0.05
2026-08-01 12:00:00+00:00,2026-08-02 11:00:00+00:00,SEPD,YEOV,1380,ups_2n,IT Power 2N + UPS 2N,0.018848782257456,0.1021267141960353,1.0,9.0
2026-08-01 12:00:00+00:00,2026-08-02 11:00:00+00:00,SEPD,YEOV,1380,ups_dr,IT Power 2N + UPS Distributed Redundancy,0.018848782257456,0.145211422346191,1.0,6.75
2026-08-02 17:00:00+00:00,2026-08-03 17:00:00+00:00,SEPD,YEOV,1440,hvdc_2n,IT Power 2N + HVDC 2N,0.017313552173573,0.0735373291294293,1.0,8.9
2026-08-02 17:00:00+00:00,2026-08-03 17:00:00+00:00,SEPD,YEOV,1440,mains_2n,IT Power 2N + Direct Utility 2N,0.017313552173573,0.20967849025672572,1.0,0.05
2026-08-02 17:00:00+00:00,2026-08-03 17:00:00+00:00,SEPD,YEOV,1440,ups_2n,IT Power 2N + UPS 2N,0.017313552173573,0.10044974456258907,1.0,9.0
2026-08-02 17:00:00+00:00,2026-08-03 17:00:00+00:00,SEPD,YEOV,1440,ups_dr,IT Power 2N + UPS Distributed Redundancy,0.017313552173573,0.1431277900778514,1.0,6.75
2026-07-30 13:00:00+00:00,2026-07-31 14:00:00+00:00,SEPD,YEOV,1500,hvdc_2n,IT Power 2N + HVDC 2N,0.0190843943319398,0.07505972271207713,1.0,8.9
2026-07-30 13:00:00+00:00,2026-07-31 14:00:00+00:00,SEPD,YEOV,1500,mains_2n,IT Power 2N + Direct Utility 2N,0.0190843943319398,0.21262810064490759,1.0,0.05
2026-07-30 13:00:00+00:00,2026-07-31 14:00:00+00:00,SEPD,YEOV,1500,ups_2n,IT Power 2N + UPS 2N,0.0190843943319398,0.10238626461411389,1.0,9.0
2026-07-30 13:00:00+00:00,2026-07-31 14:00:00+00:00,SEPD,YEOV,1500,ups_dr,IT Power 2N + UPS Distributed Redundancy,0.0190843943319398,0.14553341725089783,1.0,6.75
2026-08-02 17:00:00+00:00,2026-08-03 19:00:00+00:00,SEPD,YEOV,1560,hvdc_2n,IT Power 2N + HVDC 2N,0.0169384644913415,0.07321853501910523,1.0,8.9
2026-08-02 17:00:00+00:00,2026-08-03 19:00:00+00:00,SEPD,YEOV,1560,mains_2n,IT Power 2N + Direct Utility 2N,0.0169384644913415,0.20905759648339506,1.0,0.05
2026-08-02 17:00:00+00:00,2026-08-03 19:00:00+00:00,SEPD,YEOV,1560,ups_2n,IT Power 2N + UPS 2N,0.0169384644913415,0.10004376212005008,1.0,9.0
2026-08-02 17:00:00+00:00,2026-08-03 19:00:00+00:00,SEPD,YEOV,1560,ups_dr,IT Power 2N + UPS Distributed Redundancy,0.0169384644913415,0.14262251730918046,1.0,6.75
2026-08-02 16:00:00+00:00,2026-08-03 19:00:00+00:00,SEPD,YEOV,1620,hvdc_2n,IT Power 2N + HVDC 2N,0.0161901808215129,0.07258635424514671,1.0,8.9
2026-08-02 16:00:00+00:00,2026-08-03 19:00:00+00:00,SEPD,YEOV,1620,mains_2n,IT Power 2N + Direct Utility 2N,0.0161901808215129,0.20782298419847614,1.0,0.05
2026-08-02 16:00:00+00:00,2026-08-03 19:00:00+00:00,SEPD,YEOV,1620,ups_2n,IT Power 2N + UPS 2N,0.0161901808215129,0.0992381998912453,1.0,9.0
2026-08-02 16:00:00+00:00,2026-08-03 19:00:00+00:00,SEPD,YEOV,1620,ups_dr,IT Power 2N + UPS Distributed Redundancy,0.0161901808215129,0.14161896266262228,1.0,6.75
2026-07-31 14:00:00+00:00,2026-08-01 18:00:00+00:00,SEPD,YEOV,1680,hvdc_2n,IT Power 2N + HVDC 2N,0.017443115916801,0.07364774442590348,1.0,8.9
2026-07-31 14:00:00+00:00,2026-08-01 18:00:00+00:00,SEPD,YEOV,1680,mains_2n,IT Power 2N + Direct Utility 2N,0.017443115916801,0.20989327552971732,1.0,0.05
2026-07-31 14:00:00+00:00,2026-08-01 18:00:00+00:00,SEPD,YEOV,1680,ups_2n,IT Power 2N + UPS 2N,0.017443115916801,0.10059031978640355,1.0,9.0
2026-07-31 14:00:00+00:00,2026-08-01 18:00:00+00:00,SEPD,YEOV,1680,ups_dr,IT Power 2N + UPS Distributed Redundancy,0.017443115916801,0.14330266883851356,1.0,6.75
2026-08-01 13:00:00+00:00,2026-08-02 18:00:00+00:00,SEPD,YEOV,1740,hvdc_2n,IT Power 2N + HVDC 2N,0.0186213115937952,0.07465883653154459,1.0,8.9
2026-08-01 13:00:00+00:00,2026-08-02 18:00:00+00:00,SEPD,YEOV,1740,mains_2n,IT Power 2N + Direct Utility 2N,0.0186213115937952,0.21185385133550924,1.0,0.05
2026-08-01 13:00:00+00:00,2026-08-02 18:00:00+00:00,SEPD,YEOV,1740,ups_2n,IT Power 2N + UPS 2N,0.0186213115937952,0.10187668577999137,1.0,9.0
2026-08-01 13:00:00+00:00,2026-08-02 18:00:00+00:00,SEPD,YEOV,1740,ups_dr,IT Power 2N + UPS Distributed Redundancy,0.0186213115937952,0.14490111506104464,1.0,6.75
2026-08-02 19:00:00+00:00,2026-08-04 01:00:00+00:00,SEPD,YEOV,1800,hvdc_2n,IT Power 2N + HVDC 2N,0.014761015602147,0.071392899461468,1.0,8.9
2026-08-02 19:00:00+00:00,2026-08-04 01:00:00+00:00,SEPD,YEOV,1800,mains_2n,IT Power 2N + Direct Utility 2N,0.014761015602147,0.20547993619016594,1.0,0.05
2026-08-02 19:00:00+00:00,2026-08-04 01:00:00+00:00,SEPD,YEOV,1800,ups_2n,IT Power 2N + UPS 2N,0.014761015602147,0.09771566508135605,1.0,9.0
2026-08-02 19:00:00+00:00,2026-08-04 01:00:00+00:00,SEPD,YEOV,1800,ups_dr,IT Power 2N + UPS Distributed Redundancy,0.014761015602147,0.13971863807897664,1.0,6.75
2026-07-30 09:00:00+00:00,2026-07-31 16:00:00+00:00,SEPD,YEOV,1860,hvdc_2n,IT Power 2N + HVDC 2N,0.0199863614568328,0.0758462294783443,1.0,8.9
2026-07-30 09:00:00+00:00,2026-07-31 16:00:00+00:00,SEPD,YEOV,1860,mains_2n,IT Power 2N + Direct Utility 2N,0.0199863614568328,0.21414206440743794,1.0,0.05
2026-07-30 09:00:00+00:00,2026-07-31 16:00:00+00:00,SEPD,YEOV,1860,ups_2n,IT Power 2N + UPS 2N,0.0199863614568328,0.10338527948773517,1.0,9.0
2026-07-30 09:00:00+00:00,2026-07-31 16:00:00+00:00,SEPD,YEOV,1860,ups_dr,IT Power 2N + UPS Distributed Redundancy,0.0199863614568328,0.1467715513539453,1.0,6.75
2026-08-01 03:00:00+00:00,2026-08-02 11:00:00+00:00,SEPD,YEOV,1920,hvdc_2n,IT Power 2N + HVDC 2N,0.0372048466394423,0.09237797654856277,1.0,8.9
2026-08-01 03:00:00+00:00,2026-08-02 11:00:00+00:00,SEPD,YEOV,1920,mains_2n,IT Power 2N + Direct Utility 2N,0.0372048466394423,0.24453933621434115,1.0,0.05
2026-08-01 03:00:00+00:00,2026-08-02 11:00:00+00:00,SEPD,YEOV,1920,ups_2n,IT Power 2N + UPS 2N,0.0372048466394423,0.12416766983951051,1.0,9.0
2026-08-01 03:00:00+00:00,2026-08-02 11:00:00+00:00,SEPD,YEOV,1920,ups_dr,IT Power 2N + UPS Distributed Redundancy,0.0372048466394423,0.1721099716548794,1.0,6.75
2026-08-02 11:00:00+00:00,2026-08-03 20:00:00+00:00,SEPD,YEOV,1980,hvdc_2n,IT Power 2N + HVDC 2N,0.0177060020765003,0.07387224726744196,1.0,8.9
2026-08-02 11:00:00+00:00,2026-08-03 20:00:00+00:00,SEPD,YEOV,1980,mains_2n,IT Power 2N + Direct Utility 2N,0.0177060020765003,0.2103295734031672,1.0,0.05
2026-08-02 11:00:00+00:00,2026-08-03 20:00:00+00:00,SEPD,YEOV,1980,ups_2n,IT Power 2N + UPS 2N,0.0177060020765003,0.1008760853589697,1.0,9.0
2026-08-02 11:00:00+00:00,2026-08-03 20:00:00+00:00,SEPD,YEOV,1980,ups_dr,IT Power 2N + UPS Distributed Redundancy,0.0177060020765003,0.14365804639241186,1.0,6.75
2026-07-30 06:00:00+00:00,2026-07-31 16:00:00+00:00,SEPD,YEOV,2040,hvdc_2n,IT Power 2N + HVDC 2N,0.0171717272288175,0.07341663946466642,1.0,8.9
2026-07-30 06:00:00+00:00,2026-07-31 16:00:00+00:00,SEPD,YEOV,2040,mains_2n,IT Power 2N + Direct Utility 2N,0.0171717272288175,0.20944356405881348,1.0,0.05
2026-07-30 06:00:00+00:00,2026-07-31 16:00:00+00:00,SEPD,YEOV,2040,ups_2n,IT Power 2N + UPS 2N,0.0171717272288175,0.1002960661680465,1.0,9.0
2026-07-30 06:00:00+00:00,2026-07-31 16:00:00+00:00,SEPD,YEOV,2040,ups_dr,IT Power 2N + UPS Distributed Redundancy,0.0171717272288175,0.14293656558447235,1.0,6.75
2026-08-02 05:00:00+00:00,2026-08-03 16:00:00+00:00,SEPD,YEOV,2100,hvdc_2n,IT Power 2N + HVDC 2N,0.0217851458577447,0.07743737770247339,1.0,8.9
2026-08-02 05:00:00+00:00,2026-08-03 16:00:00+00:00,SEPD,YEOV,2100,mains_2n,IT Power 2N + Direct Utility 2N,0.0217851458577447,0.21718471624344593,1.0,0.05
2026-08-02 05:00:00+00:00,2026-08-03 16:00:00+00:00,SEPD,YEOV,2100,ups_2n,IT Power 2N + UPS 2N,0.0217851458577447,0.10540337614861582,1.0,9.0
2026-08-02 05:00:00+00:00,2026-08-03 16:00:00+00:00,SEPD,YEOV,2100,ups_dr,IT Power 2N + UPS Distributed Redundancy,0.0217851458577447,0.14926678242350166,1.0,6.75
2026-07-31 05:00:00+00:00,2026-08-01 17:00:00+00:00,SEPD,YEOV,2160,hvdc_2n,IT Power 2N + HVDC 2N,0.0214895140040142,0.0771737872952119,1.0,8.9
2026-07-31 05:00:00+00:00,2026-08-01 17:00:00+00:00,SEPD,YEOV,2160,mains_2n,IT Power 2N + Direct Utility 2N,0.0214895140040142,0.21668251647501602,1.0,0.05
2026-07-31 05:00:00+00:00,2026-08-01 17:00:00+00:00,SEPD,YEOV,2160,ups_2n,IT Power 2N + UPS 2N,0.0214895140040142,0.10506933015574176,1.0,9.0
2026-07-31 05:00:00+00:00,2026-08-01 17:00:00+00:00,SEPD,YEOV,2160,ups_dr,IT Power 2N + UPS Distributed Redundancy,0.0214895140040142,0.14885430039485428,1.0,6.75
2026-07-30 13:00:00+00:00,2026-08-01 02:00:00+00:00,SEPD,YEOV,2220,hvdc_2n,IT Power 2N + HVDC 2N,0.0143567086406046,0.07105857541250658,1.0,8.9
2026-07-30 13:00:00+00:00,2026-08-01 02:00:00+00:00,SEPD,YEOV,2220,mains_2n,IT Power 2N + Direct Utility 2N,0.0143567086406046,0.2048206589481782,1.0,0.05
2026-07-30 13:00:00+00:00,2026-08-01 02:00:00+00:00,SEPD,YEOV,2220,ups_2n,IT Power 2N + UPS 2N,0.0143567086406046,0.09728873926855733,1.0,9.0
2026-07-30 13:00:00+00:00,2026-08-01 02:00:00+00:00,SEPD,YEOV,2220,ups_dr,IT Power 2N + UPS Distributed Redundancy,0.0143567086406046,0.13918493128508688,1.0,6.75
2026-07-30 10:00:00+00:00,2026-08-01 00:00:00+00:00,SEPD,YEOV,2280,hvdc_2n,IT Power 2N + HVDC 2N,0.016221852660903,0.07261300964817947,1.0,8.9
2026-07-30 10:00:00+00:00,2026-08-01 00:00:00+00:00,SEPD,YEOV,2280,mains_2n,IT Power 2N + Direct Utility 2N,0.016221852660903,0.20787513119355405,1.0,0.05
2026-07-30 10:00:00+00:00,2026-08-01 00:00:00+00:00,SEPD,YEOV,2280,ups_2n,IT Power 2N + UPS 2N,0.016221852660903,0.09927217880722677,1.0,9.0
2026-07-30 10:00:00+00:00,2026-08-01 00:00:00+00:00,SEPD,YEOV,2280,ups_dr,IT Power 2N + UPS Distributed Redundancy,0.016221852660903,0.1416613193238012,1.0,6.75
2026-08-01 19:00:00+00:00,2026-08-03 10:00:00+00:00,SEPD,YEOV,2340,hvdc_2n,IT Power 2N + HVDC 2N,0.0170526434935061,0.07331544291736175,1.0,8.9
2026-08-01 19:00:00+00:00,2026-08-03 10:00:00+00:00,SEPD,YEOV,2340,mains_2n,IT Power 2N + Direct Utility 2N,0.0170526434935061,0.20924645705635952,1.0,0.05
2026-08-01 19:00:00+00:00,2026-08-03 10:00:00+00:00,SEPD,YEOV,2340,ups_2n,IT Power 2N + UPS 2N,0.0170526434935061,0.10016719102786915,1.0,9.0
2026-08-01 19:00:00+00:00,2026-08-03 10:00:00+00:00,SEPD,YEOV,2340,ups_dr,IT Power 2N + UPS Distributed Redundancy,0.0170526434935061,0.1427761678245732,1.0,6.75
2026-08-01 14:00:00+00:00,2026-08-03 06:00:00+00:00,SEPD,YEOV,2400,hvdc_2n,IT Power 2N + HVDC 2N,0.0142684503057206,0.07098578652923229,1.0,8.9
2026-08-01 14:00:00+00:00,2026-08-03 06:00:00+00:00,SEPD,YEOV,2400,mains_2n,IT Power 2N + Direct Utility 2N,0.0142684503057206,0.20467695079074016,1.0,0.05
2026-08-01 14:00:00+00:00,2026-08-03 06:00:00+00:00,SEPD,YEOV,2400,ups_2n,IT Power 2N + UPS 2N,0.0142684503057206,0.09719576491261374,1.0,9.0
2026-08-01 14:00:00+00:00,2026-08-03 06:00:00+00:00,SEPD,YEOV,2400,ups_dr,IT Power 2N + UPS Distributed Redundancy,0.0142684503057206,0.13906865306999475,1.0,6.75
2026-08-01 02:00:00+00:00,2026-08-02 19:00:00+00:00,SEPD,YEOV,2460,hvdc_2n,IT Power 2N + HVDC 2N,0.0366589736052027,0.09180746139276752,1.0,8.9
2026-08-01 02:00:00+00:00,2026-08-02 19:00:00+00:00,SEPD,YEOV,2460,mains_2n,IT Power 2N + Direct Utility 2N,0.0366589736052027,0.24353229799996862,1.0,0.05
2026-08-01 02:00:00+00:00,2026-08-02 19:00:00+00:00,SEPD,YEOV,2460,ups_2n,IT Power 2N + UPS 2N,0.0366589736052027,0.12345705712414509,1.0,9.0
2026-08-01 02:00:00+00:00,2026-08-02 19:00:00+00:00,SEPD,YEOV,2460,ups_dr,IT Power 2N + UPS Distributed Redundancy,0.0366589736052027,0.17125607072060517,1.0,6.75
2026-08-01 01:00:00+00:00,2026-08-02 19:00:00+00:00,SEPD,YEOV,2520,hvdc_2n,IT Power 2N + HVDC 2N,0.0378166375756434,0.09302116807620453,1.0,8.9
2026-08-01 01:00:00+00:00,2026-08-02 19:00:00+00:00,SEPD,YEOV,2520,mains_2n,IT Power 2N + Direct Utility 2N,0.0378166375756434,0.24567132350307627,1.0,0.05
2026-08-01 01:00:00+00:00,2026-08-02 19:00:00+00:00,SEPD,YEOV,2520,ups_2n,IT Power 2N + UPS 2N,0.0378166375756434,0.1249682628249781,1.0,9.0
2026-08-01 01:00:00+00:00,2026-08-02 19:00:00+00:00,SEPD,YEOV,2520,ups_dr,IT Power 2N + UPS Distributed Redundancy,0.0378166375756434,0.17307099102113918,1.0,6.75
2026-08-01 04:00:00+00:00,2026-08-02 23:00:00+00:00,SEPD,YEOV,2580,hvdc_2n,IT Power 2N + HVDC 2N,0.0361516124771403,0.09128003868142891,1.0,8.9
2026-08-01 04:00:00+00:00,2026-08-02 23:00:00+00:00,SEPD,YEOV,2580,mains_2n,IT Power 2N + Direct Utility 2N,0.0361516124771403,0.2425988320673976,1.0,0.05
2026-08-01 04:00:00+00:00,2026-08-02 23:00:00+00:00,SEPD,YEOV,2580,ups_2n,IT Power 2N + UPS 2N,0.0361516124771403,0.12279971460179395,1.0,9.0
2026-08-01 04:00:00+00:00,2026-08-02 23:00:00+00:00,SEPD,YEOV,2580,ups_dr,IT Power 2N + UPS Distributed Redundancy,0.0361516124771403,0.17046543030423134,1.0,6.75
2026-07-31 23:00:00+00:00,2026-08-02 19:00:00+00:00,SEPD,YEOV,2640,hvdc_2n,IT Power 2N + HVDC 2N,0.0415361479428775,0.09701869564700537,1.0,8.9
2026-07-31 23:00:00+00:00,2026-08-02 19:00:00+00:00,SEPD,YEOV,2640,mains_2n,IT Power 2N + Direct Utility 2N,0.0415361479428775,0.25262922377592484,1.0,0.05
2026-07-31 23:00:00+00:00,2026-08-02 19:00:00+00:00,SEPD,YEOV,2640,ups_2n,IT Power 2N + UPS 2N,0.0415361479428775,0.12993131131968946,1.0,9.0
2026-07-31 23:00:00+00:00,2026-08-02 19:00:00+00:00,SEPD,YEOV,2640,ups_dr,IT Power 2N + UPS Distributed Redundancy,0.0415361479428775,0.179005133479939,1.0,6.75
2026-07-31 15:00:00+00:00,2026-08-02 12:00:00+00:00,SEPD,YEOV,2700,hvdc_2n,IT Power 2N + HVDC 2N,0.0190220394156863,0.0750056276631417,1.0,8.9
2026-07-31 15:00:00+00:00,2026-08-02 12:00:00+00:00,SEPD,YEOV,2700,mains_2n,IT Power 2N + Direct Utility 2N,0.0190220394156863,0.21252372637692818,1.0,0.05
2026-07-31 15:00:00+00:00,2026-08-02 12:00:00+00:00,SEPD,YEOV,2700,ups_2n,IT Power 2N + UPS 2N,0.0190220394156863,0.10231751758686017,1.0,9.0
2026-07-31 15:00:00+00:00,2026-08-02 12:00:00+00:00,SEPD,YEOV,2700,ups_dr,IT Power 2N + UPS Distributed Redundancy,0.0190220394156863,0.1454481434539825,1.0,6.75
2026-08-01 21:00:00+00:00,2026-08-03 19:00:00+00:00,SEPD,YEOV,2760,hvdc_2n,IT Power 2N + HVDC 2N,0.0245138430303761,0.07990952413957089,1.0,8.9
2026-08-01 21:00:00+00:00,2026-08-03 19:00:00+00:00,SEPD,YEOV,2760,mains_2n,IT Power 2N + Direct Utility 2N,0.0245138430303761,0.2218597124832142,1.0,0.05
2026-08-01 21:00:00+00:00,2026-08-03 19:00:00+00:00,SEPD,YEOV,2760,ups_2n,IT Power 2N + UPS 2N,0.0245138430303761,0.10853109034230174,1.0,9.0
2026-08-01 21:00:00+00:00,2026-08-03 19:00:00+00:00,SEPD,YEOV,2760,ups_dr,IT Power 2N + UPS Distributed Redundancy,0.0245138430303761,0.15311861945904387,1.0,6.75
2026-08-01 06:00:00+00:00,2026-08-03 05:00:00+00:00,SEPD,YEOV,2820,hvdc_2n,IT Power 2N + HVDC 2N,0.0119301164442919,0.06908222166397462,1.0,8.9
2026-08-01 06:00:00+00:00,2026-08-03 05:00:00+00:00,SEPD,YEOV,2820,mains_2n,IT Power 2N + Direct Utility 2N,0.0119301164442919,0.2008967871488153,1.0,0.05
2026-08-01 06:00:00+00:00,2026-08-03 05:00:00+00:00,SEPD,YEOV,2820,ups_2n,IT Power 2N + UPS 2N,0.0119301164442919,0.09476121122419734,1.0,9.0
2026-08-01 06:00:00+00:00,2026-08-03 05:00:00+00:00,SEPD,YEOV,2820,ups_dr,IT Power 2N + UPS Distributed Redundancy,0.0119301164442919,0.1360175283130727,1.0,6.75
2026-08-02 00:00:00+00:00,2026-08-04 00:00:00+00:00,SEPD,YEOV,2880,hvdc_2n,IT Power 2N + HVDC 2N,0.0185108815777599,0.07456352942906189,1.0,8.9
2026-08-02 00:00:00+00:00,2026-08-04 00:00:00+00:00,SEPD,YEOV,2880,mains_2n,IT Power 2N + Direct Utility 2N,0.0185108815777599,0.21166952302526743,1.0,0.05
2026-08-02 00:00:00+00:00,2026-08-04 00:00:00+00:00,SEPD,YEOV,2880,ups_2n,IT Power 2N + UPS 2N,0.0185108815777599,0.10175550045473372,1.0,9.0
2026-08-02 00:00:00+00:00,2026-08-04 00:00:00+00:00,SEPD,YEOV,2880,ups_dr,IT Power 2N + UPS Distributed Redundancy,0.0185108815777599,0.14475066909671908,1.0,6.75
2026-08-03 23:00:00+00:00,2026-08-04 00:00:00+00:00,SHEPD,ARGYLL,60,hvdc_2n,IT Power 2N + HVDC 2N,0.0050959448410256,0.06378657703933051,1.0,8.9
2026-08-03 23:00:00+00:00,2026-08-04 00:00:00+00:00,SHEPD,ARGYLL,60,mains_2n,IT Power 2N + Direct Utility 2N,0.0050959448410256,0.19014926997709594,1.0,0.05
2026-08-03 23:00:00+00:00,2026-08-04 00:00:00+00:00,SHEPD,ARGYLL,60,ups_2n,IT Power 2N + UPS 2N,0.0050959448410256,0.08795623128826016,1.0,9.0
2026-08-03 23:00:00+00:00,2026-08-04 00:00:00+00:00,SHEPD,ARGYLL,60,ups_dr,IT Power 2N + UPS Distributed Redundancy,0.0050959448410256,0.1274223367732886,1.0,6.75
2026-08-03 07:00:00+00:00,2026-08-03 09:00:00+00:00,SHEPD,ARGYLL,120,hvdc_2n,IT Power 2N + HVDC 2N,0.0090303630099018,0.06678728404799124,1.0,8.9
2026-08-03 07:00:00+00:00,2026-08-03 09:00:00+00:00,SHEPD,ARGYLL,120,mains_2n,IT Power 2N + Direct Utility 2N,0.0090303630099018,0.19628195122022957,1.0,0.05
2026-08-03 07:00:00+00:00,2026-08-03 09:00:00+00:00,SHEPD,ARGYLL,120,ups_2n,IT Power 2N + UPS 2N,0.0090303630099018,0.09181806657041798,1.0,9.0
2026-08-03 07:00:00+00:00,2026-08-03 09:00:00+00:00,SHEPD,ARGYLL,120,ups_dr,IT Power 2N + UPS Distributed Redundancy,0.0090303630099018,0.13231239334637,1.0,6.75
2026-08-03 14:00:00+00:00,2026-08-03 17:00:00+00:00,SHEPD,ARGYLL,180,hvdc_2n,IT Power 2N + HVDC 2N,0.0107529581137446,0.0681419146481101,1.0,8.9
2026-08-03 14:00:00+00:00,2026-08-03 17:00:00+00:00,SHEPD,ARGYLL,180,mains_2n,IT Power 2N + Direct Utility 2N,0.0107529581137446,0.19901366140162918,1.0,0.05
2026-08-03 14:00:00+00:00,2026-08-03 17:00:00+00:00,SHEPD,ARGYLL,180,ups_2n,IT Power 2N + UPS 2N,0.0107529581137446,0.0935563868818392,1.0,9.0
2026-08-03 14:00:00+00:00,2026-08-03 17:00:00+00:00,SHEPD,ARGYLL,180,ups_dr,IT Power 2N + UPS Distributed Redundancy,0.0107529581137446,0.13450299348454972,1.0,6.75
2026-08-03 14:00:00+00:00,2026-08-03 18:00:00+00:00,SHEPD,ARGYLL,240,hvdc_2n,IT Power 2N + HVDC 2N,0.0102612374820738,0.067752654523026,1.0,8.9
2026-08-03 14:00:00+00:00,2026-08-03 18:00:00+00:00,SHEPD,ARGYLL,240,mains_2n,IT Power 2N + Direct Utility 2N,0.0102612374820738,0.19823098314314166,1.0,0.05
2026-08-03 14:00:00+00:00,2026-08-03 18:00:00+00:00,SHEPD,ARGYLL,240,ups_2n,IT Power 2N + UPS 2N,0.0102612374820738,0.09305718945140914,1.0,9.0
2026-08-03 14:00:00+00:00,2026-08-03 18:00:00+00:00,SHEPD,ARGYLL,240,ups_dr,IT Power 2N + UPS Distributed Redundancy,0.0102612374820738,0.13387457369922942,1.0,6.75
2026-08-03 03:00:00+00:00,2026-08-03 08:00:00+00:00,SHEPD,ARGYLL,300,hvdc_2n,IT Power 2N + HVDC 2N,0.0092488782842505,0.06695772744293553,1.0,8.9
2026-08-03 03:00:00+00:00,2026-08-03 08:00:00+00:00,SHEPD,ARGYLL,300,mains_2n,IT Power 2N + Direct Utility 2N,0.0092488782842505,0.19662689954389795,1.0,0.05
2026-08-03 03:00:00+00:00,2026-08-03 08:00:00+00:00,SHEPD,ARGYLL,300,ups_2n,IT Power 2N + UPS 2N,0.0092488782842505,0.09203695806411495,1.0,9.0
2026-08-03 03:00:00+00:00,2026-08-03 08:00:00+00:00,SHEPD,ARGYLL,300,ups_dr,IT Power 2N + UPS Distributed Redundancy,0.0092488782842505,0.1325885924050261,1.0,6.75
2026-08-02 01:00:00+00:00,2026-08-02 07:00:00+00:00,SHEPD,ARGYLL,360,hvdc_2n,IT Power 2N + HVDC 2N,0.0065582550429065,0.06488689503903043,1.0,8.9
2026-08-02 01:00:00+00:00,2026-08-02 07:00:00+00:00,SHEPD,ARGYLL,360,mains_2n,IT Power 2N + Direct Utility 2N,0.0065582550429065,0.19241132740737305,1.0,0.05
2026-08-02 01:00:00+00:00,2026-08-02 07:00:00+00:00,SHEPD,ARGYLL,360,ups_2n,IT Power 2N + UPS 2N,0.0065582550429065,0.08937412398966495,1.0,9.0
2026-08-02 01:00:00+00:00,2026-08-02 07:00:00+00:00,SHEPD,ARGYLL,360,ups_dr,IT Power 2N + UPS Distributed Redundancy,0.0065582550429065,0.12922155158231521,1.0,6.75
2026-08-03 00:00:00+00:00,2026-08-03 07:00:00+00:00,SHEPD,ARGYLL,420,hvdc_2n,IT Power 2N + HVDC 2N,0.006848647015494,0.06510749313150367,1.0,8.9
2026-08-03 00:00:00+00:00,2026-08-03 07:00:00+00:00,SHEPD,ARGYLL,420,mains_2n,IT Power 2N + Direct Utility 2N,0.006848647015494,0.1928629682891448,1.0,0.05
2026-08-03 00:00:00+00:00,2026-08-03 07:00:00+00:00,SHEPD,ARGYLL,420,ups_2n,IT Power 2N + UPS 2N,0.006848647015494,0.08965813755180155,1.0,9.0
2026-08-03 00:00:00+00:00,2026-08-03 07:00:00+00:00,SHEPD,ARGYLL,420,ups_dr,IT Power 2N + UPS Distributed Redundancy,0.006848647015494,0.12958141211694588,1.0,6.75
2026-07-30 20:00:00+00:00,2026-07-31 04:00:00+00:00,SHEPD,ARGYLL,480,hvdc_2n,IT Power 2N + HVDC 2N,0.0072336458289513,0.06540103571367868,1.0,8.9
2026-07-30 20:00:00+00:00,2026-07-31 04:00:00+00:00,SHEPD,ARGYLL,480,mains_2n,IT Power 2N + Direct Utility 2N,0.0072336458289513,0.1934629925624448,1.0,0.05
2026-07-30 20:00:00+00:00,2026-07-31 04:00:00+00:00,SHEPD,ARGYLL,480,ups_2n,IT Power 2N + UPS 2N,0.0072336458289513,0.09003593428309492,1.0,9.0
2026-07-30 20:00:00+00:00,2026-07-31 04:00:00+00:00,SHEPD,ARGYLL,480,ups_dr,IT Power 2N + UPS Distributed Redundancy,0.0072336458289513,0.1300598263721719,1.0,6.75
2026-08-03 04:00:00+00:00,2026-08-03 13:00:00+00:00,SHEPD,ARGYLL,540,hvdc_2n,IT Power 2N + HVDC 2N,0.0112816728612598,0.06856277233477497,1.0,8.9
2026-08-03 04:00:00+00:00,2026-08-03 13:00:00+00:00,SHEPD,ARGYLL,540,mains_2n,IT Power 2N + Direct Utility 2N,0.0112816728612598,0.19985781228419694,1.0,0.05
2026-08-03 04:00:00+00:00,2026-08-03 13:00:00+00:00,SHEPD,ARGYLL,540,ups_2n,IT Power 2N + UPS 2N,0.0112816728612598,0.09409581901287849,1.0,9.0
2026-08-03 04:00:00+00:00,2026-08-03 13:00:00+00:00,SHEPD,ARGYLL,540,ups_dr,IT Power 2N + UPS Distributed Redundancy,0.0112816728612598,0.13518146958919164,1.0,6.75
2026-08-03 01:00:00+00:00,2026-08-03 11:00:00+00:00,SHEPD,ARGYLL,600,hvdc_2n,IT Power 2N + HVDC 2N,0.0114751878442893,0.0687174116200998,1.0,8.9
2026-08-03 01:00:00+00:00,2026-08-03 11:00:00+00:00,SHEPD,ARGYLL,600,mains_2n,IT Power 2N + Direct Utility 2N,0.0114751878442893,0.20016745087288926,1.0,0.05
2026-08-03 01:00:00+00:00,2026-08-03 11:00:00+00:00,SHEPD,ARGYLL,600,ups_2n,IT Power 2N + UPS 2N,0.0114751878442893,0.09429395245710127,1.0,9.0
2026-08-03 01:00:00+00:00,2026-08-03 11:00:00+00:00,SHEPD,ARGYLL,600,ups_dr,IT Power 2N + UPS Distributed Redundancy,0.0114751878442893,0.13543051965521077,1.0,6.75
2026-08-02 16:00:00+00:00,2026-08-03 03:00:00+00:00,SHEPD,ARGYLL,660,hvdc_2n,IT Power 2N + HVDC 2N,0.0064153321903187,0.0647785783829986,1.0,8.9
2026-08-02 16:00:00+00:00,2026-08-03 03:00:00+00:00,SHEPD,ARGYLL,660,mains_2n,IT Power 2N + Direct Utility 2N,0.0064153321903187,0.19218933834538127,1.0,0.05
2026-08-02 16:00:00+00:00,2026-08-03 03:00:00+00:00,SHEPD,ARGYLL,660,ups_2n,IT Power 2N + UPS 2N,0.0064153321903187,0.08923463855684735,1.0,9.0
2026-08-02 16:00:00+00:00,2026-08-03 03:00:00+00:00,SHEPD,ARGYLL,660,ups_dr,IT Power 2N + UPS Distributed Redundancy,0.0064153321903187,0.129044750951796,1.0,6.75
2026-08-01 18:00:00+00:00,2026-08-02 06:00:00+00:00,SHEPD,ARGYLL,720,hvdc_2n,IT Power 2N + HVDC 2N,0.0073861120784836,0.06551762358763571,1.0,8.9
2026-08-01 18:00:00+00:00,2026-08-02 06:00:00+00:00,SHEPD,ARGYLL,720,mains_2n,IT Power 2N + Direct Utility 2N,0.0073861120784836,0.19370100456355088,1.0,0.05
2026-08-01 18:00:00+00:00,2026-08-02 06:00:00+00:00,SHEPD,ARGYLL,720,ups_2n,IT Power 2N + UPS 2N,0.0073861120784836,0.09018594449787062,1.0,9.0
2026-08-01 18:00:00+00:00,2026-08-02 06:00:00+00:00,SHEPD,ARGYLL,720,ups_dr,IT Power 2N + UPS Distributed Redundancy,0.0073861120784836,0.13024970163743393,1.0,6.75
2026-07-31 15:00:00+00:00,2026-08-01 04:00:00+00:00,SHEPD,ARGYLL,780,hvdc_2n,IT Power 2N + HVDC 2N,0.0066863528722651,0.0649841194926229,1.0,8.9
2026-07-31 15:00:00+00:00,2026-08-01 04:00:00+00:00,SHEPD,ARGYLL,780,mains_2n,IT Power 2N + Direct Utility 2N,0.0066863528722651,0.19261045604283286,1.0,0.05
2026-07-31 15:00:00+00:00,2026-08-01 04:00:00+00:00,SHEPD,ARGYLL,780,ups_2n,IT Power 2N + UPS 2N,0.0066863528722651,0.08949930802030527,1.0,9.0
2026-07-31 15:00:00+00:00,2026-08-01 04:00:00+00:00,SHEPD,ARGYLL,780,ups_dr,IT Power 2N + UPS Distributed Redundancy,0.0066863528722651,0.12938018839142332,1.0,6.75
2026-08-03 09:00:00+00:00,2026-08-03 23:00:00+00:00,SHEPD,ARGYLL,840,hvdc_2n,IT Power 2N + HVDC 2N,0.008914227668985,0.06669686171074436,1.0,8.9
2026-08-03 09:00:00+00:00,2026-08-03 23:00:00+00:00,SHEPD,ARGYLL,840,mains_2n,IT Power 2N + Direct Utility 2N,0.008914227668985,0.19609880613060784,1.0,0.05
2026-08-03 09:00:00+00:00,2026-08-03 23:00:00+00:00,SHEPD,ARGYLL,840,ups_2n,IT Power 2N + UPS 2N,0.008914227668985,0.09170192181667185,1.0,9.0
2026-08-03 09:00:00+00:00,2026-08-03 23:00:00+00:00,SHEPD,ARGYLL,840,ups_dr,IT Power 2N + UPS Distributed Redundancy,0.008914227668985,0.13216579907560205,1.0,6.75
2026-08-03 10:00:00+00:00,2026-08-04 01:00:00+00:00,SHEPD,ARGYLL,900,hvdc_2n,IT Power 2N + HVDC 2N,0.0094959798592178,0.06715095474654308,1.0,8.9
2026-08-03 10:00:00+00:00,2026-08-04 01:00:00+00:00,SHEPD,ARGYLL,900,mains_2n,IT Power 2N + Direct Utility 2N,0.0094959798592178,0.1970175255885284,1.0,0.05
2026-08-03 10:00:00+00:00,2026-08-04 01:00:00+00:00,SHEPD,ARGYLL,900,ups_2n,IT Power 2N + UPS 2N,0.0094959798592178,0.09228504994538297,1.0,9.0
2026-08-03 10:00:00+00:00,2026-08-04 01:00:00+00:00,SHEPD,ARGYLL,900,ups_dr,IT Power 2N + UPS Distributed Redundancy,0.0094959798592178,0.1329015122834671,1.0,6.75
2026-08-03 03:00:00+00:00,2026-08-03 19:00:00+00:00,SHEPD,ARGYLL,960,hvdc_2n,IT Power 2N + HVDC 2N,0.0110112197075739,0.06834719125866547,1.0,8.9
2026-08-03 03:00:00+00:00,2026-08-03 19:00:00+00:00,SHEPD,ARGYLL,960,mains_2n,IT Power 2N + Direct Utility 2N,0.0110112197075739,0.19942566907674486,1.0,0.05
2026-08-03 03:00:00+00:00,2026-08-03 19:00:00+00:00,SHEPD,ARGYLL,960,ups_2n,IT Power 2N + UPS 2N,0.0110112197075739,0.09381953626262886,1.0,9.0
2026-08-03 03:00:00+00:00,2026-08-03 19:00:00+00:00,SHEPD,ARGYLL,960,ups_dr,IT Power 2N + UPS Distributed Redundancy,0.0110112197075739,0.134834049067365,1.0,6.75
2026-08-03 08:00:00+00:00,2026-08-04 01:00:00+00:00,SHEPD,ARGYLL,1020,hvdc_2n,IT Power 2N + HVDC 2N,0.0082232225888371,0.06616119544583206,1.0,8.9
2026-08-03 08:00:00+00:00,2026-08-04 01:00:00+00:00,SHEPD,ARGYLL,1020,mains_2n,IT Power 2N + Direct Utility 2N,0.0082232225888371,0.19501176471997606,1.0,0.05
2026-08-03 08:00:00+00:00,2026-08-04 01:00:00+00:00,SHEPD,ARGYLL,1020,ups_2n,IT Power 2N + UPS 2N,0.0082232225888371,0.09101358823046324,1.0,9.0
2026-08-03 08:00:00+00:00,2026-08-04 01:00:00+00:00,SHEPD,ARGYLL,1020,ups_dr,IT Power 2N + UPS Distributed Redundancy,0.0082232225888371,0.13129640810396315,1.0,6.75
2026-08-02 12:00:00+00:00,2026-08-03 06:00:00+00:00,SHEPD,ARGYLL,1080,hvdc_2n,IT Power 2N + HVDC 2N,0.0066222314636366,0.06493543531146842,1.0,8.9
2026-08-02 12:00:00+00:00,2026-08-03 06:00:00+00:00,SHEPD,ARGYLL,1080,mains_2n,IT Power 2N + Direct Utility 2N,0.0066222314636366,0.19251075942442833,1.0,0.05
2026-08-02 12:00:00+00:00,2026-08-03 06:00:00+00:00,SHEPD,ARGYLL,1080,ups_2n,IT Power 2N + UPS 2N,0.0066222314636366,0.08943662540892522,1.0,9.0
2026-08-02 12:00:00+00:00,2026-08-03 06:00:00+00:00,SHEPD,ARGYLL,1080,ups_dr,IT Power 2N + UPS Distributed Redundancy,0.0066222314636366,0.12930075949441416,1.0,6.75
2026-08-02 07:00:00+00:00,2026-08-03 02:00:00+00:00,SHEPD,ARGYLL,1140,hvdc_2n,IT Power 2N + HVDC 2N,0.0066492463101526,0.06495594219561698,1.0,8.9
2026-08-02 07:00:00+00:00,2026-08-03 02:00:00+00:00,SHEPD,ARGYLL,1140,mains_2n,IT Power 2N + Direct Utility 2N,0.0066492463101526,0.1925527575909007,1.0,0.05
2026-08-02 07:00:00+00:00,2026-08-03 02:00:00+00:00,SHEPD,ARGYLL,1140,ups_2n,IT Power 2N + UPS 2N,0.0066492463101526,0.08946302925153146,1.0,9.0
2026-08-02 07:00:00+00:00,2026-08-03 02:00:00+00:00,SHEPD,ARGYLL,1140,ups_dr,IT Power 2N + UPS Distributed Redundancy,0.0066492463101526,0.12933421844162016,1.0,6.75
2026-08-02 16:00:00+00:00,2026-08-03 12:00:00+00:00,SHEPD,ARGYLL,1200,hvdc_2n,IT Power 2N + HVDC 2N,0.0100580960785621,0.06759244464758207,1.0,8.9
2026-08-02 16:00:00+00:00,2026-08-03 12:00:00+00:00,SHEPD,ARGYLL,1200,mains_2n,IT Power 2N + Direct Utility 2N,0.0100580960785621,0.19790831732892808,1.0,0.05
2026-08-02 16:00:00+00:00,2026-08-03 12:00:00+00:00,SHEPD,ARGYLL,1200,ups_2n,IT Power 2N + UPS 2N,0.0100580960785621,0.0928516578026996,1.0,9.0
2026-08-02 16:00:00+00:00,2026-08-03 12:00:00+00:00,SHEPD,ARGYLL,1200,ups_dr,IT Power 2N + UPS Distributed Redundancy,0.0100580960785621,0.13361568405466182,1.0,6.75
2026-08-01 10:00:00+00:00,2026-08-02 07:00:00+00:00,SHEPD,ARGYLL,1260,hvdc_2n,IT Power 2N + HVDC 2N,0.0089370812870077,0.06671464642374174,1.0,8.9
2026-08-01 10:00:00+00:00,2026-08-02 07:00:00+00:00,SHEPD,ARGYLL,1260,mains_2n,IT Power 2N + Direct Utility 2N,0.0089370812870077,0.19613483600511833,1.0,0.05
2026-08-01 10:00:00+00:00,2026-08-02 07:00:00+00:00,SHEPD,ARGYLL,1260,ups_2n,IT Power 2N + UPS 2N,0.0089370812870077,0.09172476684349216,1.0,9.0
2026-08-01 10:00:00+00:00,2026-08-02 07:00:00+00:00,SHEPD,ARGYLL,1260,ups_dr,IT Power 2N + UPS Distributed Redundancy,0.0089370812870077,0.1321946356491995,1.0,6.75
2026-08-02 02:00:00+00:00,2026-08-03 00:00:00+00:00,SHEPD,ARGYLL,1320,hvdc_2n,IT Power 2N + HVDC 2N,0.0059775652518906,0.06444785517108563,1.0,8.9
2026-08-02 02:00:00+00:00,2026-08-03 00:00:00+00:00,SHEPD,ARGYLL,1320,mains_2n,IT Power 2N + Direct Utility 2N,0.0059775652518906,0.1915106094730826,1.0,0.05
2026-08-02 02:00:00+00:00,2026-08-03 00:00:00+00:00,SHEPD,ARGYLL,1320,ups_2n,IT Power 2N + UPS 2N,0.0059775652518906,0.0888086214322507,1.0,9.0
2026-08-02 02:00:00+00:00,2026-08-03 00:00:00+00:00,SHEPD,ARGYLL,1320,ups_dr,IT Power 2N + UPS Distributed Redundancy,0.0059775652518906,0.1285044995552826,1.0,6.75
2026-08-02 18:00:00+00:00,2026-08-03 17:00:00+00:00,SHEPD,ARGYLL,1380,hvdc_2n,IT Power 2N + HVDC 2N,0.0092584021690483,0.06696516531255761,1.0,8.9
2026-08-02 18:00:00+00:00,2026-08-03 17:00:00+00:00,SHEPD,ARGYLL,1380,mains_2n,IT Power 2N + Direct Utility 2N,0.0092584021690483,0.1966419443605214,1.0,0.05
2026-08-02 18:00:00+00:00,2026-08-03 17:00:00+00:00,SHEPD,ARGYLL,1380,ups_2n,IT Power 2N + UPS 2N,0.0092584021690483,0.0920465090027746,1.0,9.0
2026-08-02 18:00:00+00:00,2026-08-03 17:00:00+00:00,SHEPD,ARGYLL,1380,ups_dr,IT Power 2N + UPS Distributed Redundancy,0.0092584021690483,0.1326006415110099,1.0,6.75
2026-08-03 00:00:00+00:00,2026-08-04 00:00:00+00:00,SHEPD,ARGYLL,1440,hvdc_2n,IT Power 2N + HVDC 2N,0.006313507249068,0.0647015112028892,1.0,8.9
2026-08-03 00:00:00+00:00,2026-08-04 00:00:00+00:00,SHEPD,ARGYLL,1440,mains_2n,IT Power 2N + Direct Utility 2N,0.006313507249068,0.19203130202679797,1.0,0.05
2026-08-03 00:00:00+00:00,2026-08-04 00:00:00+00:00,SHEPD,ARGYLL,1440,ups_2n,IT Power 2N + UPS 2N,0.006313507249068,0.08913538241031606,1.0,9.0
2026-08-03 00:00:00+00:00,2026-08-04 00:00:00+00:00,SHEPD,ARGYLL,1440,ups_dr,IT Power 2N + UPS Distributed Redundancy,0.006313507249068,0.12891891562483992,1.0,6.75
2026-07-30 16:00:00+00:00,2026-07-31 17:00:00+00:00,SHEPD,ARGYLL,1500,hvdc_2n,IT Power 2N + HVDC 2N,0.0101418147348838,0.06765842774925367,1.0,8.9
2026-07-30 16:00:00+00:00,2026-07-31 17:00:00+00:00,SHEPD,ARGYLL,1500,mains_2n,IT Power 2N + Direct Utility 2N,0.0101418147348838,0.1980412464500156,1.0,0.05
2026-07-30 16:00:00+00:00,2026-07-31 17:00:00+00:00,SHEPD,ARGYLL,1500,ups_2n,IT Power 2N + UPS 2N,0.0101418147348838,0.09293631211937628,1.0,9.0
2026-07-30 16:00:00+00:00,2026-07-31 17:00:00+00:00,SHEPD,ARGYLL,1500,ups_dr,IT Power 2N + UPS Distributed Redundancy,0.0101418147348838,0.1337223263496868,1.0,6.75
2026-08-01 13:00:00+00:00,2026-08-02 15:00:00+00:00,SHEPD,ARGYLL,1560,hvdc_2n,IT Power 2N + HVDC 2N,0.0097363005095495,0.06733937579346388,1.0,8.9
2026-08-01 13:00:00+00:00,2026-08-02 15:00:00+00:00,SHEPD,ARGYLL,1560,mains_2n,IT Power 2N + Direct Utility 2N,0.0097363005095495,0.19739799359787769,1.0,0.05
2026-08-01 13:00:00+00:00,2026-08-02 15:00:00+00:00,SHEPD,ARGYLL,1560,ups_2n,IT Power 2N + UPS 2N,0.0097363005095495,0.09252690981466984,1.0,9.0
2026-08-01 13:00:00+00:00,2026-08-02 15:00:00+00:00,SHEPD,ARGYLL,1560,ups_dr,IT Power 2N + UPS Distributed Redundancy,0.0097363005095495,0.13320644465631848,1.0,6.75
2026-08-01 22:00:00+00:00,2026-08-03 01:00:00+00:00,SHEPD,ARGYLL,1620,hvdc_2n,IT Power 2N + HVDC 2N,0.0063964027480859,0.0647642449914317,1.0,8.9
2026-08-01 22:00:00+00:00,2026-08-03 01:00:00+00:00,SHEPD,ARGYLL,1620,mains_2n,IT Power 2N + Direct Utility 2N,0.0063964027480859,0.19215995160715849,1.0,0.05
2026-08-01 22:00:00+00:00,2026-08-03 01:00:00+00:00,SHEPD,ARGYLL,1620,ups_2n,IT Power 2N + UPS 2N,0.0063964027480859,0.08921617911714518,1.0,9.0
2026-08-01 22:00:00+00:00,2026-08-03 01:00:00+00:00,SHEPD,ARGYLL,1620,ups_dr,IT Power 2N + UPS Distributed Redundancy,0.0063964027480859,0.12902135002051152,1.0,6.75
2026-08-02 21:00:00+00:00,2026-08-04 01:00:00+00:00,SHEPD,ARGYLL,1680,hvdc_2n,IT Power 2N + HVDC 2N,0.0067508684859825,0.0650331372494147,1.0,8.9
2026-08-02 21:00:00+00:00,2026-08-04 01:00:00+00:00,SHEPD,ARGYLL,1680,mains_2n,IT Power 2N + Direct Utility 2N,0.0067508684859825,0.1927108052472133,1.0,0.05
2026-08-02 21:00:00+00:00,2026-08-04 01:00:00+00:00,SHEPD,ARGYLL,1680,ups_2n,IT Power 2N + UPS 2N,0.0067508684859825,0.0895624159681068,1.0,9.0
2026-08-02 21:00:00+00:00,2026-08-04 01:00:00+00:00,SHEPD,ARGYLL,1680,ups_dr,IT Power 2N + UPS Distributed Redundancy,0.0067508684859825,0.12946014752272064,1.0,6.75
2026-08-01 22:00:00+00:00,2026-08-03 03:00:00+00:00,SHEPD,ARGYLL,1740,hvdc_2n,IT Power 2N + HVDC 2N,0.0062918223590182,0.06468510981304831,1.0,8.9
2026-08-01 22:00:00+00:00,2026-08-03 03:00:00+00:00,SHEPD,ARGYLL,1740,mains_2n,IT Power 2N + Direct Utility 2N,0.0062918223590182,0.1919976590215934,1.0,0.05
2026-08-01 22:00:00+00:00,2026-08-03 03:00:00+00:00,SHEPD,ARGYLL,1740,ups_2n,IT Power 2N + UPS 2N,0.0062918223590182,0.08911425744510425,1.0,9.0
2026-08-01 22:00:00+00:00,2026-08-03 03:00:00+00:00,SHEPD,ARGYLL,1740,ups_dr,IT Power 2N + UPS Distributed Redundancy,0.0062918223590182,0.128892130930512,1.0,6.75
2026-08-02 18:00:00+00:00,2026-08-04 00:00:00+00:00,SHEPD,ARGYLL,1800,hvdc_2n,IT Power 2N + HVDC 2N,0.0072009714253227,0.06537607537256877,1.0,8.9
2026-08-02 18:00:00+00:00,2026-08-04 00:00:00+00:00,SHEPD,ARGYLL,1800,mains_2n,IT Power 2N + Direct Utility 2N,0.0072009714253227,0.19341201414254297,1.0,0.05
2026-08-02 18:00:00+00:00,2026-08-04 00:00:00+00:00,SHEPD,ARGYLL,1800,ups_2n,IT Power 2N + UPS 2N,0.0072009714253227,0.09000381548957738,1.0,9.0
2026-08-02 18:00:00+00:00,2026-08-04 00:00:00+00:00,SHEPD,ARGYLL,1800,ups_dr,IT Power 2N + UPS Distributed Redundancy,0.0072009714253227,0.13001916564272828,1.0,6.75
2026-07-31 19:00:00+00:00,2026-08-02 02:00:00+00:00,SHEPD,ARGYLL,1860,hvdc_2n,IT Power 2N + HVDC 2N,0.0080702952676426,0.06604318778512211,1.0,8.9
2026-07-31 19:00:00+00:00,2026-08-02 02:00:00+00:00,SHEPD,ARGYLL,1860,mains_2n,IT Power 2N + Direct Utility 2N,0.0080702952676426,0.19477180804798294,1.0,0.05
2026-07-31 19:00:00+00:00,2026-08-02 02:00:00+00:00,SHEPD,ARGYLL,1860,ups_2n,IT Power 2N + UPS 2N,0.0080702952676426,0.09086188179673602,1.0,9.0
2026-07-31 19:00:00+00:00,2026-08-02 02:00:00+00:00,SHEPD,ARGYLL,1860,ups_dr,IT Power 2N + UPS Distributed Redundancy,0.0080702952676426,0.13110465921955308,1.0,6.75
2026-08-02 00:00:00+00:00,2026-08-03 08:00:00+00:00,SHEPD,ARGYLL,1920,hvdc_2n,IT Power 2N + HVDC 2N,0.0079708003702626,0.06596651676190556,1.0,8.9
2026-08-02 00:00:00+00:00,2026-08-03 08:00:00+00:00,SHEPD,ARGYLL,1920,mains_2n,IT Power 2N + Direct Utility 2N,0.0079708003702626,0.19461581186543148,1.0,0.05
2026-08-02 00:00:00+00:00,2026-08-03 08:00:00+00:00,SHEPD,ARGYLL,1920,ups_2n,IT Power 2N + UPS 2N,0.0079708003702626,0.09076330345637772,1.0,9.0
2026-08-02 00:00:00+00:00,2026-08-03 08:00:00+00:00,SHEPD,ARGYLL,1920,ups_dr,IT Power 2N + UPS Distributed Redundancy,0.0079708003702626,0.13098003463026126,1.0,6.75
2026-07-27 18:00:00+00:00,2026-07-29 03:00:00+00:00,SHEPD,ARGYLL,1980,hvdc_2n,IT Power 2N + HVDC 2N,0.0095676211363341,0.06720707314154828,1.0,8.9
2026-07-27 18:00:00+00:00,2026-07-29 03:00:00+00:00,SHEPD,ARGYLL,1980,mains_2n,IT Power 2N + Direct Utility 2N,0.0095676211363341,0.19713088785128047,1.0,0.05
2026-07-27 18:00:00+00:00,2026-07-29 03:00:00+00:00,SHEPD,ARGYLL,1980,ups_2n,IT Power 2N + UPS 2N,0.0095676211363341,0.09235709059659172,1.0,9.0
2026-07-27 18:00:00+00:00,2026-07-29 03:00:00+00:00,SHEPD,ARGYLL,1980,ups_dr,IT Power 2N + UPS Distributed Redundancy,0.0095676211363341,0.13299235288265884,1.0,6.75
2026-08-02 15:00:00+00:00,2026-08-04 01:00:00+00:00,SHEPD,ARGYLL,2040,hvdc_2n,IT Power 2N + HVDC 2N,0.0069481349936198,0.06518323014200311,1.0,8.9
2026-08-02 15:00:00+00:00,2026-08-04 01:00:00+00:00,SHEPD,ARGYLL,2040,mains_2n,IT Power 2N + Direct Utility 2N,0.0069481349936198,0.19301788540898818,1.0,0.05
2026-08-02 15:00:00+00:00,2026-08-04 01:00:00+00:00,SHEPD,ARGYLL,2040,ups_2n,IT Power 2N + UPS 2N,0.0069481349936198,0.08975562727449482,1.0,9.0
2026-08-02 15:00:00+00:00,2026-08-04 01:00:00+00:00,SHEPD,ARGYLL,2040,ups_dr,IT Power 2N + UPS Distributed Redundancy,0.0069481349936198,0.1297048959777019,1.0,6.75
2026-07-31 16:00:00+00:00,2026-08-02 03:00:00+00:00,SHEPD,ARGYLL,2100,hvdc_2n,IT Power 2N + HVDC 2N,0.0072100445876963,0.06538300557376767,1.0,8.9
2026-07-31 16:00:00+00:00,2026-08-02 03:00:00+00:00,SHEPD,ARGYLL,2100,mains_2n,IT Power 2N + Direct Utility 2N,0.0072100445876963,0.1934261690149941,1.0,0.05
2026-07-31 16:00:00+00:00,2026-08-02 03:00:00+00:00,SHEPD,ARGYLL,2100,ups_2n,IT Power 2N + UPS 2N,0.0072100445876963,0.09001273333228281,1.0,9.0
2026-07-31 16:00:00+00:00,2026-08-02 03:00:00+00:00,SHEPD,ARGYLL,2100,ups_dr,IT Power 2N + UPS Distributed Redundancy,0.0072100445876963,0.13003045539636401,1.0,6.75
2026-08-02 01:00:00+00:00,2026-08-03 13:00:00+00:00,SHEPD,ARGYLL,2160,hvdc_2n,IT Power 2N + HVDC 2N,0.0093052829758434,0.06700178900287547,1.0,8.9
2026-08-02 01:00:00+00:00,2026-08-03 13:00:00+00:00,SHEPD,ARGYLL,2160,mains_2n,IT Power 2N + Direct Utility 2N,0.0093052829758434,0.1967160143273458,1.0,0.05
2026-08-02 01:00:00+00:00,2026-08-03 13:00:00+00:00,SHEPD,ARGYLL,2160,ups_2n,IT Power 2N + UPS 2N,0.0093052829758434,0.09209353596430568,1.0,9.0
2026-08-02 01:00:00+00:00,2026-08-03 13:00:00+00:00,SHEPD,ARGYLL,2160,ups_dr,IT Power 2N + UPS Distributed Redundancy,0.0093052829758434,0.13265996610371406,1.0,6.75
2026-08-01 06:00:00+00:00,2026-08-02 19:00:00+00:00,SHEPD,ARGYLL,2220,hvdc_2n,IT Power 2N + HVDC 2N,0.0089761977436147,0.0667450971158859,1.0,8.9
2026-08-01 06:00:00+00:00,2026-08-02 19:00:00+00:00,SHEPD,ARGYLL,2220,mains_2n,IT Power 2N + Direct Utility 2N,0.0089761977436147,0.19619651667342822,1.0,0.05
2026-08-01 06:00:00+00:00,2026-08-02 19:00:00+00:00,SHEPD,ARGYLL,2220,ups_2n,IT Power 2N + UPS 2N,0.0089761977436147,0.0917638804688119,1.0,9.0
2026-08-01 06:00:00+00:00,2026-08-02 19:00:00+00:00,SHEPD,ARGYLL,2220,ups_dr,IT Power 2N + UPS Distributed Redundancy,0.0089761977436147,0.13224400496231004,1.0,6.75
2026-07-31 20:00:00+00:00,2026-08-02 10:00:00+00:00,SHEPD,ARGYLL,2280,hvdc_2n,IT Power 2N + HVDC 2N,0.0091622015565624,0.06689007074665314,1.0,8.9
2026-07-31 20:00:00+00:00,2026-08-02 10:00:00+00:00,SHEPD,ARGYLL,2280,mains_2n,IT Power 2N + Direct Utility 2N,0.0091622015565624,0.19649001685976789,1.0,0.05
2026-07-31 20:00:00+00:00,2026-08-02 10:00:00+00:00,SHEPD,ARGYLL,2280,ups_2n,IT Power 2N + UPS 2N,0.0091622015565624,0.0919500760468635,1.0,9.0
2026-07-31 20:00:00+00:00,2026-08-02 10:00:00+00:00,SHEPD,ARGYLL,2280,ups_dr,IT Power 2N + UPS Distributed Redundancy,0.0091622015565624,0.1324789763068077,1.0,6.75
2026-08-02 04:00:00+00:00,2026-08-03 19:00:00+00:00,SHEPD,ARGYLL,2340,hvdc_2n,IT Power 2N + HVDC 2N,0.0084229591394071,0.06631561889972896,1.0,8.9
2026-08-02 04:00:00+00:00,2026-08-03 19:00:00+00:00,SHEPD,ARGYLL,2340,mains_2n,IT Power 2N + Direct Utility 2N,0.0084229591394071,0.19532550652273278,1.0,0.05
2026-08-02 04:00:00+00:00,2026-08-03 19:00:00+00:00,SHEPD,ARGYLL,2340,ups_2n,IT Power 2N + UPS 2N,0.0084229591394071,0.09121207343896535,1.0,9.0
2026-08-02 04:00:00+00:00,2026-08-03 19:00:00+00:00,SHEPD,ARGYLL,2340,ups_dr,IT Power 2N + UPS Distributed Redundancy,0.0084229591394071,0.1315472074927231,1.0,6.75
2026-08-02 07:00:00+00:00,2026-08-03 23:00:00+00:00,SHEPD,ARGYLL,2400,hvdc_2n,IT Power 2N + HVDC 2N,0.0067483823397118,0.06503124768481942,1.0,8.9
2026-08-02 07:00:00+00:00,2026-08-03 23:00:00+00:00,SHEPD,ARGYLL,2400,mains_2n,IT Power 2N + Direct Utility 2N,0.0067483823397118,0.19270693749570303,1.0,0.05
2026-08-02 07:00:00+00:00,2026-08-03 23:00:00+00:00,SHEPD,ARGYLL,2400,ups_2n,IT Power 2N + UPS 2N,0.0067483823397118,0.08955998332396763,1.0,9.0
2026-08-02 07:00:00+00:00,2026-08-03 23:00:00+00:00,SHEPD,ARGYLL,2400,ups_dr,IT Power 2N + UPS Distributed Redundancy,0.0067483823397118,0.12945706547246638,1.0,6.75
2026-08-01 19:00:00+00:00,2026-08-03 12:00:00+00:00,SHEPD,ARGYLL,2460,hvdc_2n,IT Power 2N + HVDC 2N,0.0098523111093752,0.06743050821403841,1.0,8.9
2026-08-01 19:00:00+00:00,2026-08-03 12:00:00+00:00,SHEPD,ARGYLL,2460,mains_2n,IT Power 2N + Direct Utility 2N,0.0098523111093752,0.19758185606560555,1.0,0.05
2026-08-01 19:00:00+00:00,2026-08-03 12:00:00+00:00,SHEPD,ARGYLL,2460,ups_2n,IT Power 2N + UPS 2N,0.0098523111093752,0.09264386704818058,1.0,9.0
2026-08-01 19:00:00+00:00,2026-08-03 12:00:00+00:00,SHEPD,ARGYLL,2460,ups_dr,IT Power 2N + UPS Distributed Redundancy,0.0098523111093752,0.13335385723300092,1.0,6.75
2026-08-01 11:00:00+00:00,2026-08-03 05:00:00+00:00,SHEPD,ARGYLL,2520,hvdc_2n,IT Power 2N + HVDC 2N,0.0074902099070786,0.06559733609601331,1.0,8.9
2026-08-01 11:00:00+00:00,2026-08-03 05:00:00+00:00,SHEPD,ARGYLL,2520,mains_2n,IT Power 2N + Direct Utility 2N,0.0074902099070786,0.19386363735644419,1.0,0.05
2026-08-01 11:00:00+00:00,2026-08-03 05:00:00+00:00,SHEPD,ARGYLL,2520,ups_2n,IT Power 2N + UPS 2N,0.0074902099070786,0.09028849475289916,1.0,9.0
2026-08-01 11:00:00+00:00,2026-08-03 05:00:00+00:00,SHEPD,ARGYLL,2520,ups_dr,IT Power 2N + UPS Distributed Redundancy,0.0074902099070786,0.13037947619221296,1.0,6.75
2026-08-02 04:00:00+00:00,2026-08-03 23:00:00+00:00,SHEPD,ARGYLL,2580,hvdc_2n,IT Power 2N + HVDC 2N,0.0073153515825264,0.06546349044546912,1.0,8.9
2026-08-02 04:00:00+00:00,2026-08-03 23:00:00+00:00,SHEPD,ARGYLL,2580,mains_2n,IT Power 2N + Direct Utility 2N,0.0073153515825264,0.19359051411831557,1.0,0.05
2026-08-02 04:00:00+00:00,2026-08-03 23:00:00+00:00,SHEPD,ARGYLL,2580,ups_2n,IT Power 2N + UPS 2N,0.0073153515825264,0.0901162958825289,1.0,9.0
2026-08-02 04:00:00+00:00,2026-08-03 23:00:00+00:00,SHEPD,ARGYLL,2580,ups_dr,IT Power 2N + UPS Distributed Redundancy,0.0073153515825264,0.13016155010172833,1.0,6.75
2026-08-02 05:00:00+00:00,2026-08-04 01:00:00+00:00,SHEPD,ARGYLL,2640,hvdc_2n,IT Power 2N + HVDC 2N,0.0070367986412252,0.06525079599667447,1.0,8.9
2026-08-02 05:00:00+00:00,2026-08-04 01:00:00+00:00,SHEPD,ARGYLL,2640,mains_2n,IT Power 2N + Direct Utility 2N,0.0070367986412252,0.19315602725382042,1.0,0.05
2026-08-02 05:00:00+00:00,2026-08-04 01:00:00+00:00,SHEPD,ARGYLL,2640,ups_2n,IT Power 2N + UPS 2N,0.0070367986412252,0.08984259059076023,1.0,9.0
2026-08-02 05:00:00+00:00,2026-08-04 01:00:00+00:00,SHEPD,ARGYLL,2640,ups_dr,IT Power 2N + UPS Distributed Redundancy,0.0070367986412252,0.1298150291193889,1.0,6.75
2026-07-31 16:00:00+00:00,2026-08-02 13:00:00+00:00,SHEPD,ARGYLL,2700,hvdc_2n,IT Power 2N + HVDC 2N,0.0122683297862998,0.06935459816104693,1.0,8.9
2026-07-31 16:00:00+00:00,2026-08-02 13:00:00+00:00,SHEPD,ARGYLL,2700,mains_2n,IT Power 2N + Direct Utility 2N,0.0122683297862998,0.20144029490644258,1.0,0.05
2026-07-31 16:00:00+00:00,2026-08-02 13:00:00+00:00,SHEPD,ARGYLL,2700,ups_2n,IT Power 2N + UPS 2N,0.0122683297862998,0.09510993375584437,1.0,9.0
2026-07-31 16:00:00+00:00,2026-08-02 13:00:00+00:00,SHEPD,ARGYLL,2700,ups_dr,IT Power 2N + UPS Distributed Redundancy,0.0122683297862998,0.13645532374354985,1.0,6.75
2026-08-01 22:00:00+00:00,2026-08-03 20:00:00+00:00,SHEPD,ARGYLL,2760,hvdc_2n,IT Power 2N + HVDC 2N,0.0084441892345906,0.06633205231607367,1.0,8.9
2026-08-01 22:00:00+00:00,2026-08-03 20:00:00+00:00,SHEPD,ARGYLL,2760,mains_2n,IT Power 2N + Direct Utility 2N,0.0084441892345906,0.1953588767547639,1.0,0.05
2026-08-01 22:00:00+00:00,2026-08-03 20:00:00+00:00,SHEPD,ARGYLL,2760,ups_2n,IT Power 2N + UPS 2N,0.0084441892345906,0.09123319340878042,1.0,9.0
2026-08-01 22:00:00+00:00,2026-08-03 20:00:00+00:00,SHEPD,ARGYLL,2760,ups_dr,IT Power 2N + UPS Distributed Redundancy,0.0084441892345906,0.13157388896832256,1.0,6.75
2026-07-28 15:00:00+00:00,2026-07-30 14:00:00+00:00,SHEPD,ARGYLL,2820,hvdc_2n,IT Power 2N + HVDC 2N,0.0168387830063885,0.07313402816321621,1.0,8.9
2026-07-28 15:00:00+00:00,2026-07-30 14:00:00+00:00,SHEPD,ARGYLL,2820,mains_2n,IT Power 2N + Direct Utility 2N,0.0168387830063885,0.20889281844007407,1.0,0.05
2026-07-28 15:00:00+00:00,2026-07-30 14:00:00+00:00,SHEPD,ARGYLL,2820,ups_2n,IT Power 2N + UPS 2N,0.0168387830063885,0.09993611575364855,1.0,9.0
2026-07-28 15:00:00+00:00,2026-07-30 14:00:00+00:00,SHEPD,ARGYLL,2820,ups_dr,IT Power 2N + UPS Distributed Redundancy,0.0168387830063885,0.14248848880797718,1.0,6.75
2026-08-01 20:00:00+00:00,2026-08-03 20:00:00+00:00,SHEPD,ARGYLL,2880,hvdc_2n,IT Power 2N + HVDC 2N,0.0084632283922334,0.06634679302771154,1.0,8.9
2026-08-01 20:00:00+00:00,2026-08-03 20:00:00+00:00,SHEPD,ARGYLL,2880,mains_2n,IT Power 2N + Direct Utility 2N,0.0084632283922334,0.19538880686337937,1.0,0.05
2026-08-01 20:00:00+00:00,2026-08-03 20:00:00+00:00,SHEPD,ARGYLL,2880,ups_2n,IT Power 2N + UPS 2N,0.0084632283922334,0.09125213754759341,1.0,9.0
2026-08-01 20:00:00+00:00,2026-08-03 20:00:00+00:00,SHEPD,ARGYLL,2880,ups_dr,IT Power 2N + UPS Distributed Redundancy,0.0084632283922334,0.13159782083138297,1.0,6.75
2026-08-03 18:00:00+00:00,2026-08-03 19:00:00+00:00,SHEPD,HIGH,60,hvdc_2n,IT Power 2N + HVDC 2N,0.0189975803423796,0.07498441835405581,1.0,8.9
2026-08-03 18:00:00+00:00,2026-08-03 19:00:00+00:00,SHEPD,HIGH,60,mains_2n,IT Power 2N + Direct Utility 2N,0.0189975803423796,0.21248279518795035,1.0,0.05
2026-08-03 18:00:00+00:00,2026-08-03 19:00:00+00:00,SHEPD,HIGH,60,ups_2n,IT Power 2N + UPS 2N,0.0189975803423796,0.10229056234099959,1.0,9.0
2026-08-03 18:00:00+00:00,2026-08-03 19:00:00+00:00,SHEPD,HIGH,60,ups_dr,IT Power 2N + UPS Distributed Redundancy,0.0189975803423796,0.14541470564141068,1.0,6.75
2026-08-02 21:00:00+00:00,2026-08-02 23:00:00+00:00,SHEPD,HIGH,120,hvdc_2n,IT Power 2N + HVDC 2N,0.0027263601351583,0.062040434546192014,1.0,8.9
2026-08-02 21:00:00+00:00,2026-08-02 23:00:00+00:00,SHEPD,HIGH,120,mains_2n,IT Power 2N + Direct Utility 2N,0.0027263601351583,0.18652705110673637,1.0,0.05
2026-08-02 21:00:00+00:00,2026-08-02 23:00:00+00:00,SHEPD,HIGH,120,ups_2n,IT Power 2N + UPS 2N,0.0027263601351583,0.08570174273572996,1.0,9.0
2026-08-02 21:00:00+00:00,2026-08-02 23:00:00+00:00,SHEPD,HIGH,120,ups_dr,IT Power 2N + UPS Distributed Redundancy,0.0027263601351583,0.1245522635938716,1.0,6.75
2026-08-03 18:00:00+00:00,2026-08-03 21:00:00+00:00,SHEPD,HIGH,180,hvdc_2n,IT Power 2N + HVDC 2N,0.0262151345765589,0.08148713037972911,1.0,8.9
2026-08-03 18:00:00+00:00,2026-08-03 21:00:00+00:00,SHEPD,HIGH,180,mains_2n,IT Power 2N + Direct Utility 2N,0.0262151345765589,0.2248106805872293,1.0,0.05
2026-08-03 18:00:00+00:00,2026-08-03 21:00:00+00:00,SHEPD,HIGH,180,ups_2n,IT Power 2N + UPS 2N,0.0262151345765589,0.1105221762210207,1.0,9.0
2026-08-03 18:00:00+00:00,2026-08-03 21:00:00+00:00,SHEPD,HIGH,180,ups_dr,IT Power 2N + UPS Distributed Redundancy,0.0262151345765589,0.15556113717280987,1.0,6.75
2026-08-02 15:00:00+00:00,2026-08-02 19:00:00+00:00,SHEPD,HIGH,240,hvdc_2n,IT Power 2N + HVDC 2N,0.0064512579628996,0.06480578953136082,1.0,8.9
2026-08-02 15:00:00+00:00,2026-08-02 19:00:00+00:00,SHEPD,HIGH,240,mains_2n,IT Power 2N + Direct Utility 2N,0.0064512579628996,0.19224512020809734,1.0,0.05
2026-08-02 15:00:00+00:00,2026-08-02 19:00:00+00:00,SHEPD,HIGH,240,ups_2n,IT Power 2N + UPS 2N,0.0064512579628996,0.08926968179606687,1.0,9.0
2026-08-02 15:00:00+00:00,2026-08-02 19:00:00+00:00,SHEPD,HIGH,240,ups_dr,IT Power 2N + UPS Distributed Redundancy,0.0064512579628996,0.1290891730073403,1.0,6.75
2026-08-03 15:00:00+00:00,2026-08-03 20:00:00+00:00,SHEPD,HIGH,300,hvdc_2n,IT Power 2N + HVDC 2N,0.0270428095269966,0.08226485301952156,1.0,8.9
2026-08-03 15:00:00+00:00,2026-08-03 20:00:00+00:00,SHEPD,HIGH,300,mains_2n,IT Power 2N + Direct Utility 2N,0.0270428095269966,0.22625636119807105,1.0,0.05
2026-08-03 15:00:00+00:00,2026-08-03 20:00:00+00:00,SHEPD,HIGH,300,ups_2n,IT Power 2N + UPS 2N,0.0270428095269966,0.11150235496306526,1.0,9.0
2026-08-03 15:00:00+00:00,2026-08-03 20:00:00+00:00,SHEPD,HIGH,300,ups_dr,IT Power 2N + UPS Distributed Redundancy,0.0270428095269966,0.15676086535397354,1.0,6.75
2026-08-03 20:00:00+00:00,2026-08-04 02:00:00+00:00,SHEPD,HIGH,360,hvdc_2n,IT Power 2N + HVDC 2N,0.0207883943087192,0.07655194139018294,1.0,8.9
2026-08-03 20:00:00+00:00,2026-08-04 02:00:00+00:00,SHEPD,HIGH,360,mains_2n,IT Power 2N + Direct Utility 2N,0.0207883943087192,0.21549486159445927,1.0,0.05
2026-08-03 20:00:00+00:00,2026-08-04 02:00:00+00:00,SHEPD,HIGH,360,ups_2n,IT Power 2N + UPS 2N,0.0207883943087192,0.10428084128704602,1.0,9.0
2026-08-03 20:00:00+00:00,2026-08-04 02:00:00+00:00,SHEPD,HIGH,360,ups_dr,IT Power 2N + UPS Distributed Redundancy,0.0207883943087192,0.14787981921257917,1.0,6.75
2026-08-03 11:00:00+00:00,2026-08-03 18:00:00+00:00,SHEPD,HIGH,420,hvdc_2n,IT Power 2N + HVDC 2N,0.0347076975973508,0.08979391904988261,1.0,8.9
2026-08-03 11:00:00+00:00,2026-08-03 18:00:00+00:00,SHEPD,HIGH,420,mains_2n,IT Power 2N + Direct Utility 2N,0.0347076975973508,0.23995558584257184,1.0,0.05
2026-08-03 11:00:00+00:00,2026-08-03 18:00:00+00:00,SHEPD,HIGH,420,ups_2n,IT Power 2N + UPS 2N,0.0347076975973508,0.12094541901779324,1.0,9.0
2026-08-03 11:00:00+00:00,2026-08-03 18:00:00+00:00,SHEPD,HIGH,420,ups_dr,IT Power 2N + UPS Distributed Redundancy,0.0347076975973508,0.16823119543303394,1.0,6.75
2026-08-03 02:00:00+00:00,2026-08-03 10:00:00+00:00,SHEPD,HIGH,480,hvdc_2n,IT Power 2N + HVDC 2N,0.0392696073784886,0.09456484200035713,1.0,8.9
2026-08-03 02:00:00+00:00,2026-08-03 10:00:00+00:00,SHEPD,HIGH,480,mains_2n,IT Power 2N + Direct Utility 2N,0.0392696073784886,0.24837386164837152,1.0,0.05
2026-08-03 02:00:00+00:00,2026-08-03 10:00:00+00:00,SHEPD,HIGH,480,ups_2n,IT Power 2N + UPS 2N,0.0392696073784886,0.1268873709273443,1.0,9.0
2026-08-03 02:00:00+00:00,2026-08-03 10:00:00+00:00,SHEPD,HIGH,480,ups_dr,IT Power 2N + UPS Distributed Redundancy,0.0392696073784886,0.17537035493974124,1.0,6.75
2026-08-03 16:00:00+00:00,2026-08-04 01:00:00+00:00,SHEPD,HIGH,540,hvdc_2n,IT Power 2N + HVDC 2N,0.0443992601149985,0.10019955634118165,1.0,8.9
2026-08-03 16:00:00+00:00,2026-08-04 01:00:00+00:00,SHEPD,HIGH,540,mains_2n,IT Power 2N + Direct Utility 2N,0.0443992601149985,0.2580731849788996,1.0,0.05
2026-08-03 16:00:00+00:00,2026-08-04 01:00:00+00:00,SHEPD,HIGH,540,ups_2n,IT Power 2N + UPS 2N,0.0443992601149985,0.1338650089864183,1.0,9.0
2026-08-03 16:00:00+00:00,2026-08-04 01:00:00+00:00,SHEPD,HIGH,540,ups_dr,IT Power 2N + UPS Distributed Redundancy,0.0443992601149985,0.1836804772778559,1.0,6.75
2026-08-03 14:00:00+00:00,2026-08-04 00:00:00+00:00,SHEPD,HIGH,600,hvdc_2n,IT Power 2N + HVDC 2N,0.0279586990497167,0.08313333741549854,1.0,8.9
2026-08-03 14:00:00+00:00,2026-08-04 00:00:00+00:00,SHEPD,HIGH,600,mains_2n,IT Power 2N + Direct Utility 2N,0.0279586990497167,0.22786377673935507,1.0,0.05
2026-08-03 14:00:00+00:00,2026-08-04 00:00:00+00:00,SHEPD,HIGH,600,ups_2n,IT Power 2N + UPS 2N,0.0279586990497167,0.11259585451781866,1.0,9.0
2026-08-03 14:00:00+00:00,2026-08-04 00:00:00+00:00,SHEPD,HIGH,600,ups_dr,IT Power 2N + UPS Distributed Redundancy,0.0279586990497167,0.15809722980789853,1.0,6.75
2026-08-02 17:00:00+00:00,2026-08-03 04:00:00+00:00,SHEPD,HIGH,660,hvdc_2n,IT Power 2N + HVDC 2N,0.007245286428138,0.06540993023814139,1.0,8.9
2026-08-02 17:00:00+00:00,2026-08-03 04:00:00+00:00,SHEPD,HIGH,660,mains_2n,IT Power 2N + Direct Utility 2N,0.007245286428138,0.19348115662685078,1.0,0.05
2026-08-02 17:00:00+00:00,2026-08-03 04:00:00+00:00,SHEPD,HIGH,660,ups_2n,IT Power 2N + UPS 2N,0.007245286428138,0.09004737943524142,1.0,9.0
2026-08-02 17:00:00+00:00,2026-08-03 04:00:00+00:00,SHEPD,HIGH,660,ups_dr,IT Power 2N + UPS Distributed Redundancy,0.007245286428138,0.1300743147962691,1.0,6.75
2026-08-03 14:00:00+00:00,2026-08-04 02:00:00+00:00,SHEPD,HIGH,720,hvdc_2n,IT Power 2N + HVDC 2N,0.0294736066385302,0.08458814770787672,1.0,8.9
2026-08-03 14:00:00+00:00,2026-08-04 02:00:00+00:00,SHEPD,HIGH,720,mains_2n,IT Power 2N + Direct Utility 2N,0.0294736066385302,0.23054011589577592,1.0,0.05
2026-08-03 14:00:00+00:00,2026-08-04 02:00:00+00:00,SHEPD,HIGH,720,ups_2n,IT Power 2N + UPS 2N,0.0294736066385302,0.11442508559202619,1.0,9.0
2026-08-03 14:00:00+00:00,2026-08-04 02:00:00+00:00,SHEPD,HIGH,720,ups_dr,IT Power 2N + UPS Distributed Redundancy,0.0294736066385302,0.16032790516677045,1.0,6.75
2026-08-02 23:00:00+00:00,2026-08-03 12:00:00+00:00,SHEPD,HIGH,780,hvdc_2n,IT Power 2N + HVDC 2N,0.0090761171240539,0.06682293919241902,1.0,8.9
2026-08-02 23:00:00+00:00,2026-08-03 12:00:00+00:00,SHEPD,HIGH,780,mains_2n,IT Power 2N + Direct Utility 2N,0.0090761171240539,0.19635414081216548,1.0,0.05
2026-08-02 23:00:00+00:00,2026-08-03 12:00:00+00:00,SHEPD,HIGH,780,ups_2n,IT Power 2N + UPS 2N,0.0090761171240539,0.0918638606916707,1.0,9.0
2026-08-02 23:00:00+00:00,2026-08-03 12:00:00+00:00,SHEPD,HIGH,780,ups_dr,IT Power 2N + UPS Distributed Redundancy,0.0090761171240539,0.1323701852663578,1.0,6.75
2026-08-02 23:00:00+00:00,2026-08-03 13:00:00+00:00,SHEPD,HIGH,840,hvdc_2n,IT Power 2N + HVDC 2N,0.0089211922110037,0.06670228105929671,1.0,8.9
2026-08-02 23:00:00+00:00,2026-08-03 13:00:00+00:00,SHEPD,HIGH,840,mains_2n,IT Power 2N + Direct Utility 2N,0.0089211922110037,0.1961097855500891,1.0,0.05
2026-08-02 23:00:00+00:00,2026-08-03 13:00:00+00:00,SHEPD,HIGH,840,ups_2n,IT Power 2N + UPS 2N,0.0089211922110037,0.09170888319859556,1.0,9.0
2026-08-02 23:00:00+00:00,2026-08-03 13:00:00+00:00,SHEPD,HIGH,840,ups_dr,IT Power 2N + UPS Distributed Redundancy,0.0089211922110037,0.13217458633271395,1.0,6.75
2026-08-01 11:00:00+00:00,2026-08-02 02:00:00+00:00,SHEPD,HIGH,900,hvdc_2n,IT Power 2N + HVDC 2N,0.0321085921820053,0.08717372649310795,1.0,8.9
2026-08-01 11:00:00+00:00,2026-08-02 02:00:00+00:00,SHEPD,HIGH,900,mains_2n,IT Power 2N + Direct Utility 2N,0.0321085921820053,0.23524750404274808,1.0,0.05
2026-08-01 11:00:00+00:00,2026-08-02 02:00:00+00:00,SHEPD,HIGH,900,ups_2n,IT Power 2N + UPS 2N,0.0321085921820053,0.11766845774799764,1.0,9.0
2026-08-01 11:00:00+00:00,2026-08-02 02:00:00+00:00,SHEPD,HIGH,900,ups_dr,IT Power 2N + UPS Distributed Redundancy,0.0321085921820053,0.1642684477012412,1.0,6.75
2026-08-03 01:00:00+00:00,2026-08-03 17:00:00+00:00,SHEPD,HIGH,960,hvdc_2n,IT Power 2N + HVDC 2N,0.0377813446271119,0.09298395471307691,1.0,8.9
2026-08-03 01:00:00+00:00,2026-08-03 17:00:00+00:00,SHEPD,HIGH,960,mains_2n,IT Power 2N + Direct Utility 2N,0.0377813446271119,0.24560592556716226,1.0,0.05
2026-08-03 01:00:00+00:00,2026-08-03 17:00:00+00:00,SHEPD,HIGH,960,ups_2n,IT Power 2N + UPS 2N,0.0377813446271119,0.12492195826666774,1.0,9.0
2026-08-03 01:00:00+00:00,2026-08-03 17:00:00+00:00,SHEPD,HIGH,960,ups_dr,IT Power 2N + UPS Distributed Redundancy,0.0377813446271119,0.17301543667854236,1.0,6.75
2026-07-30 05:00:00+00:00,2026-07-30 22:00:00+00:00,SHEPD,HIGH,1020,hvdc_2n,IT Power 2N + HVDC 2N,0.0075792007208174,0.06566555195135625,1.0,8.9
2026-07-30 05:00:00+00:00,2026-07-30 22:00:00+00:00,SHEPD,HIGH,1020,mains_2n,IT Power 2N + Direct Utility 2N,0.0075792007208174,0.19400275055943256,1.0,0.05
2026-07-30 05:00:00+00:00,2026-07-30 22:00:00+00:00,SHEPD,HIGH,1020,ups_2n,IT Power 2N + UPS 2N,0.0075792007208174,0.09037624584695844,1.0,9.0
2026-07-30 05:00:00+00:00,2026-07-30 22:00:00+00:00,SHEPD,HIGH,1020,ups_dr,IT Power 2N + UPS Distributed Redundancy,0.0075792007208174,0.13049050457311798,1.0,6.75
2026-08-03 05:00:00+00:00,2026-08-03 23:00:00+00:00,SHEPD,HIGH,1080,hvdc_2n,IT Power 2N + HVDC 2N,0.0310487131392703,0.08612523498310128,1.0,8.9
2026-08-03 05:00:00+00:00,2026-08-03 23:00:00+00:00,SHEPD,HIGH,1080,mains_2n,IT Power 2N + Direct Utility 2N,0.0310487131392703,0.2333460701539439,1.0,0.05
2026-08-03 05:00:00+00:00,2026-08-03 23:00:00+00:00,SHEPD,HIGH,1080,ups_2n,IT Power 2N + UPS 2N,0.0310487131392703,0.11635439269828121,1.0,9.0
2026-08-03 05:00:00+00:00,2026-08-03 23:00:00+00:00,SHEPD,HIGH,1080,ups_dr,IT Power 2N + UPS Distributed Redundancy,0.0310487131392703,0.1626741535530525,1.0,6.75
2026-08-03 07:00:00+00:00,2026-08-04 02:00:00+00:00,SHEPD,HIGH,1140,hvdc_2n,IT Power 2N + HVDC 2N,0.0298659211736836,0.08496864819046492,1.0,8.9
2026-08-03 07:00:00+00:00,2026-08-04 02:00:00+00:00,SHEPD,HIGH,1140,mains_2n,IT Power 2N + Direct Utility 2N,0.0298659211736836,0.23123678360275998,1.0,0.05
2026-08-03 07:00:00+00:00,2026-08-04 02:00:00+00:00,SHEPD,HIGH,1140,ups_2n,IT Power 2N + UPS 2N,0.0298659211736836,0.11490300034896796,1.0,9.0
2026-08-03 07:00:00+00:00,2026-08-04 02:00:00+00:00,SHEPD,HIGH,1140,ups_dr,IT Power 2N + UPS Distributed Redundancy,0.0298659211736836,0.160909716693852,1.0,6.75
2026-08-02 14:00:00+00:00,2026-08-03 10:00:00+00:00,SHEPD,HIGH,1200,hvdc_2n,IT Power 2N + HVDC 2N,0.008908438299398,0.06669235711527242,1.0,8.9
2026-08-02 14:00:00+00:00,2026-08-03 10:00:00+00:00,SHEPD,HIGH,1200,mains_2n,IT Power 2N + Direct Utility 2N,0.008908438299398,0.19608967969366253,1.0,0.05
2026-08-02 14:00:00+00:00,2026-08-03 10:00:00+00:00,SHEPD,HIGH,1200,ups_2n,IT Power 2N + UPS 2N,0.008908438299398,0.09169613543555165,1.0,9.0
2026-08-02 14:00:00+00:00,2026-08-03 10:00:00+00:00,SHEPD,HIGH,1200,ups_dr,IT Power 2N + UPS Distributed Redundancy,0.008908438299398,0.1321584949264209,1.0,6.75
2026-08-01 17:00:00+00:00,2026-08-02 14:00:00+00:00,SHEPD,HIGH,1260,hvdc_2n,IT Power 2N + HVDC 2N,0.0087897898944371,0.06660010130634096,1.0,8.9
2026-08-01 17:00:00+00:00,2026-08-02 14:00:00+00:00,SHEPD,HIGH,1260,mains_2n,IT Power 2N + Direct Utility 2N,0.0087897898944371,0.19590271154718283,1.0,0.05
2026-08-01 17:00:00+00:00,2026-08-02 14:00:00+00:00,SHEPD,HIGH,1260,ups_2n,IT Power 2N + UPS 2N,0.0087897898944371,0.09157762055745246,1.0,9.0
2026-08-01 17:00:00+00:00,2026-08-02 14:00:00+00:00,SHEPD,HIGH,1260,ups_dr,IT Power 2N + UPS Distributed Redundancy,0.0087897898944371,0.1320088777061889,1.0,6.75
2026-07-29 23:00:00+00:00,2026-07-30 21:00:00+00:00,SHEPD,HIGH,1320,hvdc_2n,IT Power 2N + HVDC 2N,0.0064802203993934,0.06482773420611068,1.0,8.9
2026-07-29 23:00:00+00:00,2026-07-30 21:00:00+00:00,SHEPD,HIGH,1320,mains_2n,IT Power 2N + Direct Utility 2N,0.0064802203993934,0.19229009909653277,1.0,0.05
2026-07-29 23:00:00+00:00,2026-07-30 21:00:00+00:00,SHEPD,HIGH,1320,ups_2n,IT Power 2N + UPS 2N,0.0064802203993934,0.08929794179342575,1.0,9.0
2026-07-29 23:00:00+00:00,2026-07-30 21:00:00+00:00,SHEPD,HIGH,1320,ups_dr,IT Power 2N + UPS Distributed Redundancy,0.0064802203993934,0.12912499441157707,1.0,6.75
2026-08-01 15:00:00+00:00,2026-08-02 14:00:00+00:00,SHEPD,HIGH,1380,hvdc_2n,IT Power 2N + HVDC 2N,0.0094652872445257,0.06712692576616566,1.0,8.9
2026-08-01 15:00:00+00:00,2026-08-02 14:00:00+00:00,SHEPD,HIGH,1380,mains_2n,IT Power 2N + Direct Utility 2N,0.0094652872445257,0.19696897389016493,1.0,0.05
2026-08-01 15:00:00+00:00,2026-08-02 14:00:00+00:00,SHEPD,HIGH,1380,ups_2n,IT Power 2N + UPS 2N,0.0094652872445257,0.09225420167938529,1.0,9.0
2026-08-01 15:00:00+00:00,2026-08-02 14:00:00+00:00,SHEPD,HIGH,1380,ups_dr,IT Power 2N + UPS Distributed Redundancy,0.0094652872445257,0.1328626103580248,1.0,6.75
2026-07-31 19:00:00+00:00,2026-08-01 19:00:00+00:00,SHEPD,HIGH,1440,hvdc_2n,IT Power 2N + HVDC 2N,0.0118585352272253,0.06902470161279069,1.0,8.9
2026-07-31 19:00:00+00:00,2026-08-01 19:00:00+00:00,SHEPD,HIGH,1440,mains_2n,IT Power 2N + Direct Utility 2N,0.0118585352272253,0.20078189722152773,1.0,0.05
2026-07-31 19:00:00+00:00,2026-08-01 19:00:00+00:00,SHEPD,HIGH,1440,ups_2n,IT Power 2N + UPS 2N,0.0118585352272253,0.0946875527177648,1.0,9.0
2026-07-31 19:00:00+00:00,2026-08-01 19:00:00+00:00,SHEPD,HIGH,1440,ups_dr,IT Power 2N + UPS Distributed Redundancy,0.0118585352272253,0.13592502290964772,1.0,6.75
2026-08-02 23:00:00+00:00,2026-08-04 00:00:00+00:00,SHEPD,HIGH,1500,hvdc_2n,IT Power 2N + HVDC 2N,0.006145971646111,0.0645748959863676,1.0,8.9
2026-08-02 23:00:00+00:00,2026-08-04 00:00:00+00:00,SHEPD,HIGH,1500,mains_2n,IT Power 2N + Direct Utility 2N,0.006145971646111,0.19177149580080577,1.0,0.05
2026-08-02 23:00:00+00:00,2026-08-04 00:00:00+00:00,SHEPD,HIGH,1500,ups_2n,IT Power 2N + UPS 2N,0.006145971646111,0.0889722900596699,1.0,9.0
2026-08-02 23:00:00+00:00,2026-08-04 00:00:00+00:00,SHEPD,HIGH,1500,ups_dr,IT Power 2N + UPS Distributed Redundancy,0.006145971646111,0.12871210254305362,1.0,6.75
2026-08-02 00:00:00+00:00,2026-08-03 02:00:00+00:00,SHEPD,HIGH,1560,hvdc_2n,IT Power 2N + HVDC 2N,0.0064320429542255,0.0647912342428717,1.0,8.9
2026-08-02 00:00:00+00:00,2026-08-03 02:00:00+00:00,SHEPD,HIGH,1560,mains_2n,IT Power 2N + Direct Utility 2N,0.0064320429542255,0.19221528357475126,1.0,0.05
2026-08-02 00:00:00+00:00,2026-08-03 02:00:00+00:00,SHEPD,HIGH,1560,ups_2n,IT Power 2N + UPS 2N,0.0064320429542255,0.08925093726924686,1.0,9.0
2026-08-02 00:00:00+00:00,2026-08-03 02:00:00+00:00,SHEPD,HIGH,1560,ups_dr,IT Power 2N + UPS Distributed Redundancy,0.0064320429542255,0.12906541211588926,1.0,6.75
2026-07-31 18:00:00+00:00,2026-08-01 21:00:00+00:00,SHEPD,HIGH,1620,hvdc_2n,IT Power 2N + HVDC 2N,0.0098556133136497,0.06743310394298027,1.0,8.9
2026-07-31 18:00:00+00:00,2026-08-01 21:00:00+00:00,SHEPD,HIGH,1620,mains_2n,IT Power 2N + Direct Utility 2N,0.0098556133136497,0.197587091540403,1.0,0.05
2026-07-31 18:00:00+00:00,2026-08-01 21:00:00+00:00,SHEPD,HIGH,1620,ups_2n,IT Power 2N + UPS 2N,0.0098556133136497,0.09264719814031809,1.0,9.0
2026-07-31 18:00:00+00:00,2026-08-01 21:00:00+00:00,SHEPD,HIGH,1620,ups_dr,IT Power 2N + UPS Distributed Redundancy,0.0098556133136497,0.13335805530415135,1.0,6.75
2026-07-31 21:00:00+00:00,2026-08-02 01:00:00+00:00,SHEPD,HIGH,1680,hvdc_2n,IT Power 2N + HVDC 2N,0.0194326308480131,0.0753624895890463,1.0,8.9
2026-07-31 21:00:00+00:00,2026-08-02 01:00:00+00:00,SHEPD,HIGH,1680,mains_2n,IT Power 2N + Direct Utility 2N,0.0194326308480131,0.21321169256668507,1.0,0.05
2026-07-31 21:00:00+00:00,2026-08-02 01:00:00+00:00,SHEPD,HIGH,1680,ups_2n,IT Power 2N + UPS 2N,0.0194326308480131,0.10277095233030048,1.0,9.0
2026-07-31 21:00:00+00:00,2026-08-02 01:00:00+00:00,SHEPD,HIGH,1680,ups_dr,IT Power 2N + UPS Distributed Redundancy,0.0194326308480131,0.14601041284427144,1.0,6.75
2026-08-02 18:00:00+00:00,2026-08-03 23:00:00+00:00,SHEPD,HIGH,1740,hvdc_2n,IT Power 2N + HVDC 2N,0.0074689121342686,0.06558102007525578,1.0,8.9
2026-08-02 18:00:00+00:00,2026-08-03 23:00:00+00:00,SHEPD,HIGH,1740,mains_2n,IT Power 2N + Direct Utility 2N,0.0074689121342686,0.19383035525488423,1.0,0.05
2026-08-02 18:00:00+00:00,2026-08-03 23:00:00+00:00,SHEPD,HIGH,1740,ups_2n,IT Power 2N + UPS 2N,0.0074689121342686,0.09026750506115529,1.0,9.0
2026-08-02 18:00:00+00:00,2026-08-03 23:00:00+00:00,SHEPD,HIGH,1740,ups_dr,IT Power 2N + UPS Distributed Redundancy,0.0074689121342686,0.13035291617936826,1.0,6.75
2026-08-02 12:00:00+00:00,2026-08-03 18:00:00+00:00,SHEPD,HIGH,1800,hvdc_2n,IT Power 2N + HVDC 2N,0.0125439686194115,0.06957731566884119,1.0,8.9
2026-08-02 12:00:00+00:00,2026-08-03 18:00:00+00:00,SHEPD,HIGH,1800,mains_2n,IT Power 2N + Direct Utility 2N,0.0125439686194115,0.20188405824119057,1.0,0.05
2026-08-02 12:00:00+00:00,2026-08-03 18:00:00+00:00,SHEPD,HIGH,1800,ups_2n,IT Power 2N + UPS 2N,0.0125439686194115,0.09539498632978519,1.0,9.0
2026-08-02 12:00:00+00:00,2026-08-03 18:00:00+00:00,SHEPD,HIGH,1800,ups_dr,IT Power 2N + UPS Distributed Redundancy,0.0125439686194115,0.13681299745975534,1.0,6.75
2026-08-02 11:00:00+00:00,2026-08-03 18:00:00+00:00,SHEPD,HIGH,1860,hvdc_2n,IT Power 2N + HVDC 2N,0.0136369914799333,0.07046701230530537,1.0,8.9
2026-08-02 11:00:00+00:00,2026-08-03 18:00:00+00:00,SHEPD,HIGH,1860,mains_2n,IT Power 2N + Direct Utility 2N,0.0136369914799333,0.20365095171970754,1.0,0.05
2026-08-02 11:00:00+00:00,2026-08-03 18:00:00+00:00,SHEPD,HIGH,1860,ups_2n,IT Power 2N + UPS 2N,0.0136369914799333,0.09653287473398667,1.0,9.0
2026-08-02 11:00:00+00:00,2026-08-03 18:00:00+00:00,SHEPD,HIGH,1860,ups_dr,IT Power 2N + UPS Distributed Redundancy,0.0136369914799333,0.1382390959089146,1.0,6.75
2026-07-28 20:00:00+00:00,2026-07-30 04:00:00+00:00,SHEPD,HIGH,1920,hvdc_2n,IT Power 2N + HVDC 2N,0.0277144189950893,0.08290088898447388,1.0,8.9
2026-07-28 20:00:00+00:00,2026-07-30 04:00:00+00:00,SHEPD,HIGH,1920,mains_2n,IT Power 2N + Direct Utility 2N,0.0277144189950893,0.2274342715662499,1.0,0.05
2026-07-28 20:00:00+00:00,2026-07-30 04:00:00+00:00,SHEPD,HIGH,1920,ups_2n,IT Power 2N + UPS 2N,0.0277144189950893,0.11230329119220811,1.0,9.0
2026-07-28 20:00:00+00:00,2026-07-30 04:00:00+00:00,SHEPD,HIGH,1920,ups_dr,IT Power 2N + UPS Distributed Redundancy,0.0277144189950893,0.15773990117375258,1.0,6.75
2026-07-31 16:00:00+00:00,2026-08-02 01:00:00+00:00,SHEPD,HIGH,1980,hvdc_2n,IT Power 2N + HVDC 2N,0.0059850208738204,0.06445347454571161,1.0,8.9
2026-07-31 16:00:00+00:00,2026-08-02 01:00:00+00:00,SHEPD,HIGH,1980,mains_2n,IT Power 2N + Direct Utility 2N,0.0059850208738204,0.19152215359831223,1.0,0.05
2026-07-31 16:00:00+00:00,2026-08-02 01:00:00+00:00,SHEPD,HIGH,1980,ups_2n,IT Power 2N + UPS 2N,0.0059850208738204,0.0888158615533544,1.0,9.0
2026-07-31 16:00:00+00:00,2026-08-02 01:00:00+00:00,SHEPD,HIGH,1980,ups_dr,IT Power 2N + UPS Distributed Redundancy,0.0059850208738204,0.12851368443086364,1.0,6.75
2026-08-01 15:00:00+00:00,2026-08-03 01:00:00+00:00,SHEPD,HIGH,2040,hvdc_2n,IT Power 2N + HVDC 2N,0.007470123397288,0.06558194791110074,1.0,8.9
2026-08-01 15:00:00+00:00,2026-08-03 01:00:00+00:00,SHEPD,HIGH,2040,mains_2n,IT Power 2N + Direct Utility 2N,0.007470123397288,0.19383224798329796,1.0,0.05
2026-08-01 15:00:00+00:00,2026-08-03 01:00:00+00:00,SHEPD,HIGH,2040,ups_2n,IT Power 2N + UPS 2N,0.007470123397288,0.09026869868486616,1.0,9.0
2026-08-01 15:00:00+00:00,2026-08-03 01:00:00+00:00,SHEPD,HIGH,2040,ups_dr,IT Power 2N + UPS Distributed Redundancy,0.007470123397288,0.13035442659711116,1.0,6.75
2026-08-02 08:00:00+00:00,2026-08-03 19:00:00+00:00,SHEPD,HIGH,2100,hvdc_2n,IT Power 2N + HVDC 2N,0.0280900387599766,0.08325856058596735,1.0,8.9
2026-08-02 08:00:00+00:00,2026-08-03 19:00:00+00:00,SHEPD,HIGH,2100,mains_2n,IT Power 2N + Direct Utility 2N,0.0280900387599766,0.22809494087963897,1.0,0.05
2026-08-02 08:00:00+00:00,2026-08-03 19:00:00+00:00,SHEPD,HIGH,2100,ups_2n,IT Power 2N + UPS 2N,0.0280900387599766,0.11275342915516537,1.0,9.0
2026-08-02 08:00:00+00:00,2026-08-03 19:00:00+00:00,SHEPD,HIGH,2100,ups_dr,IT Power 2N + UPS Distributed Redundancy,0.0280900387599766,0.158289622884297,1.0,6.75
2026-07-27 12:00:00+00:00,2026-07-29 00:00:00+00:00,SHEPD,HIGH,2160,hvdc_2n,IT Power 2N + HVDC 2N,0.0099279550975926,0.0674899921510905,1.0,8.9
2026-07-27 12:00:00+00:00,2026-07-29 00:00:00+00:00,SHEPD,HIGH,2160,mains_2n,IT Power 2N + Direct Utility 2N,0.0099279550975926,0.19770181195074965,1.0,0.05
2026-07-27 12:00:00+00:00,2026-07-29 00:00:00+00:00,SHEPD,HIGH,2160,ups_2n,IT Power 2N + UPS 2N,0.0099279550975926,0.09272019976260046,1.0,9.0
2026-07-27 12:00:00+00:00,2026-07-29 00:00:00+00:00,SHEPD,HIGH,2160,ups_dr,IT Power 2N + UPS Distributed Redundancy,0.0099279550975926,0.13345005101142063,1.0,6.75
2026-07-30 01:00:00+00:00,2026-07-31 14:00:00+00:00,SHEPD,HIGH,2220,hvdc_2n,IT Power 2N + HVDC 2N,0.0088408823787376,0.06663981404923523,1.0,8.9
2026-07-30 01:00:00+00:00,2026-07-31 14:00:00+00:00,SHEPD,HIGH,2220,mains_2n,IT Power 2N + Direct Utility 2N,0.0088408823787376,0.19598320740585742,1.0,0.05
2026-07-30 01:00:00+00:00,2026-07-31 14:00:00+00:00,SHEPD,HIGH,2220,ups_2n,IT Power 2N + UPS 2N,0.0088408823787376,0.09162863864759713,1.0,9.0
2026-07-30 01:00:00+00:00,2026-07-31 14:00:00+00:00,SHEPD,HIGH,2220,ups_dr,IT Power 2N + UPS Distributed Redundancy,0.0088408823787376,0.13207328839520954,1.0,6.75
2026-08-01 20:00:00+00:00,2026-08-03 10:00:00+00:00,SHEPD,HIGH,2280,hvdc_2n,IT Power 2N + HVDC 2N,0.0094613279741814,0.06712382666907594,1.0,8.9
2026-08-01 20:00:00+00:00,2026-08-03 10:00:00+00:00,SHEPD,HIGH,2280,mains_2n,IT Power 2N + Direct Utility 2N,0.0094613279741814,0.19696271150040354,1.0,0.05
2026-08-01 20:00:00+00:00,2026-08-03 10:00:00+00:00,SHEPD,HIGH,2280,ups_2n,IT Power 2N + UPS 2N,0.0094613279741814,0.09225022300505385,1.0,9.0
2026-08-01 20:00:00+00:00,2026-08-03 10:00:00+00:00,SHEPD,HIGH,2280,ups_dr,IT Power 2N + UPS Distributed Redundancy,0.0094613279741814,0.1328575928093818,1.0,6.75
2026-08-02 06:00:00+00:00,2026-08-03 21:00:00+00:00,SHEPD,HIGH,2340,hvdc_2n,IT Power 2N + HVDC 2N,0.0067539767194234,0.0650354996954952,1.0,8.9
2026-08-02 06:00:00+00:00,2026-08-03 21:00:00+00:00,SHEPD,HIGH,2340,mains_2n,IT Power 2N + Direct Utility 2N,0.0067539767194234,0.19271564087631365,1.0,0.05
2026-08-02 06:00:00+00:00,2026-08-03 21:00:00+00:00,SHEPD,HIGH,2340,ups_2n,IT Power 2N + UPS 2N,0.0067539767194234,0.08956545739583585,1.0,9.0
2026-08-02 06:00:00+00:00,2026-08-03 21:00:00+00:00,SHEPD,HIGH,2340,ups_dr,IT Power 2N + UPS Distributed Redundancy,0.0067539767194234,0.1294640008559789,1.0,6.75
2026-07-31 09:00:00+00:00,2026-08-02 01:00:00+00:00,SHEPD,HIGH,2400,hvdc_2n,IT Power 2N + HVDC 2N,0.0082236485749708,0.06616152443510623,1.0,8.9
2026-07-31 09:00:00+00:00,2026-08-02 01:00:00+00:00,SHEPD,HIGH,2400,mains_2n,IT Power 2N + Direct Utility 2N,0.0082236485749708,0.19501243344314845,1.0,0.05
2026-07-31 09:00:00+00:00,2026-08-02 01:00:00+00:00,SHEPD,HIGH,2400,ups_2n,IT Power 2N + UPS 2N,0.0082236485749708,0.09101401113392928,1.0,9.0
2026-07-31 09:00:00+00:00,2026-08-02 01:00:00+00:00,SHEPD,HIGH,2400,ups_dr,IT Power 2N + UPS Distributed Redundancy,0.0082236485749708,0.13129694256169036,1.0,6.75
2026-08-01 09:00:00+00:00,2026-08-03 02:00:00+00:00,SHEPD,HIGH,2460,hvdc_2n,IT Power 2N + HVDC 2N,0.072964114385245,0.13729409225527348,1.0,8.9
2026-08-01 09:00:00+00:00,2026-08-03 02:00:00+00:00,SHEPD,HIGH,2460,mains_2n,IT Power 2N + Direct Utility 2N,0.072964114385245,0.3164014835854536,1.0,0.05
2026-08-01 09:00:00+00:00,2026-08-03 02:00:00+00:00,SHEPD,HIGH,2460,ups_2n,IT Power 2N + UPS 2N,0.072964114385245,0.17881001333352578,1.0,9.0
2026-08-01 09:00:00+00:00,2026-08-03 02:00:00+00:00,SHEPD,HIGH,2460,ups_dr,IT Power 2N + UPS Distributed Redundancy,0.072964114385245,0.23552095189764838,1.0,6.75
2026-07-31 05:00:00+00:00,2026-08-01 23:00:00+00:00,SHEPD,HIGH,2520,hvdc_2n,IT Power 2N + HVDC 2N,0.0075822252234897,0.06566787154055193,1.0,8.9
2026-07-31 05:00:00+00:00,2026-08-01 23:00:00+00:00,SHEPD,HIGH,2520,mains_2n,IT Power 2N + Direct Utility 2N,0.0075822252234897,0.19400747988747266,1.0,0.05
2026-07-31 05:00:00+00:00,2026-08-01 23:00:00+00:00,SHEPD,HIGH,2520,ups_2n,IT Power 2N + UPS 2N,0.0075822252234897,0.09037922956489787,1.0,9.0
2026-07-31 05:00:00+00:00,2026-08-01 23:00:00+00:00,SHEPD,HIGH,2520,ups_dr,IT Power 2N + UPS Distributed Redundancy,0.0075822252234897,0.13049427947124775,1.0,6.75
2026-07-28 22:00:00+00:00,2026-07-30 17:00:00+00:00,SHEPD,HIGH,2580,hvdc_2n,IT Power 2N + HVDC 2N,0.0089777065551826,0.06674627192745955,1.0,8.9
2026-07-28 22:00:00+00:00,2026-07-30 17:00:00+00:00,SHEPD,HIGH,2580,mains_2n,IT Power 2N + Direct Utility 2N,0.0089777065551826,0.19619889613213398,1.0,0.05
2026-07-28 22:00:00+00:00,2026-07-30 17:00:00+00:00,SHEPD,HIGH,2580,ups_2n,IT Power 2N + UPS 2N,0.0089777065551826,0.09176538947145699,1.0,9.0
2026-07-28 22:00:00+00:00,2026-07-30 17:00:00+00:00,SHEPD,HIGH,2580,ups_dr,IT Power 2N + UPS Distributed Redundancy,0.0089777065551826,0.13224590956308627,1.0,6.75
2026-08-01 15:00:00+00:00,2026-08-03 11:00:00+00:00,SHEPD,HIGH,2640,hvdc_2n,IT Power 2N + HVDC 2N,0.0092870854927394,0.0669875707651005,1.0,8.9
2026-08-01 15:00:00+00:00,2026-08-03 11:00:00+00:00,SHEPD,HIGH,2640,mains_2n,IT Power 2N + Direct Utility 2N,0.0092870854927394,0.1966872604655475,1.0,0.05
2026-08-01 15:00:00+00:00,2026-08-03 11:00:00+00:00,SHEPD,HIGH,2640,ups_2n,IT Power 2N + UPS 2N,0.0092870854927394,0.0920752791859678,1.0,9.0
2026-08-01 15:00:00+00:00,2026-08-03 11:00:00+00:00,SHEPD,HIGH,2640,ups_dr,IT Power 2N + UPS Distributed Redundancy,0.0092870854927394,0.13263693571065707,1.0,6.75
2026-08-02 01:00:00+00:00,2026-08-03 22:00:00+00:00,SHEPD,HIGH,2700,hvdc_2n,IT Power 2N + HVDC 2N,0.0062880457320876,0.0646822537529488,1.0,8.9
2026-08-02 01:00:00+00:00,2026-08-03 22:00:00+00:00,SHEPD,HIGH,2700,mains_2n,IT Power 2N + Direct Utility 2N,0.0062880457320876,0.19199180023624982,1.0,0.05
2026-08-02 01:00:00+00:00,2026-08-03 22:00:00+00:00,SHEPD,HIGH,2700,ups_2n,IT Power 2N + UPS 2N,0.0062880457320876,0.08911057879618592,1.0,9.0
2026-08-02 01:00:00+00:00,2026-08-03 22:00:00+00:00,SHEPD,HIGH,2700,ups_dr,IT Power 2N + UPS Distributed Redundancy,0.0062880457320876,0.12888746660967274,1.0,6.75
2026-08-02 03:00:00+00:00,2026-08-04 01:00:00+00:00,SHEPD,HIGH,2760,hvdc_2n,IT Power 2N + HVDC 2N,0.0058145643302924,0.06432511374930255,1.0,8.9
2026-08-02 03:00:00+00:00,2026-08-04 01:00:00+00:00,SHEPD,HIGH,2760,mains_2n,IT Power 2N + Direct Utility 2N,0.0058145643302924,0.19125835504337071,1.0,0.05
2026-08-02 03:00:00+00:00,2026-08-04 01:00:00+00:00,SHEPD,HIGH,2760,ups_2n,IT Power 2N + UPS 2N,0.0058145643302924,0.08865046504434793,1.0,9.0
2026-08-02 03:00:00+00:00,2026-08-04 01:00:00+00:00,SHEPD,HIGH,2760,ups_dr,IT Power 2N + UPS Distributed Redundancy,0.0058145643302924,0.12830383210733096,1.0,6.75
2026-07-31 00:00:00+00:00,2026-08-01 23:00:00+00:00,SHEPD,HIGH,2820,hvdc_2n,IT Power 2N + HVDC 2N,0.0639774975292784,0.12452269060957333,1.0,8.9
2026-07-31 00:00:00+00:00,2026-08-01 23:00:00+00:00,SHEPD,HIGH,2820,mains_2n,IT Power 2N + Direct Utility 2N,0.0639774975292784,0.2972923336890232,1.0,0.05
2026-07-31 00:00:00+00:00,2026-08-01 23:00:00+00:00,SHEPD,HIGH,2820,ups_2n,IT Power 2N + UPS 2N,0.0639774975292784,0.16351962718014904,1.0,9.0
2026-07-31 00:00:00+00:00,2026-08-01 23:00:00+00:00,SHEPD,HIGH,2820,ups_dr,IT Power 2N + UPS Distributed Redundancy,0.0639774975292784,0.2181896544430875,1.0,6.75
2026-07-31 16:00:00+00:00,2026-08-02 16:00:00+00:00,SHEPD,HIGH,2880,hvdc_2n,IT Power 2N + HVDC 2N,0.0088068868192826,0.06661338781517176,1.0,8.9
2026-07-31 16:00:00+00:00,2026-08-02 16:00:00+00:00,SHEPD,HIGH,2880,mains_2n,IT Power 2N + Direct Utility 2N,0.0088068868192826,0.19592964485077774,1.0,0.05
2026-07-31 16:00:00+00:00,2026-08-02 16:00:00+00:00,SHEPD,HIGH,2880,ups_2n,IT Power 2N + UPS 2N,0.0088068868192826,0.09159468974379223,1.0,9.0
2026-07-31 16:00:00+00:00,2026-08-02 16:00:00+00:00,SHEPD,HIGH,2880,ups_dr,IT Power 2N + UPS Distributed Redundancy,0.0088068868192826,0.1320304282962503,1.0,6.75
2026-08-04 00:00:00+00:00,2026-08-04 01:00:00+00:00,SHEPD,N/EAST,60,hvdc_2n,IT Power 2N + HVDC 2N,0.0045243415067502,0.06336121806753102,1.0,8.9
2026-08-04 00:00:00+00:00,2026-08-04 01:00:00+00:00,SHEPD,N/EAST,60,mains_2n,IT Power 2N + Direct Utility 2N,0.0045243415067502,0.1892706021850146,1.0,0.05
2026-08-04 00:00:00+00:00,2026-08-04 01:00:00+00:00,SHEPD,N/EAST,60,ups_2n,IT Power 2N + UPS 2N,0.0045243415067502,0.08740753644784191,1.0,9.0
2026-08-04 00:00:00+00:00,2026-08-04 01:00:00+00:00,SHEPD,N/EAST,60,ups_dr,IT Power 2N + UPS Distributed Redundancy,0.0045243415067502,0.12672487651684877,1.0,6.75
2026-07-31 23:00:00+00:00,2026-08-01 01:00:00+00:00,SHEPD,N/EAST,120,hvdc_2n,IT Power 2N + HVDC 2N,0.0039537241569679,0.06293923178896021,1.0,8.9
2026-07-31 23:00:00+00:00,2026-08-01 01:00:00+00:00,SHEPD,N/EAST,120,mains_2n,IT Power 2N + Direct Utility 2N,0.0039537241569679,0.18839655772193958,1.0,0.05
2026-07-31 23:00:00+00:00,2026-08-01 01:00:00+00:00,SHEPD,N/EAST,120,ups_2n,IT Power 2N + UPS 2N,0.0039537241569679,0.08686287698910371,1.0,9.0
2026-07-31 23:00:00+00:00,2026-08-01 01:00:00+00:00,SHEPD,N/EAST,120,ups_dr,IT Power 2N + UPS Distributed Redundancy,0.0039537241569679,0.12603187712767489,1.0,6.75
2026-08-02 19:00:00+00:00,2026-08-02 22:00:00+00:00,SHEPD,N/EAST,180,hvdc_2n,IT Power 2N + HVDC 2N,0.0065765898550703,0.06490080259841491,1.0,8.9
2026-08-02 19:00:00+00:00,2026-08-02 22:00:00+00:00,SHEPD,N/EAST,180,mains_2n,IT Power 2N + Direct Utility 2N,0.0065765898550703,0.1924398193336183,1.0,0.05
2026-08-02 19:00:00+00:00,2026-08-02 22:00:00+00:00,SHEPD,N/EAST,180,ups_2n,IT Power 2N + UPS 2N,0.0065765898550703,0.08939203205756599,1.0,9.0
2026-08-02 19:00:00+00:00,2026-08-02 22:00:00+00:00,SHEPD,N/EAST,180,ups_dr,IT Power 2N + UPS Distributed Redundancy,0.0065765898550703,0.12924424731719208,1.0,6.75
2026-08-03 17:00:00+00:00,2026-08-03 21:00:00+00:00,SHEPD,N/EAST,240,hvdc_2n,IT Power 2N + HVDC 2N,0.0109203923954861,0.06827493284651905,1.0,8.9
2026-08-03 17:00:00+00:00,2026-08-03 21:00:00+00:00,SHEPD,N/EAST,240,mains_2n,IT Power 2N + Direct Utility 2N,0.0109203923954861,0.19928069825412842,1.0,0.05
2026-08-03 17:00:00+00:00,2026-08-03 21:00:00+00:00,SHEPD,N/EAST,240,ups_2n,IT Power 2N + UPS 2N,0.0109203923954861,0.09372691441944211,1.0,9.0
2026-08-03 17:00:00+00:00,2026-08-03 21:00:00+00:00,SHEPD,N/EAST,240,ups_dr,IT Power 2N + UPS Distributed Redundancy,0.0109203923954861,0.13471754269260505,1.0,6.75
2026-08-03 12:00:00+00:00,2026-08-03 17:00:00+00:00,SHEPD,N/EAST,300,hvdc_2n,IT Power 2N + HVDC 2N,0.0099159446016388,0.06748054424357712,1.0,8.9
2026-08-03 12:00:00+00:00,2026-08-03 17:00:00+00:00,SHEPD,N/EAST,300,mains_2n,IT Power 2N + Direct Utility 2N,0.0099159446016388,0.19768276209752345,1.0,0.05
2026-08-03 12:00:00+00:00,2026-08-03 17:00:00+00:00,SHEPD,N/EAST,300,ups_2n,IT Power 2N + UPS 2N,0.0099159446016388,0.0927080761431769,1.0,9.0
2026-08-03 12:00:00+00:00,2026-08-03 17:00:00+00:00,SHEPD,N/EAST,300,ups_dr,IT Power 2N + UPS Distributed Redundancy,0.0099159446016388,0.1334347737700621,1.0,6.75
2026-07-31 18:00:00+00:00,2026-08-01 00:00:00+00:00,SHEPD,N/EAST,360,hvdc_2n,IT Power 2N + HVDC 2N,0.0098999041188576,0.06746792811043746,1.0,8.9
2026-07-31 18:00:00+00:00,2026-08-01 00:00:00+00:00,SHEPD,N/EAST,360,mains_2n,IT Power 2N + Direct Utility 2N,0.0098999041188576,0.19765732243777362,1.0,0.05
2026-07-31 18:00:00+00:00,2026-08-01 00:00:00+00:00,SHEPD,N/EAST,360,ups_2n,IT Power 2N + UPS 2N,0.0098999041188576,0.09269188679931713,1.0,9.0
2026-07-31 18:00:00+00:00,2026-08-01 00:00:00+00:00,SHEPD,N/EAST,360,ups_dr,IT Power 2N + UPS Distributed Redundancy,0.0098999041188576,0.13341437272984744,1.0,6.75
2026-08-02 17:00:00+00:00,2026-08-03 00:00:00+00:00,SHEPD,N/EAST,420,hvdc_2n,IT Power 2N + HVDC 2N,0.0112366374836249,0.06852683049482161,1.0,8.9
2026-08-02 17:00:00+00:00,2026-08-03 00:00:00+00:00,SHEPD,N/EAST,420,mains_2n,IT Power 2N + Direct Utility 2N,0.0112366374836249,0.19978580384456082,1.0,0.05
2026-08-02 17:00:00+00:00,2026-08-03 00:00:00+00:00,SHEPD,N/EAST,420,ups_2n,IT Power 2N + UPS 2N,0.0112366374836249,0.09404976235941304,1.0,9.0
2026-08-02 17:00:00+00:00,2026-08-03 00:00:00+00:00,SHEPD,N/EAST,420,ups_dr,IT Power 2N + UPS Distributed Redundancy,0.0112366374836249,0.1351235653775075,1.0,6.75
2026-08-03 15:00:00+00:00,2026-08-03 23:00:00+00:00,SHEPD,N/EAST,480,hvdc_2n,IT Power 2N + HVDC 2N,0.0215941224863922,0.07726696387652822,1.0,8.9
2026-08-03 15:00:00+00:00,2026-08-03 23:00:00+00:00,SHEPD,N/EAST,480,mains_2n,IT Power 2N + Direct Utility 2N,0.0215941224863922,0.21686012233273338,1.0,0.05
2026-08-03 15:00:00+00:00,2026-08-03 23:00:00+00:00,SHEPD,N/EAST,480,ups_2n,IT Power 2N + UPS 2N,0.0215941224863922,0.10518742441976899,1.0,9.0
2026-08-03 15:00:00+00:00,2026-08-03 23:00:00+00:00,SHEPD,N/EAST,480,ups_dr,IT Power 2N + UPS Distributed Redundancy,0.0215941224863922,0.1490001483521304,1.0,6.75
2026-08-01 17:00:00+00:00,2026-08-02 02:00:00+00:00,SHEPD,N/EAST,540,hvdc_2n,IT Power 2N + HVDC 2N,0.0083454039521033,0.06625561849241915,1.0,8.9
2026-08-01 17:00:00+00:00,2026-08-02 02:00:00+00:00,SHEPD,N/EAST,540,mains_2n,IT Power 2N + Direct Utility 2N,0.0083454039521033,0.19520363915910213,1.0,0.05
2026-08-01 17:00:00+00:00,2026-08-02 02:00:00+00:00,SHEPD,N/EAST,540,ups_2n,IT Power 2N + UPS 2N,0.0083454039521033,0.09113495792638776,1.0,9.0
2026-08-01 17:00:00+00:00,2026-08-02 02:00:00+00:00,SHEPD,N/EAST,540,ups_dr,IT Power 2N + UPS Distributed Redundancy,0.0083454039521033,0.1314497770067216,1.0,6.75
2026-08-03 11:00:00+00:00,2026-08-03 21:00:00+00:00,SHEPD,N/EAST,600,hvdc_2n,IT Power 2N + HVDC 2N,0.0100552335869832,0.0675901896221233,1.0,8.9
2026-08-03 11:00:00+00:00,2026-08-03 21:00:00+00:00,SHEPD,N/EAST,600,mains_2n,IT Power 2N + Direct Utility 2N,0.0100552335869832,0.19790377343147697,1.0,0.05
2026-08-03 11:00:00+00:00,2026-08-03 21:00:00+00:00,SHEPD,N/EAST,600,ups_2n,IT Power 2N + UPS 2N,0.0100552335869832,0.09284876454336258,1.0,9.0
2026-08-03 11:00:00+00:00,2026-08-03 21:00:00+00:00,SHEPD,N/EAST,600,ups_dr,IT Power 2N + UPS Distributed Redundancy,0.0100552335869832,0.13361203903467744,1.0,6.75
2026-08-03 00:00:00+00:00,2026-08-03 11:00:00+00:00,SHEPD,N/EAST,660,hvdc_2n,IT Power 2N + HVDC 2N,0.0123619252778353,0.06943014968947431,1.0,8.9
2026-08-03 00:00:00+00:00,2026-08-03 11:00:00+00:00,SHEPD,N/EAST,660,mains_2n,IT Power 2N + Direct Utility 2N,0.0123619252778353,0.2015908966548877,1.0,0.05
2026-08-03 00:00:00+00:00,2026-08-03 11:00:00+00:00,SHEPD,N/EAST,660,ups_2n,IT Power 2N + UPS 2N,0.0123619252778353,0.09520664019006664,1.0,9.0
2026-08-03 00:00:00+00:00,2026-08-03 11:00:00+00:00,SHEPD,N/EAST,660,ups_dr,IT Power 2N + UPS Distributed Redundancy,0.0123619252778353,0.1365766865058949,1.0,6.75
2026-07-30 21:00:00+00:00,2026-07-31 09:00:00+00:00,SHEPD,N/EAST,720,hvdc_2n,IT Power 2N + HVDC 2N,0.012018905599228,0.06915363104468811,1.0,8.9
2026-07-30 21:00:00+00:00,2026-07-31 09:00:00+00:00,SHEPD,N/EAST,720,mains_2n,IT Power 2N + Direct Utility 2N,0.012018905599228,0.2010393646876086,1.0,0.05
2026-07-30 21:00:00+00:00,2026-07-31 09:00:00+00:00,SHEPD,N/EAST,720,ups_2n,IT Power 2N + UPS 2N,0.012018905599228,0.09485264832369489,1.0,9.0
2026-07-30 21:00:00+00:00,2026-07-31 09:00:00+00:00,SHEPD,N/EAST,720,ups_dr,IT Power 2N + UPS Distributed Redundancy,0.012018905599228,0.1361323454730536,1.0,6.75
2026-08-02 15:00:00+00:00,2026-08-03 04:00:00+00:00,SHEPD,N/EAST,780,hvdc_2n,IT Power 2N + HVDC 2N,0.0096711673738695,0.06728826039535048,1.0,8.9
2026-08-02 15:00:00+00:00,2026-08-03 04:00:00+00:00,SHEPD,N/EAST,780,mains_2n,IT Power 2N + Direct Utility 2N,0.0096711673738695,0.19729482218973496,1.0,0.05
2026-08-02 15:00:00+00:00,2026-08-03 04:00:00+00:00,SHEPD,N/EAST,780,ups_2n,IT Power 2N + UPS 2N,0.0096711673738695,0.09246130333542088,1.0,9.0
2026-08-02 15:00:00+00:00,2026-08-03 04:00:00+00:00,SHEPD,N/EAST,780,ups_dr,IT Power 2N + UPS Distributed Redundancy,0.0096711673738695,0.13312374162107163,1.0,6.75
2026-07-30 08:00:00+00:00,2026-07-30 22:00:00+00:00,SHEPD,N/EAST,840,hvdc_2n,IT Power 2N + HVDC 2N,0.0113356127162161,0.06860584364522622,1.0,8.9
2026-07-30 08:00:00+00:00,2026-07-30 22:00:00+00:00,SHEPD,N/EAST,840,mains_2n,IT Power 2N + Direct Utility 2N,0.0113356127162161,0.19994408398868785,1.0,0.05
2026-07-30 08:00:00+00:00,2026-07-30 22:00:00+00:00,SHEPD,N/EAST,840,ups_2n,IT Power 2N + UPS 2N,0.0113356127162161,0.0941510086723507,1.0,9.0
2026-07-30 08:00:00+00:00,2026-07-30 22:00:00+00:00,SHEPD,N/EAST,840,ups_dr,IT Power 2N + UPS Distributed Redundancy,0.0113356127162161,0.1352508502792072,1.0,6.75
2026-08-03 09:00:00+00:00,2026-08-04 00:00:00+00:00,SHEPD,N/EAST,900,hvdc_2n,IT Power 2N + HVDC 2N,0.0101158693542518,0.0676379724368918,1.0,8.9
2026-08-03 09:00:00+00:00,2026-08-04 00:00:00+00:00,SHEPD,N/EAST,900,mains_2n,IT Power 2N + Direct Utility 2N,0.0101158693542518,0.19800004298838284,1.0,0.05
2026-08-03 09:00:00+00:00,2026-08-04 00:00:00+00:00,SHEPD,N/EAST,900,ups_2n,IT Power 2N + UPS 2N,0.0101158693542518,0.09291006936186576,1.0,9.0
2026-08-03 09:00:00+00:00,2026-08-04 00:00:00+00:00,SHEPD,N/EAST,900,ups_dr,IT Power 2N + UPS Distributed Redundancy,0.0101158693542518,0.13368926897374445,1.0,6.75
2026-08-03 08:00:00+00:00,2026-08-04 00:00:00+00:00,SHEPD,N/EAST,960,hvdc_2n,IT Power 2N + HVDC 2N,0.0111125083525315,0.0684278558430895,1.0,8.9
2026-08-03 08:00:00+00:00,2026-08-04 00:00:00+00:00,SHEPD,N/EAST,960,mains_2n,IT Power 2N + Direct Utility 2N,0.0111125083525315,0.19958743076950464,1.0,0.05
2026-08-03 08:00:00+00:00,2026-08-04 00:00:00+00:00,SHEPD,N/EAST,960,ups_2n,IT Power 2N + UPS 2N,0.0111125083525315,0.09392292289609311,1.0,9.0
2026-08-03 08:00:00+00:00,2026-08-04 00:00:00+00:00,SHEPD,N/EAST,960,ups_dr,IT Power 2N + UPS Distributed Redundancy,0.0111125083525315,0.13496407474615763,1.0,6.75
2026-08-02 07:00:00+00:00,2026-08-03 00:00:00+00:00,SHEPD,N/EAST,1020,hvdc_2n,IT Power 2N + HVDC 2N,0.0133611236801192,0.07024147495815217,1.0,8.9
2026-08-02 07:00:00+00:00,2026-08-03 00:00:00+00:00,SHEPD,N/EAST,1020,mains_2n,IT Power 2N + Direct Utility 2N,0.0133611236801192,0.203203922675424,1.0,0.05
2026-08-02 07:00:00+00:00,2026-08-03 00:00:00+00:00,SHEPD,N/EAST,1020,ups_2n,IT Power 2N + UPS 2N,0.0133611236801192,0.09624454476865951,1.0,9.0
2026-08-02 07:00:00+00:00,2026-08-03 00:00:00+00:00,SHEPD,N/EAST,1020,ups_dr,IT Power 2N + UPS Distributed Redundancy,0.0133611236801192,0.1378779900479748,1.0,6.75
2026-07-28 05:00:00+00:00,2026-07-28 23:00:00+00:00,SHEPD,N/EAST,1080,hvdc_2n,IT Power 2N + HVDC 2N,0.0137682939966251,0.07057459437867429,1.0,8.9
2026-07-28 05:00:00+00:00,2026-07-28 23:00:00+00:00,SHEPD,N/EAST,1080,mains_2n,IT Power 2N + Direct Utility 2N,0.0137682939966251,0.20386397738001788,1.0,0.05
2026-07-28 05:00:00+00:00,2026-07-28 23:00:00+00:00,SHEPD,N/EAST,1080,ups_2n,IT Power 2N + UPS 2N,0.0137682939966251,0.09667037957104625,1.0,9.0
2026-07-28 05:00:00+00:00,2026-07-28 23:00:00+00:00,SHEPD,N/EAST,1080,ups_dr,IT Power 2N + UPS Distributed Redundancy,0.0137682939966251,0.13841124721060494,1.0,6.75
2026-08-03 01:00:00+00:00,2026-08-03 20:00:00+00:00,SHEPD,N/EAST,1140,hvdc_2n,IT Power 2N + HVDC 2N,0.0106732391278111,0.06807866632755685,1.0,8.9
2026-08-03 01:00:00+00:00,2026-08-03 20:00:00+00:00,SHEPD,N/EAST,1140,mains_2n,IT Power 2N + Direct Utility 2N,0.0106732391278111,0.1988866140700487,1.0,0.05
2026-08-03 01:00:00+00:00,2026-08-03 20:00:00+00:00,SHEPD,N/EAST,1140,ups_2n,IT Power 2N + UPS 2N,0.0106732391278111,0.09347529294482146,1.0,9.0
2026-08-03 01:00:00+00:00,2026-08-03 20:00:00+00:00,SHEPD,N/EAST,1140,ups_dr,IT Power 2N + UPS Distributed Redundancy,0.0106732391278111,0.1344009435405403,1.0,6.75
2026-08-02 17:00:00+00:00,2026-08-03 13:00:00+00:00,SHEPD,N/EAST,1200,hvdc_2n,IT Power 2N + HVDC 2N,0.0139435720754085,0.07071844415031105,1.0,8.9
2026-08-02 17:00:00+00:00,2026-08-03 13:00:00+00:00,SHEPD,N/EAST,1200,mains_2n,IT Power 2N + Direct Utility 2N,0.0139435720754085,0.2041486074273181,1.0,0.05
2026-08-02 17:00:00+00:00,2026-08-03 13:00:00+00:00,SHEPD,N/EAST,1200,ups_2n,IT Power 2N + UPS 2N,0.0139435720754085,0.09685420980924721,1.0,9.0
2026-08-02 17:00:00+00:00,2026-08-03 13:00:00+00:00,SHEPD,N/EAST,1200,ups_dr,IT Power 2N + UPS Distributed Redundancy,0.0139435720754085,0.13864133545911242,1.0,6.75
2026-07-31 19:00:00+00:00,2026-08-01 16:00:00+00:00,SHEPD,N/EAST,1260,hvdc_2n,IT Power 2N + HVDC 2N,0.0153185807560782,0.07185633588308496,1.0,8.9
2026-07-31 19:00:00+00:00,2026-08-01 16:00:00+00:00,SHEPD,N/EAST,1260,mains_2n,IT Power 2N + Direct Utility 2N,0.0153185807560782,0.20639170041367308,1.0,0.05
2026-07-31 19:00:00+00:00,2026-08-01 16:00:00+00:00,SHEPD,N/EAST,1260,ups_2n,IT Power 2N + UPS 2N,0.0153185807560782,0.09830716321239504,1.0,9.0
2026-07-31 19:00:00+00:00,2026-08-01 16:00:00+00:00,SHEPD,N/EAST,1260,ups_dr,IT Power 2N + UPS Distributed Redundancy,0.0153185807560782,0.14045746466974826,1.0,6.75
2026-08-02 18:00:00+00:00,2026-08-03 16:00:00+00:00,SHEPD,N/EAST,1320,hvdc_2n,IT Power 2N + HVDC 2N,0.0127088712358272,0.06971087395951696,1.0,8.9
2026-08-02 18:00:00+00:00,2026-08-03 16:00:00+00:00,SHEPD,N/EAST,1320,mains_2n,IT Power 2N + Direct Utility 2N,0.0127088712358272,0.20214989131431035,1.0,0.05
2026-08-02 18:00:00+00:00,2026-08-03 16:00:00+00:00,SHEPD,N/EAST,1320,ups_2n,IT Power 2N + UPS 2N,0.0127088712358272,0.0955658859297706,1.0,9.0
2026-08-02 18:00:00+00:00,2026-08-03 16:00:00+00:00,SHEPD,N/EAST,1320,ups_dr,IT Power 2N + UPS Distributed Redundancy,0.0127088712358272,0.13702735490294637,1.0,6.75
2026-07-29 02:00:00+00:00,2026-07-30 01:00:00+00:00,SHEPD,N/EAST,1380,hvdc_2n,IT Power 2N + HVDC 2N,0.0112202281618357,0.06851373888045785,1.0,8.9
2026-07-29 02:00:00+00:00,2026-07-30 01:00:00+00:00,SHEPD,N/EAST,1380,mains_2n,IT Power 2N + Direct Utility 2N,0.0112202281618357,0.19975957131846334,1.0,0.05
2026-07-29 02:00:00+00:00,2026-07-30 01:00:00+00:00,SHEPD,N/EAST,1380,ups_2n,IT Power 2N + UPS 2N,0.0112202281618357,0.09403298594260658,1.0,9.0
2026-07-29 02:00:00+00:00,2026-07-30 01:00:00+00:00,SHEPD,N/EAST,1380,ups_dr,IT Power 2N + UPS Distributed Redundancy,0.0112202281618357,0.13510247230364197,1.0,6.75
2026-08-03 01:00:00+00:00,2026-08-04 01:00:00+00:00,SHEPD,N/EAST,1440,hvdc_2n,IT Power 2N + HVDC 2N,0.0091149334299589,0.06685320171483294,1.0,8.9
2026-08-03 01:00:00+00:00,2026-08-04 01:00:00+00:00,SHEPD,N/EAST,1440,mains_2n,IT Power 2N + Direct Utility 2N,0.0091149334299589,0.1964153998487971,1.0,0.05
2026-08-03 01:00:00+00:00,2026-08-04 01:00:00+00:00,SHEPD,N/EAST,1440,ups_2n,IT Power 2N + UPS 2N,0.0091149334299589,0.09190272703321022,1.0,9.0
2026-08-03 01:00:00+00:00,2026-08-04 01:00:00+00:00,SHEPD,N/EAST,1440,ups_dr,IT Power 2N + UPS Distributed Redundancy,0.0091149334299589,0.13241923082676013,1.0,6.75
2026-08-02 14:00:00+00:00,2026-08-03 15:00:00+00:00,SHEPD,N/EAST,1500,hvdc_2n,IT Power 2N + HVDC 2N,0.0120305207982959,0.06916297771308771,1.0,8.9
2026-08-02 14:00:00+00:00,2026-08-03 15:00:00+00:00,SHEPD,N/EAST,1500,mains_2n,IT Power 2N + Direct Utility 2N,0.0120305207982959,0.20105802196305775,1.0,0.05
2026-08-02 14:00:00+00:00,2026-08-03 15:00:00+00:00,SHEPD,N/EAST,1500,ups_2n,IT Power 2N + UPS 2N,0.0120305207982959,0.09486461576136838,1.0,9.0
2026-08-02 14:00:00+00:00,2026-08-03 15:00:00+00:00,SHEPD,N/EAST,1500,ups_dr,IT Power 2N + UPS Distributed Redundancy,0.0120305207982959,0.13614737163528068,1.0,6.75
2026-08-02 03:00:00+00:00,2026-08-03 05:00:00+00:00,SHEPD,N/EAST,1560,hvdc_2n,IT Power 2N + HVDC 2N,0.0136091811323933,0.07044424549196725,1.0,8.9
2026-08-02 03:00:00+00:00,2026-08-03 05:00:00+00:00,SHEPD,N/EAST,1560,mains_2n,IT Power 2N + Direct Utility 2N,0.0136091811323933,0.20360585338229412,1.0,0.05
2026-08-02 03:00:00+00:00,2026-08-03 05:00:00+00:00,SHEPD,N/EAST,1560,ups_2n,IT Power 2N + UPS 2N,0.0136091811323933,0.09650377313983485,1.0,9.0
2026-08-02 03:00:00+00:00,2026-08-03 05:00:00+00:00,SHEPD,N/EAST,1560,ups_dr,IT Power 2N + UPS Distributed Redundancy,0.0136091811323933,0.1382026567192588,1.0,6.75
2026-08-02 08:00:00+00:00,2026-08-03 11:00:00+00:00,SHEPD,N/EAST,1620,hvdc_2n,IT Power 2N + HVDC 2N,0.0160406538461951,0.07246063229967845,1.0,8.9
2026-08-02 08:00:00+00:00,2026-08-03 11:00:00+00:00,SHEPD,N/EAST,1620,mains_2n,IT Power 2N + Direct Utility 2N,0.0160406538461951,0.20757692161063218,1.0,0.05
2026-08-02 08:00:00+00:00,2026-08-03 11:00:00+00:00,SHEPD,N/EAST,1620,ups_2n,IT Power 2N + UPS 2N,0.0160406538461951,0.0990779206312543,1.0,9.0
2026-08-02 08:00:00+00:00,2026-08-03 11:00:00+00:00,SHEPD,N/EAST,1620,ups_dr,IT Power 2N + UPS Distributed Redundancy,0.0160406538461951,0.141419134021988,1.0,6.75
2026-08-02 20:00:00+00:00,2026-08-04 00:00:00+00:00,SHEPD,N/EAST,1680,hvdc_2n,IT Power 2N + HVDC 2N,0.0092079559446487,0.06692577704344489,1.0,8.9
2026-08-02 20:00:00+00:00,2026-08-04 00:00:00+00:00,SHEPD,N/EAST,1680,mains_2n,IT Power 2N + Direct Utility 2N,0.0092079559446487,0.19656226469272284,1.0,0.05
2026-08-02 20:00:00+00:00,2026-08-04 00:00:00+00:00,SHEPD,N/EAST,1680,ups_2n,IT Power 2N + UPS 2N,0.0092079559446487,0.0919959296128979,1.0,9.0
2026-08-02 20:00:00+00:00,2026-08-04 00:00:00+00:00,SHEPD,N/EAST,1680,ups_dr,IT Power 2N + UPS Distributed Redundancy,0.0092079559446487,0.1325368302199863,1.0,6.75
2026-08-02 13:00:00+00:00,2026-08-03 18:00:00+00:00,SHEPD,N/EAST,1740,hvdc_2n,IT Power 2N + HVDC 2N,0.0124963623357517,0.06953880234371405,1.0,8.9
2026-08-02 13:00:00+00:00,2026-08-03 18:00:00+00:00,SHEPD,N/EAST,1740,mains_2n,IT Power 2N + Direct Utility 2N,0.0124963623357517,0.20180736260537752,1.0,0.05
2026-08-02 13:00:00+00:00,2026-08-03 18:00:00+00:00,SHEPD,N/EAST,1740,ups_2n,IT Power 2N + UPS 2N,0.0124963623357517,0.09534569963633131,1.0,9.0
2026-08-02 13:00:00+00:00,2026-08-03 18:00:00+00:00,SHEPD,N/EAST,1740,ups_dr,IT Power 2N + UPS Distributed Redundancy,0.0124963623357517,0.1367511664106926,1.0,6.75
2026-07-29 18:00:00+00:00,2026-07-31 00:00:00+00:00,SHEPD,N/EAST,1800,hvdc_2n,IT Power 2N + HVDC 2N,0.0213744077426199,0.07707137915266146,1.0,8.9
2026-07-29 18:00:00+00:00,2026-07-31 00:00:00+00:00,SHEPD,N/EAST,1800,mains_2n,IT Power 2N + Direct Utility 2N,0.0213744077426199,0.21648720894672022,1.0,0.05
2026-07-29 18:00:00+00:00,2026-07-31 00:00:00+00:00,SHEPD,N/EAST,1800,ups_2n,IT Power 2N + UPS 2N,0.0213744077426199,0.10493952001093101,1.0,9.0
2026-07-29 18:00:00+00:00,2026-07-31 00:00:00+00:00,SHEPD,N/EAST,1800,ups_dr,IT Power 2N + UPS Distributed Redundancy,0.0213744077426199,0.1486939522934358,1.0,6.75
2026-08-02 10:00:00+00:00,2026-08-03 17:00:00+00:00,SHEPD,N/EAST,1860,hvdc_2n,IT Power 2N + HVDC 2N,0.0126690517797014,0.06967860159430225,1.0,8.9
2026-08-02 10:00:00+00:00,2026-08-03 17:00:00+00:00,SHEPD,N/EAST,1860,mains_2n,IT Power 2N + Direct Utility 2N,0.0126690517797014,0.2020856759968926,1.0,0.05
2026-08-02 10:00:00+00:00,2026-08-03 17:00:00+00:00,SHEPD,N/EAST,1860,ups_2n,IT Power 2N + UPS 2N,0.0126690517797014,0.09552459330719092,1.0,9.0
2026-08-02 10:00:00+00:00,2026-08-03 17:00:00+00:00,SHEPD,N/EAST,1860,ups_dr,IT Power 2N + UPS Distributed Redundancy,0.0126690517797014,0.13697556760351642,1.0,6.75
2026-08-02 18:00:00+00:00,2026-08-04 02:00:00+00:00,SHEPD,N/EAST,1920,hvdc_2n,IT Power 2N + HVDC 2N,0.0102270180848087,0.06772564234873116,1.0,8.9
2026-08-02 18:00:00+00:00,2026-08-04 02:00:00+00:00,SHEPD,N/EAST,1920,mains_2n,IT Power 2N + Direct Utility 2N,0.0102270180848087,0.19817660200264955,1.0,0.05
2026-08-02 18:00:00+00:00,2026-08-04 02:00:00+00:00,SHEPD,N/EAST,1920,ups_2n,IT Power 2N + UPS 2N,0.0102270180848087,0.0930225388430874,1.0,9.0
2026-08-02 18:00:00+00:00,2026-08-04 02:00:00+00:00,SHEPD,N/EAST,1920,ups_dr,IT Power 2N + UPS Distributed Redundancy,0.0102270180848087,0.13383093376606756,1.0,6.75
2026-08-01 23:00:00+00:00,2026-08-03 08:00:00+00:00,SHEPD,N/EAST,1980,hvdc_2n,IT Power 2N + HVDC 2N,0.0112998911660979,0.06857731696248576,1.0,8.9
2026-08-01 23:00:00+00:00,2026-08-03 08:00:00+00:00,SHEPD,N/EAST,1980,mains_2n,IT Power 2N + Direct Utility 2N,0.0112998911660979,0.19988694761880307,1.0,0.05
2026-08-01 23:00:00+00:00,2026-08-03 08:00:00+00:00,SHEPD,N/EAST,1980,ups_2n,IT Power 2N + UPS 2N,0.0112998911660979,0.0941144561989051,1.0,9.0
2026-08-01 23:00:00+00:00,2026-08-03 08:00:00+00:00,SHEPD,N/EAST,1980,ups_dr,IT Power 2N + UPS Distributed Redundancy,0.0112998911660979,0.1352048997112435,1.0,6.75
2026-08-02 13:00:00+00:00,2026-08-03 23:00:00+00:00,SHEPD,N/EAST,2040,hvdc_2n,IT Power 2N + HVDC 2N,0.0105530605221391,0.06798342055991195,1.0,8.9
2026-08-02 13:00:00+00:00,2026-08-03 23:00:00+00:00,SHEPD,N/EAST,2040,mains_2n,IT Power 2N + Direct Utility 2N,0.0105530605221391,0.19869520191184933,1.0,0.05
2026-08-02 13:00:00+00:00,2026-08-03 23:00:00+00:00,SHEPD,N/EAST,2040,ups_2n,IT Power 2N + UPS 2N,0.0105530605221391,0.09335316071846352,1.0,9.0
2026-08-02 13:00:00+00:00,2026-08-03 23:00:00+00:00,SHEPD,N/EAST,2040,ups_dr,IT Power 2N + UPS Distributed Redundancy,0.0105530605221391,0.13424722401789485,1.0,6.75
2026-07-31 14:00:00+00:00,2026-08-02 01:00:00+00:00,SHEPD,N/EAST,2100,hvdc_2n,IT Power 2N + HVDC 2N,0.0100458012021496,0.0675827594327663,1.0,8.9
2026-07-31 14:00:00+00:00,2026-08-02 01:00:00+00:00,SHEPD,N/EAST,2100,mains_2n,IT Power 2N + Direct Utility 2N,0.0100458012021496,0.19788880109135806,1.0,0.05
2026-07-31 14:00:00+00:00,2026-08-02 01:00:00+00:00,SHEPD,N/EAST,2100,ups_2n,IT Power 2N + UPS 2N,0.0100458012021496,0.0928392313463404,1.0,9.0
2026-07-31 14:00:00+00:00,2026-08-02 01:00:00+00:00,SHEPD,N/EAST,2100,ups_dr,IT Power 2N + UPS Distributed Redundancy,0.0100458012021496,0.13360002868402257,1.0,6.75
2026-08-02 03:00:00+00:00,2026-08-03 15:00:00+00:00,SHEPD,N/EAST,2160,hvdc_2n,IT Power 2N + HVDC 2N,0.0177307358293831,0.07389340209342035,1.0,8.9
2026-08-02 03:00:00+00:00,2026-08-03 15:00:00+00:00,SHEPD,N/EAST,2160,mains_2n,IT Power 2N + Direct Utility 2N,0.0177307358293831,0.21037065689481305,1.0,0.05
2026-08-02 03:00:00+00:00,2026-08-03 15:00:00+00:00,SHEPD,N/EAST,2160,ups_2n,IT Power 2N + UPS 2N,0.0177307358293831,0.10090300879472,1.0,9.0
2026-08-02 03:00:00+00:00,2026-08-03 15:00:00+00:00,SHEPD,N/EAST,2160,ups_dr,IT Power 2N + UPS Distributed Redundancy,0.0177307358293831,0.14369151995867782,1.0,6.75
2026-08-01 21:00:00+00:00,2026-08-03 10:00:00+00:00,SHEPD,N/EAST,2220,hvdc_2n,IT Power 2N + HVDC 2N,0.0120263813740787,0.0691596466136383,1.0,8.9
2026-08-01 21:00:00+00:00,2026-08-03 10:00:00+00:00,SHEPD,N/EAST,2220,mains_2n,IT Power 2N + Direct Utility 2N,0.0120263813740787,0.2010513727353186,1.0,0.05
2026-08-01 21:00:00+00:00,2026-08-03 10:00:00+00:00,SHEPD,N/EAST,2220,ups_2n,IT Power 2N + UPS 2N,0.0120263813740787,0.09486035065135967,1.0,9.0
2026-08-01 21:00:00+00:00,2026-08-03 10:00:00+00:00,SHEPD,N/EAST,2220,ups_dr,IT Power 2N + UPS Distributed Redundancy,0.0120263813740787,0.13614201645190735,1.0,6.75
2026-08-01 22:00:00+00:00,2026-08-03 12:00:00+00:00,SHEPD,N/EAST,2280,hvdc_2n,IT Power 2N + HVDC 2N,0.0122217618904864,0.06931703628660933,1.0,8.9
2026-08-01 22:00:00+00:00,2026-08-03 12:00:00+00:00,SHEPD,N/EAST,2280,mains_2n,IT Power 2N + Direct Utility 2N,0.0122217618904864,0.2013653952250286,1.0,0.05
2026-08-01 22:00:00+00:00,2026-08-03 12:00:00+00:00,SHEPD,N/EAST,2280,ups_2n,IT Power 2N + UPS 2N,0.0122217618904864,0.09506185078451199,1.0,9.0
2026-08-01 22:00:00+00:00,2026-08-03 12:00:00+00:00,SHEPD,N/EAST,2280,ups_dr,IT Power 2N + UPS Distributed Redundancy,0.0122217618904864,0.1363949742379287,1.0,6.75
2026-08-02 02:00:00+00:00,2026-08-03 17:00:00+00:00,SHEPD,N/EAST,2340,hvdc_2n,IT Power 2N + HVDC 2N,0.0178969068673209,0.07403567309412765,1.0,8.9
2026-08-02 02:00:00+00:00,2026-08-03 17:00:00+00:00,SHEPD,N/EAST,2340,mains_2n,IT Power 2N + Direct Utility 2N,0.0178969068673209,0.2106468245050357,1.0,0.05
2026-08-02 02:00:00+00:00,2026-08-03 17:00:00+00:00,SHEPD,N/EAST,2340,ups_2n,IT Power 2N + UPS 2N,0.0178969068673209,0.10108405642861407,1.0,9.0
2026-08-02 02:00:00+00:00,2026-08-03 17:00:00+00:00,SHEPD,N/EAST,2340,ups_dr,IT Power 2N + UPS Distributed Redundancy,0.0178969068673209,0.14391657680245742,1.0,6.75
2026-08-02 04:00:00+00:00,2026-08-03 20:00:00+00:00,SHEPD,N/EAST,2400,hvdc_2n,IT Power 2N + HVDC 2N,0.0106857207287999,0.06808856552228768,1.0,8.9
2026-08-02 04:00:00+00:00,2026-08-03 20:00:00+00:00,SHEPD,N/EAST,2400,mains_2n,IT Power 2N + Direct Utility 2N,0.0106857207287999,0.1989065018433035,1.0,0.05
2026-08-02 04:00:00+00:00,2026-08-03 20:00:00+00:00,SHEPD,N/EAST,2400,ups_2n,IT Power 2N + UPS 2N,0.0106857207287999,0.09348798565795635,1.0,9.0
2026-08-02 04:00:00+00:00,2026-08-03 20:00:00+00:00,SHEPD,N/EAST,2400,ups_dr,IT Power 2N + UPS Distributed Redundancy,0.0106857207287999,0.13441691717977927,1.0,6.75
2026-08-02 07:00:00+00:00,2026-08-04 00:00:00+00:00,SHEPD,N/EAST,2460,hvdc_2n,IT Power 2N + HVDC 2N,0.0135226046122012,0.07037341353845288,1.0,8.9
2026-08-02 07:00:00+00:00,2026-08-04 00:00:00+00:00,SHEPD,N/EAST,2460,mains_2n,IT Power 2N + Direct Utility 2N,0.0135226046122012,0.20346550513660397,1.0,0.05
2026-08-02 07:00:00+00:00,2026-08-04 00:00:00+00:00,SHEPD,N/EAST,2460,ups_2n,IT Power 2N + UPS 2N,0.0135226046122012,0.09641322699749227,1.0,9.0
2026-08-02 07:00:00+00:00,2026-08-04 00:00:00+00:00,SHEPD,N/EAST,2460,ups_dr,IT Power 2N + UPS Distributed Redundancy,0.0135226046122012,0.13808926934232246,1.0,6.75
2026-08-01 13:00:00+00:00,2026-08-03 07:00:00+00:00,SHEPD,N/EAST,2520,hvdc_2n,IT Power 2N + HVDC 2N,0.0113672749343986,0.06863113779691844,1.0,8.9
2026-08-01 13:00:00+00:00,2026-08-03 07:00:00+00:00,SHEPD,N/EAST,2520,mains_2n,IT Power 2N + Direct Utility 2N,0.0113672749343986,0.19999473772614285,1.0,0.05
2026-08-01 13:00:00+00:00,2026-08-03 07:00:00+00:00,SHEPD,N/EAST,2520,ups_2n,IT Power 2N + UPS 2N,0.0113672749343986,0.0941834180233313,1.0,9.0
2026-08-01 13:00:00+00:00,2026-08-03 07:00:00+00:00,SHEPD,N/EAST,2520,ups_dr,IT Power 2N + UPS Distributed Redundancy,0.0113672749343986,0.13529159012121902,1.0,6.75
2026-07-31 10:00:00+00:00,2026-08-02 05:00:00+00:00,SHEPD,N/EAST,2580,hvdc_2n,IT Power 2N + HVDC 2N,0.0216975027495151,0.07735914772039236,1.0,8.9
2026-07-31 10:00:00+00:00,2026-08-02 05:00:00+00:00,SHEPD,N/EAST,2580,mains_2n,IT Power 2N + Direct Utility 2N,0.0216975027495151,0.2170357462958219,1.0,0.05
2026-07-31 10:00:00+00:00,2026-08-02 05:00:00+00:00,SHEPD,N/EAST,2580,ups_2n,IT Power 2N + UPS 2N,0.0216975027495151,0.10530424718689306,1.0,9.0
2026-07-31 10:00:00+00:00,2026-08-02 05:00:00+00:00,SHEPD,N/EAST,2580,ups_dr,IT Power 2N + UPS Distributed Redundancy,0.0216975027495151,0.14914439968690432,1.0,6.75
2026-07-31 06:00:00+00:00,2026-08-02 02:00:00+00:00,SHEPD,N/EAST,2640,hvdc_2n,IT Power 2N + HVDC 2N,0.0087951922006709,0.06660429932690433,1.0,8.9
2026-07-31 06:00:00+00:00,2026-08-02 02:00:00+00:00,SHEPD,N/EAST,2640,mains_2n,IT Power 2N + Direct Utility 2N,0.0087951922006709,0.19591122166119268,1.0,0.05
2026-07-31 06:00:00+00:00,2026-08-02 02:00:00+00:00,SHEPD,N/EAST,2640,ups_2n,IT Power 2N + UPS 2N,0.0087951922006709,0.09158301378971284,1.0,9.0
2026-07-31 06:00:00+00:00,2026-08-02 02:00:00+00:00,SHEPD,N/EAST,2640,ups_dr,IT Power 2N + UPS Distributed Redundancy,0.0087951922006709,0.1320156869644015,1.0,6.75
2026-08-01 14:00:00+00:00,2026-08-03 11:00:00+00:00,SHEPD,N/EAST,2700,hvdc_2n,IT Power 2N + HVDC 2N,0.0131640806638942,0.0700807900201431,1.0,8.9
2026-08-01 14:00:00+00:00,2026-08-03 11:00:00+00:00,SHEPD,N/EAST,2700,mains_2n,IT Power 2N + Direct Utility 2N,0.0131640806638942,0.20288507278430426,1.0,0.05
2026-08-01 14:00:00+00:00,2026-08-03 11:00:00+00:00,SHEPD,N/EAST,2700,ups_2n,IT Power 2N + UPS 2N,0.0131640806638942,0.0960390717847062,1.0,9.0
2026-08-01 14:00:00+00:00,2026-08-03 11:00:00+00:00,SHEPD,N/EAST,2700,ups_dr,IT Power 2N + UPS Distributed Redundancy,0.0131640806638942,0.13762054976803217,1.0,6.75
2026-08-02 01:00:00+00:00,2026-08-03 23:00:00+00:00,SHEPD,N/EAST,2760,hvdc_2n,IT Power 2N + HVDC 2N,0.013064508214279,0.06999971986066394,1.0,8.9
2026-08-02 01:00:00+00:00,2026-08-03 23:00:00+00:00,SHEPD,N/EAST,2760,mains_2n,IT Power 2N + Direct Utility 2N,0.013064508214279,0.20272408914983192,1.0,0.05
2026-08-02 01:00:00+00:00,2026-08-03 23:00:00+00:00,SHEPD,N/EAST,2760,ups_2n,IT Power 2N + UPS 2N,0.013064508214279,0.0959353885770957,1.0,9.0
2026-08-02 01:00:00+00:00,2026-08-03 23:00:00+00:00,SHEPD,N/EAST,2760,ups_dr,IT Power 2N + UPS Distributed Redundancy,0.013064508214279,0.13749061027206674,1.0,6.75
2026-07-28 09:00:00+00:00,2026-07-30 08:00:00+00:00,SHEPD,N/EAST,2820,hvdc_2n,IT Power 2N + HVDC 2N,0.0158665794001284,0.07231452379367846,1.0,8.9
2026-07-28 09:00:00+00:00,2026-07-30 08:00:00+00:00,SHEPD,N/EAST,2820,mains_2n,IT Power 2N + Direct Utility 2N,0.0158665794001284,0.20729073449321875,1.0,0.05
2026-07-28 09:00:00+00:00,2026-07-30 08:00:00+00:00,SHEPD,N/EAST,2820,ups_2n,IT Power 2N + UPS 2N,0.0158665794001284,0.09889161899819512,1.0,9.0
2026-07-28 09:00:00+00:00,2026-07-30 08:00:00+00:00,SHEPD,N/EAST,2820,ups_dr,IT Power 2N + UPS Distributed Redundancy,0.0158665794001284,0.1411867967627968,1.0,6.75
2026-08-02 00:00:00+00:00,2026-08-04 00:00:00+00:00,SHEPD,N/EAST,2880,hvdc_2n,IT Power 2N + HVDC 2N,0.0136569758510605,0.07048337661780504,1.0,8.9
2026-08-02 00:00:00+00:00,2026-08-04 00:00:00+00:00,SHEPD,N/EAST,2880,mains_2n,IT Power 2N + Direct Utility 2N,0.0136569758510605,0.20368336374099463,1.0,0.05
2026-08-02 00:00:00+00:00,2026-08-04 00:00:00+00:00,SHEPD,N/EAST,2880,ups_2n,IT Power 2N + UPS 2N,0.0136569758510605,0.09655379182793863,1.0,9.0
2026-08-02 00:00:00+00:00,2026-08-04 00:00:00+00:00,SHEPD,N/EAST,2880,ups_dr,IT Power 2N + UPS Distributed Redundancy,0.0136569758510605,0.1382652859018132,1.0,6.75
2026-08-04 00:00:00+00:00,2026-08-04 01:00:00+00:00,SHEPD,ORKN,60,hvdc_2n,IT Power 2N + HVDC 2N,0.0089734772879701,0.06674297892588602,1.0,8.9
2026-08-04 00:00:00+00:00,2026-08-04 01:00:00+00:00,SHEPD,ORKN,60,mains_2n,IT Power 2N + Direct Utility 2N,0.0089734772879701,0.19619222645665554,1.0,0.05
2026-08-04 00:00:00+00:00,2026-08-04 01:00:00+00:00,SHEPD,ORKN,60,ups_2n,IT Power 2N + UPS 2N,0.0089734772879701,0.09176115972501678,1.0,9.0
2026-08-04 00:00:00+00:00,2026-08-04 01:00:00+00:00,SHEPD,ORKN,60,ups_dr,IT Power 2N + UPS Distributed Redundancy,0.0089734772879701,0.13224057093953584,1.0,6.75
2026-08-03 12:00:00+00:00,2026-08-03 14:00:00+00:00,SHEPD,ORKN,120,hvdc_2n,IT Power 2N + HVDC 2N,0.0178933004509248,0.07403258270742065,1.0,8.9
2026-08-03 12:00:00+00:00,2026-08-03 14:00:00+00:00,SHEPD,ORKN,120,mains_2n,IT Power 2N + Direct Utility 2N,0.0178933004509248,0.21064082800813164,1.0,0.05
2026-08-03 12:00:00+00:00,2026-08-03 14:00:00+00:00,SHEPD,ORKN,120,ups_2n,IT Power 2N + UPS 2N,0.0178933004509248,0.10108012408588735,1.0,9.0
2026-08-03 12:00:00+00:00,2026-08-03 14:00:00+00:00,SHEPD,ORKN,120,ups_dr,IT Power 2N + UPS Distributed Redundancy,0.0178933004509248,0.14391168927368445,1.0,6.75
2026-08-02 19:00:00+00:00,2026-08-02 22:00:00+00:00,SHEPD,ORKN,180,hvdc_2n,IT Power 2N + HVDC 2N,0.0103099640363727,0.06779113562720206,1.0,8.9
2026-08-02 19:00:00+00:00,2026-08-02 22:00:00+00:00,SHEPD,ORKN,180,mains_2n,IT Power 2N + Direct Utility 2N,0.0103099640363727,0.19830843830418715,1.0,0.05
2026-08-02 19:00:00+00:00,2026-08-02 22:00:00+00:00,SHEPD,ORKN,180,ups_2n,IT Power 2N + UPS 2N,0.0103099640363727,0.09310655001621872,1.0,9.0
2026-08-02 19:00:00+00:00,2026-08-02 22:00:00+00:00,SHEPD,ORKN,180,ups_dr,IT Power 2N + UPS Distributed Redundancy,0.0103099640363727,0.13393673534433445,1.0,6.75
2026-08-02 22:00:00+00:00,2026-08-03 02:00:00+00:00,SHEPD,ORKN,240,hvdc_2n,IT Power 2N + HVDC 2N,0.0087827809067167,0.06659465513299107,1.0,8.9
2026-08-02 22:00:00+00:00,2026-08-03 02:00:00+00:00,SHEPD,ORKN,240,mains_2n,IT Power 2N + Direct Utility 2N,0.0087827809067167,0.19589167088587656,1.0,0.05
2026-08-02 22:00:00+00:00,2026-08-03 02:00:00+00:00,SHEPD,ORKN,240,ups_2n,IT Power 2N + UPS 2N,0.0087827809067167,0.0915706237679828,1.0,9.0
2026-08-02 22:00:00+00:00,2026-08-03 02:00:00+00:00,SHEPD,ORKN,240,ups_dr,IT Power 2N + UPS Distributed Redundancy,0.0087827809067167,0.1320000437735221,1.0,6.75
2026-08-03 07:00:00+00:00,2026-08-03 12:00:00+00:00,SHEPD,ORKN,300,hvdc_2n,IT Power 2N + HVDC 2N,0.0231137200270624,0.07863216527182358,1.0,8.9
2026-08-03 07:00:00+00:00,2026-08-03 12:00:00+00:00,SHEPD,ORKN,300,mains_2n,IT Power 2N + Direct Utility 2N,0.0231137200270624,0.21945198417051617,1.0,0.05
2026-08-03 07:00:00+00:00,2026-08-03 12:00:00+00:00,SHEPD,ORKN,300,ups_2n,IT Power 2N + UPS 2N,0.0231137200270624,0.10691617209312491,1.0,9.0
2026-08-03 07:00:00+00:00,2026-08-03 12:00:00+00:00,SHEPD,ORKN,300,ups_dr,IT Power 2N + UPS Distributed Redundancy,0.0231137200270624,0.15113212705380066,1.0,6.75
2026-07-31 20:00:00+00:00,2026-08-01 02:00:00+00:00,SHEPD,ORKN,360,hvdc_2n,IT Power 2N + HVDC 2N,0.0071040240541147,0.06530206832887224,1.0,8.9
2026-07-31 20:00:00+00:00,2026-08-01 02:00:00+00:00,SHEPD,ORKN,360,mains_2n,IT Power 2N + Direct Utility 2N,0.0071040240541147,0.1932608175046086,1.0,0.05
2026-07-31 20:00:00+00:00,2026-08-01 02:00:00+00:00,SHEPD,ORKN,360,ups_2n,IT Power 2N + UPS 2N,0.0071040240541147,0.08990857741041779,1.0,9.0
2026-07-31 20:00:00+00:00,2026-08-01 02:00:00+00:00,SHEPD,ORKN,360,ups_dr,IT Power 2N + UPS Distributed Redundancy,0.0071040240541147,0.12989858588082157,1.0,6.75
2026-08-02 05:00:00+00:00,2026-08-02 12:00:00+00:00,SHEPD,ORKN,420,hvdc_2n,IT Power 2N + HVDC 2N,0.0146834774841261,0.07132867035517429,1.0,8.9
2026-08-02 05:00:00+00:00,2026-08-02 12:00:00+00:00,SHEPD,ORKN,420,mains_2n,IT Power 2N + Direct Utility 2N,0.0146834774841261,0.20535337797001138,1.0,0.05
2026-08-02 05:00:00+00:00,2026-08-02 12:00:00+00:00,SHEPD,ORKN,420,ups_2n,IT Power 2N + UPS 2N,0.0146834774841261,0.09763365985145264,1.0,9.0
2026-08-02 05:00:00+00:00,2026-08-02 12:00:00+00:00,SHEPD,ORKN,420,ups_dr,IT Power 2N + UPS Distributed Redundancy,0.0146834774841261,0.13961615094745813,1.0,6.75
2026-07-31 07:00:00+00:00,2026-07-31 15:00:00+00:00,SHEPD,ORKN,480,hvdc_2n,IT Power 2N + HVDC 2N,0.0202463806139132,0.07607436470147773,1.0,8.9
2026-07-31 07:00:00+00:00,2026-07-31 15:00:00+00:00,SHEPD,ORKN,480,mains_2n,IT Power 2N + Direct Utility 2N,0.0202463806139132,0.2145799635089765,1.0,0.05
2026-07-31 07:00:00+00:00,2026-07-31 15:00:00+00:00,SHEPD,ORKN,480,ups_2n,IT Power 2N + UPS 2N,0.0202463806139132,0.10367487284461777,1.0,9.0
2026-07-31 07:00:00+00:00,2026-07-31 15:00:00+00:00,SHEPD,ORKN,480,ups_dr,IT Power 2N + UPS Distributed Redundancy,0.0202463806139132,0.14713009657630097,1.0,6.75
2026-07-30 14:00:00+00:00,2026-07-30 23:00:00+00:00,SHEPD,ORKN,540,hvdc_2n,IT Power 2N + HVDC 2N,0.0154996059523134,0.07200739609141704,1.0,8.9
2026-07-30 14:00:00+00:00,2026-07-30 23:00:00+00:00,SHEPD,ORKN,540,mains_2n,IT Power 2N + Direct Utility 2N,0.0154996059523134,0.20668836672345814,1.0,0.05
2026-07-30 14:00:00+00:00,2026-07-30 23:00:00+00:00,SHEPD,ORKN,540,ups_2n,IT Power 2N + UPS 2N,0.0154996059523134,0.09849989041413737,1.0,9.0
2026-07-30 14:00:00+00:00,2026-07-30 23:00:00+00:00,SHEPD,ORKN,540,ups_dr,IT Power 2N + UPS Distributed Redundancy,0.0154996059523134,0.1406980420605711,1.0,6.75
2026-07-30 05:00:00+00:00,2026-07-30 15:00:00+00:00,SHEPD,ORKN,600,hvdc_2n,IT Power 2N + HVDC 2N,0.0199177248138648,0.07578611400900881,1.0,8.9
2026-07-30 05:00:00+00:00,2026-07-30 15:00:00+00:00,SHEPD,ORKN,600,mains_2n,IT Power 2N + Direct Utility 2N,0.0199177248138648,0.21402658173025402,1.0,0.05
2026-07-30 05:00:00+00:00,2026-07-30 15:00:00+00:00,SHEPD,ORKN,600,ups_2n,IT Power 2N + UPS 2N,0.0199177248138648,0.10330895568865948,1.0,9.0
2026-07-30 05:00:00+00:00,2026-07-30 15:00:00+00:00,SHEPD,ORKN,600,ups_dr,IT Power 2N + UPS Distributed Redundancy,0.0199177248138648,0.14667702778638755,1.0,6.75
2026-08-02 01:00:00+00:00,2026-08-02 12:00:00+00:00,SHEPD,ORKN,660,hvdc_2n,IT Power 2N + HVDC 2N,0.0153268735294562,0.07186324956440086,1.0,8.9
2026-08-02 01:00:00+00:00,2026-08-02 12:00:00+00:00,SHEPD,ORKN,660,mains_2n,IT Power 2N + Direct Utility 2N,0.0153268735294562,0.20640528382342493,1.0,0.05
2026-08-02 01:00:00+00:00,2026-08-02 12:00:00+00:00,SHEPD,ORKN,660,ups_2n,IT Power 2N + UPS 2N,0.0153268735294562,0.09831598470729584,1.0,9.0
2026-08-02 01:00:00+00:00,2026-08-02 12:00:00+00:00,SHEPD,ORKN,660,ups_dr,IT Power 2N + UPS Distributed Redundancy,0.0153268735294562,0.14046847800663856,1.0,6.75
2026-08-03 08:00:00+00:00,2026-08-03 20:00:00+00:00,SHEPD,ORKN,720,hvdc_2n,IT Power 2N + HVDC 2N,0.019350140175454,0.07529066858932712,1.0,8.9
2026-08-03 08:00:00+00:00,2026-08-03 20:00:00+00:00,SHEPD,ORKN,720,mains_2n,IT Power 2N + Direct Utility 2N,0.019350140175454,0.2130733451658419,1.0,0.05
2026-08-03 08:00:00+00:00,2026-08-03 20:00:00+00:00,SHEPD,ORKN,720,ups_2n,IT Power 2N + UPS 2N,0.019350140175454,0.1026797115427972,1.0,9.0
2026-08-03 08:00:00+00:00,2026-08-03 20:00:00+00:00,SHEPD,ORKN,720,ups_dr,IT Power 2N + UPS Distributed Redundancy,0.019350140175454,0.1458973045567655,1.0,6.75
2026-08-01 18:00:00+00:00,2026-08-02 07:00:00+00:00,SHEPD,ORKN,780,hvdc_2n,IT Power 2N + HVDC 2N,0.0123052849282838,0.06938441975000398,1.0,8.9
2026-08-01 18:00:00+00:00,2026-08-02 07:00:00+00:00,SHEPD,ORKN,780,mains_2n,IT Power 2N + Direct Utility 2N,0.0123052849282838,0.20149974828382042,1.0,0.05
2026-08-01 18:00:00+00:00,2026-08-02 07:00:00+00:00,SHEPD,ORKN,780,ups_2n,IT Power 2N + UPS 2N,0.0123052849282838,0.09514810671256492,1.0,9.0
2026-08-01 18:00:00+00:00,2026-08-02 07:00:00+00:00,SHEPD,ORKN,780,ups_dr,IT Power 2N + UPS Distributed Redundancy,0.0123052849282838,0.1365032316326808,1.0,6.75
2026-08-02 05:00:00+00:00,2026-08-02 19:00:00+00:00,SHEPD,ORKN,840,hvdc_2n,IT Power 2N + HVDC 2N,0.0137444959016991,0.07055508427137798,1.0,8.9
2026-08-02 05:00:00+00:00,2026-08-02 19:00:00+00:00,SHEPD,ORKN,840,mains_2n,IT Power 2N + Direct Utility 2N,0.0137444959016991,0.20382535497155158,1.0,0.05
2026-08-02 05:00:00+00:00,2026-08-02 19:00:00+00:00,SHEPD,ORKN,840,ups_2n,IT Power 2N + UPS 2N,0.0137444959016991,0.09664544435757201,1.0,9.0
2026-08-02 05:00:00+00:00,2026-08-02 19:00:00+00:00,SHEPD,ORKN,840,ups_dr,IT Power 2N + UPS Distributed Redundancy,0.0137444959016991,0.13838003207891403,1.0,6.75
2026-08-02 04:00:00+00:00,2026-08-02 19:00:00+00:00,SHEPD,ORKN,900,hvdc_2n,IT Power 2N + HVDC 2N,0.0141872499039369,0.07091887933190731,1.0,8.9
2026-08-02 04:00:00+00:00,2026-08-02 19:00:00+00:00,SHEPD,ORKN,900,mains_2n,IT Power 2N + Direct Utility 2N,0.0141872499039369,0.20454480098510286,1.0,0.05
2026-08-02 04:00:00+00:00,2026-08-02 19:00:00+00:00,SHEPD,ORKN,900,ups_2n,IT Power 2N + UPS 2N,0.0141872499039369,0.09711029566226338,1.0,9.0
2026-08-02 04:00:00+00:00,2026-08-02 19:00:00+00:00,SHEPD,ORKN,900,ups_dr,IT Power 2N + UPS Distributed Redundancy,0.0141872499039369,0.1389617454611119,1.0,6.75
2026-08-02 13:00:00+00:00,2026-08-03 05:00:00+00:00,SHEPD,ORKN,960,hvdc_2n,IT Power 2N + HVDC 2N,0.0103582575893959,0.06782929477109557,1.0,8.9
2026-08-02 13:00:00+00:00,2026-08-03 05:00:00+00:00,SHEPD,ORKN,960,mains_2n,IT Power 2N + Direct Utility 2N,0.0103582575893959,0.19838522764454322,1.0,0.05
2026-08-02 13:00:00+00:00,2026-08-03 05:00:00+00:00,SHEPD,ORKN,960,ups_2n,IT Power 2N + UPS 2N,0.0103582575893959,0.09315549512660448,1.0,9.0
2026-08-02 13:00:00+00:00,2026-08-03 05:00:00+00:00,SHEPD,ORKN,960,ups_dr,IT Power 2N + UPS Distributed Redundancy,0.0103582575893959,0.13399836867285164,1.0,6.75
2026-07-31 20:00:00+00:00,2026-08-01 13:00:00+00:00,SHEPD,ORKN,1020,hvdc_2n,IT Power 2N + HVDC 2N,0.0151193739541963,0.07169044158342382,1.0,8.9
2026-07-31 20:00:00+00:00,2026-08-01 13:00:00+00:00,SHEPD,ORKN,1020,mains_2n,IT Power 2N + Direct Utility 2N,0.0151193739541963,0.20606560213180475,1.0,0.05
2026-07-31 20:00:00+00:00,2026-08-01 13:00:00+00:00,SHEPD,ORKN,1020,ups_2n,IT Power 2N + UPS 2N,0.0151193739541963,0.09809546745234915,1.0,9.0
2026-07-31 20:00:00+00:00,2026-08-01 13:00:00+00:00,SHEPD,ORKN,1020,ups_dr,IT Power 2N + UPS Distributed Redundancy,0.0151193739541963,0.1401931222593893,1.0,6.75
2026-07-30 20:00:00+00:00,2026-07-31 14:00:00+00:00,SHEPD,ORKN,1080,hvdc_2n,IT Power 2N + HVDC 2N,0.0200409649830078,0.07589408528808049,1.0,8.9
2026-07-30 20:00:00+00:00,2026-07-31 14:00:00+00:00,SHEPD,ORKN,1080,mains_2n,IT Power 2N + Direct Utility 2N,0.0200409649830078,0.21423396842574774,1.0,0.05
2026-07-30 20:00:00+00:00,2026-07-31 14:00:00+00:00,SHEPD,ORKN,1080,ups_2n,IT Power 2N + UPS 2N,0.0200409649830078,0.1034460341162058,1.0,9.0
2026-07-30 20:00:00+00:00,2026-07-31 14:00:00+00:00,SHEPD,ORKN,1080,ups_dr,IT Power 2N + UPS Distributed Redundancy,0.0200409649830078,0.146846785106517,1.0,6.75
2026-07-31 03:00:00+00:00,2026-07-31 22:00:00+00:00,SHEPD,ORKN,1140,hvdc_2n,IT Power 2N + HVDC 2N,0.0174244482963493,0.07363182632026742,1.0,8.9
2026-07-31 03:00:00+00:00,2026-07-31 22:00:00+00:00,SHEPD,ORKN,1140,mains_2n,IT Power 2N + Direct Utility 2N,0.0174244482963493,0.2098623191813698,1.0,0.05
2026-07-31 03:00:00+00:00,2026-07-31 22:00:00+00:00,SHEPD,ORKN,1140,ups_2n,IT Power 2N + UPS 2N,0.0174244482963493,0.10057005485690315,1.0,9.0
2026-07-31 03:00:00+00:00,2026-07-31 22:00:00+00:00,SHEPD,ORKN,1140,ups_dr,IT Power 2N + UPS Distributed Redundancy,0.0174244482963493,0.14327746123672505,1.0,6.75
2026-08-01 13:00:00+00:00,2026-08-02 09:00:00+00:00,SHEPD,ORKN,1200,hvdc_2n,IT Power 2N + HVDC 2N,0.0138379002846465,0.07063168748695858,1.0,8.9
2026-08-01 13:00:00+00:00,2026-08-02 09:00:00+00:00,SHEPD,ORKN,1200,mains_2n,IT Power 2N + Direct Utility 2N,0.0138379002846465,0.2039769740785115,1.0,0.05
2026-08-01 13:00:00+00:00,2026-08-02 09:00:00+00:00,SHEPD,ORKN,1200,ups_2n,IT Power 2N + UPS 2N,0.0138379002846465,0.0967433447588535,1.0,9.0
2026-08-01 13:00:00+00:00,2026-08-02 09:00:00+00:00,SHEPD,ORKN,1200,ups_dr,IT Power 2N + UPS Distributed Redundancy,0.0138379002846465,0.138502581277355,1.0,6.75
2026-08-01 10:00:00+00:00,2026-08-02 07:00:00+00:00,SHEPD,ORKN,1260,hvdc_2n,IT Power 2N + HVDC 2N,0.0162658595766245,0.07265006137770165,1.0,8.9
2026-08-01 10:00:00+00:00,2026-08-02 07:00:00+00:00,SHEPD,ORKN,1260,mains_2n,IT Power 2N + Direct Utility 2N,0.0162658595766245,0.20794760364358036,1.0,0.05
2026-08-01 10:00:00+00:00,2026-08-02 07:00:00+00:00,SHEPD,ORKN,1260,ups_2n,IT Power 2N + UPS 2N,0.0162658595766245,0.09931940851001156,1.0,9.0
2026-08-01 10:00:00+00:00,2026-08-02 07:00:00+00:00,SHEPD,ORKN,1260,ups_dr,IT Power 2N + UPS Distributed Redundancy,0.0162658595766245,0.14172018998523675,1.0,6.75
2026-08-02 22:00:00+00:00,2026-08-03 20:00:00+00:00,SHEPD,ORKN,1320,hvdc_2n,IT Power 2N + HVDC 2N,0.015296067515355,0.0718375696989224,1.0,8.9
2026-08-02 22:00:00+00:00,2026-08-03 20:00:00+00:00,SHEPD,ORKN,1320,mains_2n,IT Power 2N + Direct Utility 2N,0.015296067515355,0.20635482747618208,1.0,0.05
2026-08-02 22:00:00+00:00,2026-08-03 20:00:00+00:00,SHEPD,ORKN,1320,ups_2n,IT Power 2N + UPS 2N,0.015296067515355,0.09828321815321633,1.0,9.0
2026-08-02 22:00:00+00:00,2026-08-03 20:00:00+00:00,SHEPD,ORKN,1320,ups_dr,IT Power 2N + UPS Distributed Redundancy,0.015296067515355,0.1404275692793961,1.0,6.75
2026-08-01 15:00:00+00:00,2026-08-02 14:00:00+00:00,SHEPD,ORKN,1380,hvdc_2n,IT Power 2N + HVDC 2N,0.0148784221834128,0.07149025544794355,1.0,8.9
2026-08-01 15:00:00+00:00,2026-08-02 14:00:00+00:00,SHEPD,ORKN,1380,mains_2n,IT Power 2N + Direct Utility 2N,0.0148784221834128,0.20567167802639366,1.0,0.05
2026-08-01 15:00:00+00:00,2026-08-02 14:00:00+00:00,SHEPD,ORKN,1380,ups_2n,IT Power 2N + UPS 2N,0.0148784221834128,0.09783995257803782,1.0,9.0
2026-08-01 15:00:00+00:00,2026-08-02 14:00:00+00:00,SHEPD,ORKN,1380,ups_dr,IT Power 2N + UPS Distributed Redundancy,0.0148784221834128,0.13987394186598184,1.0,6.75
2026-08-01 19:00:00+00:00,2026-08-02 19:00:00+00:00,SHEPD,ORKN,1440,hvdc_2n,IT Power 2N + HVDC 2N,0.0137814926571482,0.07058541702761133,1.0,8.9
2026-08-01 19:00:00+00:00,2026-08-02 19:00:00+00:00,SHEPD,ORKN,1440,mains_2n,IT Power 2N + Direct Utility 2N,0.0137814926571482,0.20388540009950373,1.0,0.05
2026-08-01 19:00:00+00:00,2026-08-02 19:00:00+00:00,SHEPD,ORKN,1440,ups_2n,IT Power 2N + UPS 2N,0.0137814926571482,0.09668421136538177,1.0,9.0
2026-08-01 19:00:00+00:00,2026-08-02 19:00:00+00:00,SHEPD,ORKN,1440,ups_dr,IT Power 2N + UPS Distributed Redundancy,0.0137814926571482,0.1384285619813667,1.0,6.75
2026-07-31 20:00:00+00:00,2026-08-01 21:00:00+00:00,SHEPD,ORKN,1500,hvdc_2n,IT Power 2N + HVDC 2N,0.0116526096514389,0.0688594745295714,1.0,8.9
2026-07-31 20:00:00+00:00,2026-08-01 21:00:00+00:00,SHEPD,ORKN,1500,mains_2n,IT Power 2N + Direct Utility 2N,0.0116526096514389,0.200451655084285,1.0,0.05
2026-07-31 20:00:00+00:00,2026-08-01 21:00:00+00:00,SHEPD,ORKN,1500,ups_2n,IT Power 2N + UPS 2N,0.0116526096514389,0.09447593699160914,1.0,9.0
2026-07-31 20:00:00+00:00,2026-08-01 21:00:00+00:00,SHEPD,ORKN,1500,ups_dr,IT Power 2N + UPS Distributed Redundancy,0.0116526096514389,0.13565919803440663,1.0,6.75
2026-07-31 04:00:00+00:00,2026-08-01 06:00:00+00:00,SHEPD,ORKN,1560,hvdc_2n,IT Power 2N + HVDC 2N,0.0156570973130038,0.07213905622893704,1.0,8.9
2026-07-31 04:00:00+00:00,2026-08-01 06:00:00+00:00,SHEPD,ORKN,1560,mains_2n,IT Power 2N + Direct Utility 2N,0.0156570973130038,0.20694672189915453,1.0,0.05
2026-07-31 04:00:00+00:00,2026-08-01 06:00:00+00:00,SHEPD,ORKN,1560,ups_2n,IT Power 2N + UPS 2N,0.0156570973130038,0.09866783617569466,1.0,9.0
2026-07-31 04:00:00+00:00,2026-08-01 06:00:00+00:00,SHEPD,ORKN,1560,ups_dr,IT Power 2N + UPS Distributed Redundancy,0.0156570973130038,0.1409076238675776,1.0,6.75
2026-07-30 10:00:00+00:00,2026-07-31 13:00:00+00:00,SHEPD,ORKN,1620,hvdc_2n,IT Power 2N + HVDC 2N,0.0230677952989741,0.07859058523806722,1.0,8.9
2026-07-30 10:00:00+00:00,2026-07-31 13:00:00+00:00,SHEPD,ORKN,1620,mains_2n,IT Power 2N + Direct Utility 2N,0.0230677952989741,0.21937332854835956,1.0,0.05
2026-07-30 10:00:00+00:00,2026-07-31 13:00:00+00:00,SHEPD,ORKN,1620,ups_2n,IT Power 2N + UPS 2N,0.0230677952989741,0.10686356196185921,1.0,9.0
2026-07-30 10:00:00+00:00,2026-07-31 13:00:00+00:00,SHEPD,ORKN,1620,ups_dr,IT Power 2N + UPS Distributed Redundancy,0.0230677952989741,0.15106732934812744,1.0,6.75
2026-08-02 08:00:00+00:00,2026-08-03 12:00:00+00:00,SHEPD,ORKN,1680,hvdc_2n,IT Power 2N + HVDC 2N,0.0144092467824622,0.07110193767054115,1.0,8.9
2026-08-02 08:00:00+00:00,2026-08-03 12:00:00+00:00,SHEPD,ORKN,1680,mains_2n,IT Power 2N + Direct Utility 2N,0.0144092467824622,0.20490624064691373,1.0,0.05
2026-08-02 08:00:00+00:00,2026-08-03 12:00:00+00:00,SHEPD,ORKN,1680,ups_2n,IT Power 2N + UPS 2N,0.0144092467824622,0.09734412241866859,1.0,9.0
2026-08-02 08:00:00+00:00,2026-08-03 12:00:00+00:00,SHEPD,ORKN,1680,ups_dr,IT Power 2N + UPS Distributed Redundancy,0.0144092467824622,0.1392541877040046,1.0,6.75
2026-08-01 14:00:00+00:00,2026-08-02 19:00:00+00:00,SHEPD,ORKN,1740,hvdc_2n,IT Power 2N + HVDC 2N,0.0148839579910365,0.07149484887892125,1.0,8.9
2026-08-01 14:00:00+00:00,2026-08-02 19:00:00+00:00,SHEPD,ORKN,1740,mains_2n,IT Power 2N + Direct Utility 2N,0.0148839579910365,0.20568072206910387,1.0,0.05
2026-08-01 14:00:00+00:00,2026-08-02 19:00:00+00:00,SHEPD,ORKN,1740,ups_2n,IT Power 2N + UPS 2N,0.0148839579910365,0.09784581630394584,1.0,9.0
2026-08-01 14:00:00+00:00,2026-08-02 19:00:00+00:00,SHEPD,ORKN,1740,ups_dr,IT Power 2N + UPS Distributed Redundancy,0.0148839579910365,0.1398812681224478,1.0,6.75
2026-07-31 19:00:00+00:00,2026-08-02 01:00:00+00:00,SHEPD,ORKN,1800,hvdc_2n,IT Power 2N + HVDC 2N,0.0121720478263393,0.06927695747834414,1.0,8.9
2026-07-31 19:00:00+00:00,2026-08-02 01:00:00+00:00,SHEPD,ORKN,1800,mains_2n,IT Power 2N + Direct Utility 2N,0.0121720478263393,0.20128545824250224,1.0,0.05
2026-07-31 19:00:00+00:00,2026-08-02 01:00:00+00:00,SHEPD,ORKN,1800,ups_2n,IT Power 2N + UPS 2N,0.0121720478263393,0.09501054329528302,1.0,9.0
2026-07-31 19:00:00+00:00,2026-08-02 01:00:00+00:00,SHEPD,ORKN,1800,ups_dr,IT Power 2N + UPS Distributed Redundancy,0.0121720478263393,0.1363305722718638,1.0,6.75
2026-08-02 17:00:00+00:00,2026-08-04 00:00:00+00:00,SHEPD,ORKN,1860,hvdc_2n,IT Power 2N + HVDC 2N,0.0164131238974096,0.07277417768381432,1.0,8.9
2026-08-02 17:00:00+00:00,2026-08-04 00:00:00+00:00,SHEPD,ORKN,1860,mains_2n,IT Power 2N + Direct Utility 2N,0.0164131238974096,0.20819026024899884,1.0,0.05
2026-08-02 17:00:00+00:00,2026-08-04 00:00:00+00:00,SHEPD,ORKN,1860,ups_2n,IT Power 2N + UPS 2N,0.0164131238974096,0.09947760295200042,1.0,9.0
2026-08-02 17:00:00+00:00,2026-08-04 00:00:00+00:00,SHEPD,ORKN,1860,ups_dr,IT Power 2N + UPS Distributed Redundancy,0.0164131238974096,0.14191734275380424,1.0,6.75
2026-08-02 04:00:00+00:00,2026-08-03 12:00:00+00:00,SHEPD,ORKN,1920,hvdc_2n,IT Power 2N + HVDC 2N,0.0157953969792896,0.07225485547665132,1.0,8.9
2026-08-02 04:00:00+00:00,2026-08-03 12:00:00+00:00,SHEPD,ORKN,1920,mains_2n,IT Power 2N + Direct Utility 2N,0.0157953969792896,0.20717379099496896,1.0,0.05
2026-08-02 04:00:00+00:00,2026-08-03 12:00:00+00:00,SHEPD,ORKN,1920,ups_2n,IT Power 2N + UPS 2N,0.0157953969792896,0.09881552652221216,1.0,9.0
2026-08-02 04:00:00+00:00,2026-08-03 12:00:00+00:00,SHEPD,ORKN,1920,ups_dr,IT Power 2N + UPS Distributed Redundancy,0.0157953969792896,0.14109188146488277,1.0,6.75
2026-08-02 08:00:00+00:00,2026-08-03 17:00:00+00:00,SHEPD,ORKN,1980,hvdc_2n,IT Power 2N + HVDC 2N,0.013282500444548,0.07017731836543817,1.0,8.9
2026-08-02 08:00:00+00:00,2026-08-03 17:00:00+00:00,SHEPD,ORKN,1980,mains_2n,IT Power 2N + Direct Utility 2N,0.013282500444548,0.20307665185796422,1.0,0.05
2026-08-02 08:00:00+00:00,2026-08-03 17:00:00+00:00,SHEPD,ORKN,1980,ups_2n,IT Power 2N + UPS 2N,0.013282500444548,0.09616251079021632,1.0,9.0
2026-08-02 08:00:00+00:00,2026-08-03 17:00:00+00:00,SHEPD,ORKN,1980,ups_dr,IT Power 2N + UPS Distributed Redundancy,0.013282500444548,0.13777521888893984,1.0,6.75
2026-08-01 23:00:00+00:00,2026-08-03 09:00:00+00:00,SHEPD,ORKN,2040,hvdc_2n,IT Power 2N + HVDC 2N,0.0136517593691288,0.07047910473411521,1.0,8.9
2026-08-01 23:00:00+00:00,2026-08-03 09:00:00+00:00,SHEPD,ORKN,2040,mains_2n,IT Power 2N + Direct Utility 2N,0.0136517593691288,0.20367490292321375,1.0,0.05
2026-08-01 23:00:00+00:00,2026-08-03 09:00:00+00:00,SHEPD,ORKN,2040,ups_2n,IT Power 2N + UPS 2N,0.0136517593691288,0.09654833148878095,1.0,9.0
2026-08-01 23:00:00+00:00,2026-08-03 09:00:00+00:00,SHEPD,ORKN,2040,ups_dr,IT Power 2N + UPS Distributed Redundancy,0.0136517593691288,0.13825844917663666,1.0,6.75
2026-08-02 01:00:00+00:00,2026-08-03 12:00:00+00:00,SHEPD,ORKN,2100,hvdc_2n,IT Power 2N + HVDC 2N,0.0159186393160957,0.07235819152568117,1.0,8.9
2026-08-02 01:00:00+00:00,2026-08-03 12:00:00+00:00,SHEPD,ORKN,2100,mains_2n,IT Power 2N + Direct Utility 2N,0.0159186393160957,0.20737629305240765,1.0,0.05
2026-08-02 01:00:00+00:00,2026-08-03 12:00:00+00:00,SHEPD,ORKN,2100,ups_2n,IT Power 2N + UPS 2N,0.0159186393160957,0.09894730295011282,1.0,9.0
2026-08-02 01:00:00+00:00,2026-08-03 12:00:00+00:00,SHEPD,ORKN,2100,ups_dr,IT Power 2N + UPS Distributed Redundancy,0.0159186393160957,0.14125624771119485,1.0,6.75
2026-08-02 12:00:00+00:00,2026-08-04 00:00:00+00:00,SHEPD,ORKN,2160,hvdc_2n,IT Power 2N + HVDC 2N,0.010881723699215,0.06824419113960466,1.0,8.9
2026-08-02 12:00:00+00:00,2026-08-04 00:00:00+00:00,SHEPD,ORKN,2160,mains_2n,IT Power 2N + Direct Utility 2N,0.010881723699215,0.19921900260192937,1.0,0.05
2026-08-02 12:00:00+00:00,2026-08-04 00:00:00+00:00,SHEPD,ORKN,2160,ups_2n,IT Power 2N + UPS 2N,0.010881723699215,0.09368750660905643,1.0,9.0
2026-08-02 12:00:00+00:00,2026-08-04 00:00:00+00:00,SHEPD,ORKN,2160,ups_dr,IT Power 2N + UPS Distributed Redundancy,0.010881723699215,0.13466796722871074,1.0,6.75
2026-08-02 01:00:00+00:00,2026-08-03 14:00:00+00:00,SHEPD,ORKN,2220,hvdc_2n,IT Power 2N + HVDC 2N,0.0159186393160957,0.07235819152568117,1.0,8.9
2026-08-02 01:00:00+00:00,2026-08-03 14:00:00+00:00,SHEPD,ORKN,2220,mains_2n,IT Power 2N + Direct Utility 2N,0.0159186393160957,0.20737629305240765,1.0,0.05
2026-08-02 01:00:00+00:00,2026-08-03 14:00:00+00:00,SHEPD,ORKN,2220,ups_2n,IT Power 2N + UPS 2N,0.0159186393160957,0.09894730295011282,1.0,9.0
2026-08-02 01:00:00+00:00,2026-08-03 14:00:00+00:00,SHEPD,ORKN,2220,ups_dr,IT Power 2N + UPS Distributed Redundancy,0.0159186393160957,0.14125624771119485,1.0,6.75
2026-08-02 11:00:00+00:00,2026-08-04 01:00:00+00:00,SHEPD,ORKN,2280,hvdc_2n,IT Power 2N + HVDC 2N,0.0108955484606197,0.06825518038473162,1.0,8.9
2026-08-02 11:00:00+00:00,2026-08-04 01:00:00+00:00,SHEPD,ORKN,2280,mains_2n,IT Power 2N + Direct Utility 2N,0.0108955484606197,0.19924105827032504,1.0,0.05
2026-08-02 11:00:00+00:00,2026-08-04 01:00:00+00:00,SHEPD,ORKN,2280,ups_2n,IT Power 2N + UPS 2N,0.0108955484606197,0.09370159391064868,1.0,9.0
2026-08-02 11:00:00+00:00,2026-08-04 01:00:00+00:00,SHEPD,ORKN,2280,ups_dr,IT Power 2N + UPS Distributed Redundancy,0.0108955484606197,0.1346856895882552,1.0,6.75
2026-08-02 02:00:00+00:00,2026-08-03 17:00:00+00:00,SHEPD,ORKN,2340,hvdc_2n,IT Power 2N + HVDC 2N,0.015321071050521,0.07185841197593447,1.0,8.9
2026-08-02 02:00:00+00:00,2026-08-03 17:00:00+00:00,SHEPD,ORKN,2340,mains_2n,IT Power 2N + Direct Utility 2N,0.015321071050521,0.2063957794005211,1.0,0.05
2026-08-02 02:00:00+00:00,2026-08-03 17:00:00+00:00,SHEPD,ORKN,2340,ups_2n,IT Power 2N + UPS 2N,0.015321071050521,0.09830981220619883,1.0,9.0
2026-08-02 02:00:00+00:00,2026-08-03 17:00:00+00:00,SHEPD,ORKN,2340,ups_dr,IT Power 2N + UPS Distributed Redundancy,0.015321071050521,0.14046077186518413,1.0,6.75
2026-07-31 06:00:00+00:00,2026-08-01 22:00:00+00:00,SHEPD,ORKN,2400,hvdc_2n,IT Power 2N + HVDC 2N,0.0163586314399995,0.07272822796588155,1.0,8.9
2026-07-31 06:00:00+00:00,2026-08-01 22:00:00+00:00,SHEPD,ORKN,2400,mains_2n,IT Power 2N + Direct Utility 2N,0.0163586314399995,0.20810044531051602,1.0,0.05
2026-07-31 06:00:00+00:00,2026-08-01 22:00:00+00:00,SHEPD,ORKN,2400,ups_2n,IT Power 2N + UPS 2N,0.0163586314399995,0.09941903989682482,1.0,9.0
2026-07-31 06:00:00+00:00,2026-08-01 22:00:00+00:00,SHEPD,ORKN,2400,ups_dr,IT Power 2N + UPS Distributed Redundancy,0.0163586314399995,0.14184436332605083,1.0,6.75
2026-07-30 22:00:00+00:00,2026-08-01 15:00:00+00:00,SHEPD,ORKN,2460,hvdc_2n,IT Power 2N + HVDC 2N,0.0207944406068209,0.0765572843529673,1.0,8.9
2026-07-30 22:00:00+00:00,2026-08-01 15:00:00+00:00,SHEPD,ORKN,2460,mains_2n,IT Power 2N + Direct Utility 2N,0.0207944406068209,0.21550508344996736,1.0,0.05
2026-07-30 22:00:00+00:00,2026-08-01 15:00:00+00:00,SHEPD,ORKN,2460,ups_2n,IT Power 2N + UPS 2N,0.0207944406068209,0.10428761863308539,1.0,9.0
2026-07-30 22:00:00+00:00,2026-08-01 15:00:00+00:00,SHEPD,ORKN,2460,ups_dr,IT Power 2N + UPS Distributed Redundancy,0.0207944406068209,0.14788820033478606,1.0,6.75
2026-08-02 00:00:00+00:00,2026-08-03 18:00:00+00:00,SHEPD,ORKN,2520,hvdc_2n,IT Power 2N + HVDC 2N,0.0151125488720658,0.07168476409701523,1.0,8.9
2026-08-02 00:00:00+00:00,2026-08-03 18:00:00+00:00,SHEPD,ORKN,2520,mains_2n,IT Power 2N + Direct Utility 2N,0.0151125488720658,0.20605443634605589,1.0,0.05
2026-08-02 00:00:00+00:00,2026-08-03 18:00:00+00:00,SHEPD,ORKN,2520,ups_2n,IT Power 2N + UPS 2N,0.0151125488720658,0.09808822168570568,1.0,9.0
2026-08-02 00:00:00+00:00,2026-08-03 18:00:00+00:00,SHEPD,ORKN,2520,ups_dr,IT Power 2N + UPS Distributed Redundancy,0.0151125488720658,0.14018407292871174,1.0,6.75
2026-08-02 02:00:00+00:00,2026-08-03 21:00:00+00:00,SHEPD,ORKN,2580,hvdc_2n,IT Power 2N + HVDC 2N,0.0140199899554575,0.07078124465061134,1.0,8.9
2026-08-02 02:00:00+00:00,2026-08-03 21:00:00+00:00,SHEPD,ORKN,2580,mains_2n,IT Power 2N + Direct Utility 2N,0.0140199899554575,0.20427279312014235,1.0,0.05
2026-08-02 02:00:00+00:00,2026-08-03 21:00:00+00:00,SHEPD,ORKN,2580,ups_2n,IT Power 2N + UPS 2N,0.0140199899554575,0.09693445391646589,1.0,9.0
2026-08-02 02:00:00+00:00,2026-08-03 21:00:00+00:00,SHEPD,ORKN,2580,ups_dr,IT Power 2N + UPS Distributed Redundancy,0.0140199899554575,0.1387417499394013,1.0,6.75
2026-07-31 03:00:00+00:00,2026-08-01 23:00:00+00:00,SHEPD,ORKN,2640,hvdc_2n,IT Power 2N + HVDC 2N,0.0166114810923811,0.07294166459036384,1.0,8.9
2026-07-31 03:00:00+00:00,2026-08-01 23:00:00+00:00,SHEPD,ORKN,2640,mains_2n,IT Power 2N + Direct Utility 2N,0.0166114810923811,0.20851743555469457,1.0,0.05
2026-07-31 03:00:00+00:00,2026-08-01 23:00:00+00:00,SHEPD,ORKN,2640,ups_2n,IT Power 2N + UPS 2N,0.0166114810923811,0.09969103668733183,1.0,9.0
2026-07-31 03:00:00+00:00,2026-08-01 23:00:00+00:00,SHEPD,ORKN,2640,ups_dr,IT Power 2N + UPS Distributed Redundancy,0.0166114810923811,0.142183258783572,1.0,6.75
2026-08-01 14:00:00+00:00,2026-08-03 11:00:00+00:00,SHEPD,ORKN,2700,hvdc_2n,IT Power 2N + HVDC 2N,0.0164030374833933,0.07276567049180281,1.0,8.9
2026-08-01 14:00:00+00:00,2026-08-03 11:00:00+00:00,SHEPD,ORKN,2700,mains_2n,IT Power 2N + Direct Utility 2N,0.0164030374833933,0.2081736335798304,1.0,0.05
2026-08-01 14:00:00+00:00,2026-08-03 11:00:00+00:00,SHEPD,ORKN,2700,ups_2n,IT Power 2N + UPS 2N,0.0164030374833933,0.09946676076699845,1.0,9.0
2026-08-01 14:00:00+00:00,2026-08-03 11:00:00+00:00,SHEPD,ORKN,2700,ups_dr,IT Power 2N + UPS Distributed Redundancy,0.0164030374833933,0.1419038320859698,1.0,6.75
2026-07-31 13:00:00+00:00,2026-08-02 11:00:00+00:00,SHEPD,ORKN,2760,hvdc_2n,IT Power 2N + HVDC 2N,0.0169717003169086,0.07324673130218458,1.0,8.9
2026-07-31 13:00:00+00:00,2026-08-02 11:00:00+00:00,SHEPD,ORKN,2760,mains_2n,IT Power 2N + Direct Utility 2N,0.0169717003169086,0.20911255807191467,1.0,0.05
2026-07-31 13:00:00+00:00,2026-08-02 11:00:00+00:00,SHEPD,ORKN,2760,ups_2n,IT Power 2N + UPS 2N,0.0169717003169086,0.10007967650220151,1.0,9.0
2026-07-31 13:00:00+00:00,2026-08-02 11:00:00+00:00,SHEPD,ORKN,2760,ups_dr,IT Power 2N + UPS Distributed Redundancy,0.0169717003169086,0.14266722848269767,1.0,6.75
2026-08-02 02:00:00+00:00,2026-08-04 01:00:00+00:00,SHEPD,ORKN,2820,hvdc_2n,IT Power 2N + HVDC 2N,0.0107650383477472,0.0681515037468616,1.0,8.9
2026-08-02 02:00:00+00:00,2026-08-04 01:00:00+00:00,SHEPD,ORKN,2820,mains_2n,IT Power 2N + Direct Utility 2N,0.0107650383477472,0.19903291886747787,1.0,0.05
2026-08-02 02:00:00+00:00,2026-08-04 01:00:00+00:00,SHEPD,ORKN,2820,ups_2n,IT Power 2N + UPS 2N,0.0107650383477472,0.09356868097261985,1.0,9.0
2026-08-02 02:00:00+00:00,2026-08-04 01:00:00+00:00,SHEPD,ORKN,2820,ups_dr,IT Power 2N + UPS Distributed Redundancy,0.0107650383477472,0.13451846335386983,1.0,6.75
2026-08-01 16:00:00+00:00,2026-08-03 16:00:00+00:00,SHEPD,ORKN,2880,hvdc_2n,IT Power 2N + HVDC 2N,0.0157881130699427,0.07224875233629108,1.0,8.9
2026-08-01 16:00:00+00:00,2026-08-03 16:00:00+00:00,SHEPD,ORKN,2880,mains_2n,IT Power 2N + Direct Utility 2N,0.0157881130699427,0.20716182722427562,1.0,0.05
2026-08-01 16:00:00+00:00,2026-08-03 16:00:00+00:00,SHEPD,ORKN,2880,ups_2n,IT Power 2N + UPS 2N,0.0157881130699427,0.09880774312062285,1.0,9.0
2026-08-01 16:00:00+00:00,2026-08-03 16:00:00+00:00,SHEPD,ORKN,2880,ups_dr,IT Power 2N + UPS Distributed Redundancy,0.0157881130699427,0.14108217204101228,1.0,6.75
2026-07-31 18:00:00+00:00,2026-07-31 19:00:00+00:00,SHEPD,SHET,60,hvdc_2n,IT Power 2N + HVDC 2N,0.0074605405242928,0.0655746076978414,1.0,8.9
2026-07-31 18:00:00+00:00,2026-07-31 19:00:00+00:00,SHEPD,SHET,60,mains_2n,IT Power 2N + Direct Utility 2N,0.0074605405242928,0.1938172740999878,1.0,0.05
2026-07-31 18:00:00+00:00,2026-07-31 19:00:00+00:00,SHEPD,SHET,60,ups_2n,IT Power 2N + UPS 2N,0.0074605405242928,0.09025925575345156,1.0,9.0
2026-07-31 18:00:00+00:00,2026-07-31 19:00:00+00:00,SHEPD,SHET,60,ups_dr,IT Power 2N + UPS Distributed Redundancy,0.0074605405242928,0.13034247737677104,1.0,6.75
2026-08-03 08:00:00+00:00,2026-08-03 10:00:00+00:00,SHEPD,SHET,120,hvdc_2n,IT Power 2N + HVDC 2N,0.0144319532063552,0.07112068593695542,1.0,8.9
2026-08-03 08:00:00+00:00,2026-08-03 10:00:00+00:00,SHEPD,SHET,120,mains_2n,IT Power 2N + Direct Utility 2N,0.0144319532063552,0.20494323635726105,1.0,0.05
2026-08-03 08:00:00+00:00,2026-08-03 10:00:00+00:00,SHEPD,SHET,120,ups_2n,IT Power 2N + UPS 2N,0.0144319532063552,0.09736806712881024,1.0,9.0
2026-08-03 08:00:00+00:00,2026-08-03 10:00:00+00:00,SHEPD,SHET,120,ups_dr,IT Power 2N + UPS Distributed Redundancy,0.0144319532063552,0.13928412852743835,1.0,6.75
2026-08-03 22:00:00+00:00,2026-08-04 01:00:00+00:00,SHEPD,SHET,180,hvdc_2n,IT Power 2N + HVDC 2N,0.0090466075569109,0.06679994103262131,1.0,8.9
2026-08-03 22:00:00+00:00,2026-08-04 01:00:00+00:00,SHEPD,SHET,180,mains_2n,IT Power 2N + Direct Utility 2N,0.0090466075569109,0.1963075791260708,1.0,0.05
2026-08-03 22:00:00+00:00,2026-08-04 01:00:00+00:00,SHEPD,SHET,180,ups_2n,IT Power 2N + UPS 2N,0.0090466075569109,0.0918343229716306,1.0,9.0
2026-08-03 22:00:00+00:00,2026-08-04 01:00:00+00:00,SHEPD,SHET,180,ups_dr,IT Power 2N + UPS Distributed Redundancy,0.0090466075569109,0.1323329093488982,1.0,6.75
2026-08-03 21:00:00+00:00,2026-08-04 01:00:00+00:00,SHEPD,SHET,240,hvdc_2n,IT Power 2N + HVDC 2N,0.0085563294279932,0.06641891859396383,1.0,8.9
2026-08-03 21:00:00+00:00,2026-08-04 01:00:00+00:00,SHEPD,SHET,240,mains_2n,IT Power 2N + Direct Utility 2N,0.0085563294279932,0.19553521439332439,1.0,0.05
2026-08-03 21:00:00+00:00,2026-08-04 01:00:00+00:00,SHEPD,SHET,240,ups_2n,IT Power 2N + UPS 2N,0.0085563294279932,0.0913448249116993,1.0,9.0
2026-08-03 21:00:00+00:00,2026-08-04 01:00:00+00:00,SHEPD,SHET,240,ups_dr,IT Power 2N + UPS Distributed Redundancy,0.0085563294279932,0.13171490027387578,1.0,6.75
2026-08-03 18:00:00+00:00,2026-08-03 23:00:00+00:00,SHEPD,SHET,300,hvdc_2n,IT Power 2N + HVDC 2N,0.0117682990673252,0.06895225431350818,1.0,8.9
2026-08-03 18:00:00+00:00,2026-08-03 23:00:00+00:00,SHEPD,SHET,300,mains_2n,IT Power 2N + Direct Utility 2N,0.0117682990673252,0.20063713568080432,1.0,0.05
2026-08-03 18:00:00+00:00,2026-08-03 23:00:00+00:00,SHEPD,SHET,300,ups_2n,IT Power 2N + UPS 2N,0.0117682990673252,0.09459477095309234,1.0,9.0
2026-08-03 18:00:00+00:00,2026-08-03 23:00:00+00:00,SHEPD,SHET,300,ups_dr,IT Power 2N + UPS Distributed Redundancy,0.0117682990673252,0.13580848501148327,1.0,6.75
2026-07-31 20:00:00+00:00,2026-08-01 02:00:00+00:00,SHEPD,SHET,360,hvdc_2n,IT Power 2N + HVDC 2N,0.0123190707665074,0.06939554750865114,1.0,8.9
2026-07-31 20:00:00+00:00,2026-08-01 02:00:00+00:00,SHEPD,SHET,360,mains_2n,IT Power 2N + Direct Utility 2N,0.0123190707665074,0.20152193027939508,1.0,0.05
2026-07-31 20:00:00+00:00,2026-08-01 02:00:00+00:00,SHEPD,SHET,360,ups_2n,IT Power 2N + UPS 2N,0.0123190707665074,0.09516235035821718,1.0,9.0
2026-07-31 20:00:00+00:00,2026-08-01 02:00:00+00:00,SHEPD,SHET,360,ups_dr,IT Power 2N + UPS Distributed Redundancy,0.0123190707665074,0.13652110693730937,1.0,6.75
2026-08-03 07:00:00+00:00,2026-08-03 14:00:00+00:00,SHEPD,SHET,420,hvdc_2n,IT Power 2N + HVDC 2N,0.0194453868494084,0.07537360129451326,1.0,8.9
2026-08-03 07:00:00+00:00,2026-08-03 14:00:00+00:00,SHEPD,SHET,420,mains_2n,IT Power 2N + Direct Utility 2N,0.0194453868494084,0.2132330918564957,1.0,0.05
2026-08-03 07:00:00+00:00,2026-08-03 14:00:00+00:00,SHEPD,SHET,420,ups_2n,IT Power 2N + UPS 2N,0.0194453868494084,0.10278506781896236,1.0,9.0
2026-08-03 07:00:00+00:00,2026-08-03 14:00:00+00:00,SHEPD,SHET,420,ups_dr,IT Power 2N + UPS Distributed Redundancy,0.0194453868494084,0.14602790990982242,1.0,6.75
2026-08-02 00:00:00+00:00,2026-08-02 08:00:00+00:00,SHEPD,SHET,480,hvdc_2n,IT Power 2N + HVDC 2N,0.015806509367026,0.07226416739009295,1.0,8.9
2026-08-02 00:00:00+00:00,2026-08-02 08:00:00+00:00,SHEPD,SHET,480,mains_2n,IT Power 2N + Direct Utility 2N,0.015806509367026,0.20719204399816435,1.0,0.05
2026-08-02 00:00:00+00:00,2026-08-02 08:00:00+00:00,SHEPD,SHET,480,ups_2n,IT Power 2N + UPS 2N,0.015806509367026,0.09882740199081745,1.0,9.0
2026-08-02 00:00:00+00:00,2026-08-02 08:00:00+00:00,SHEPD,SHET,480,ups_dr,IT Power 2N + UPS Distributed Redundancy,0.015806509367026,0.14110669531196746,1.0,6.75
2026-07-31 07:00:00+00:00,2026-07-31 16:00:00+00:00,SHEPD,SHET,540,hvdc_2n,IT Power 2N + HVDC 2N,0.019730592850636,0.07562243643453592,1.0,8.9
2026-07-31 07:00:00+00:00,2026-07-31 16:00:00+00:00,SHEPD,SHET,540,mains_2n,IT Power 2N + Direct Utility 2N,0.019730592850636,0.21371195829301357,1.0,0.05
2026-07-31 07:00:00+00:00,2026-07-31 16:00:00+00:00,SHEPD,SHET,540,ups_2n,IT Power 2N + UPS 2N,0.019730592850636,0.10310111855575094,1.0,9.0
2026-07-31 07:00:00+00:00,2026-07-31 16:00:00+00:00,SHEPD,SHET,540,ups_dr,IT Power 2N + UPS Distributed Redundancy,0.019730592850636,0.14641957339892672,1.0,6.75
2026-08-03 11:00:00+00:00,2026-08-03 21:00:00+00:00,SHEPD,SHET,600,hvdc_2n,IT Power 2N + HVDC 2N,0.0124921997823416,0.06953543578976655,1.0,8.9
2026-08-03 11:00:00+00:00,2026-08-03 21:00:00+00:00,SHEPD,SHET,600,mains_2n,IT Power 2N + Direct Utility 2N,0.0124921997823416,0.20180065759965976,1.0,0.05
2026-08-03 11:00:00+00:00,2026-08-03 21:00:00+00:00,SHEPD,SHET,600,ups_2n,IT Power 2N + UPS 2N,0.0124921997823416,0.09534139123601922,1.0,9.0
2026-08-03 11:00:00+00:00,2026-08-03 21:00:00+00:00,SHEPD,SHET,600,ups_dr,IT Power 2N + UPS Distributed Redundancy,0.0124921997823416,0.13674576120381995,1.0,6.75
2026-08-02 02:00:00+00:00,2026-08-02 13:00:00+00:00,SHEPD,SHET,660,hvdc_2n,IT Power 2N + HVDC 2N,0.0182100708384592,0.07430448054740904,1.0,8.9
2026-08-02 02:00:00+00:00,2026-08-02 13:00:00+00:00,SHEPD,SHET,660,mains_2n,IT Power 2N + Direct Utility 2N,0.0182100708384592,0.21116800892855572,1.0,0.05
2026-08-02 02:00:00+00:00,2026-08-02 13:00:00+00:00,SHEPD,SHET,660,ups_2n,IT Power 2N + UPS 2N,0.0182100708384592,0.10142604045065468,1.0,9.0
2026-08-02 02:00:00+00:00,2026-08-02 13:00:00+00:00,SHEPD,SHET,660,ups_dr,IT Power 2N + UPS Distributed Redundancy,0.0182100708384592,0.14434151327029693,1.0,6.75
2026-08-02 22:00:00+00:00,2026-08-03 10:00:00+00:00,SHEPD,SHET,720,hvdc_2n,IT Power 2N + HVDC 2N,0.0197317369502125,0.07562343615028752,1.0,8.9
2026-08-02 22:00:00+00:00,2026-08-03 10:00:00+00:00,SHEPD,SHET,720,mains_2n,IT Power 2N + Direct Utility 2N,0.0197317369502125,0.21371388083459628,1.0,0.05
2026-08-02 22:00:00+00:00,2026-08-03 10:00:00+00:00,SHEPD,SHET,720,ups_2n,IT Power 2N + UPS 2N,0.0197317369502125,0.1031023881188676,1.0,9.0
2026-08-02 22:00:00+00:00,2026-08-03 10:00:00+00:00,SHEPD,SHET,720,ups_dr,IT Power 2N + UPS Distributed Redundancy,0.0197317369502125,0.14642114630224073,1.0,6.75
2026-08-02 05:00:00+00:00,2026-08-02 18:00:00+00:00,SHEPD,SHET,780,hvdc_2n,IT Power 2N + HVDC 2N,0.0197924876084678,0.07567653758965882,1.0,8.9
2026-08-02 05:00:00+00:00,2026-08-02 18:00:00+00:00,SHEPD,SHET,780,mains_2n,IT Power 2N + Direct Utility 2N,0.0197924876084678,0.2138159841521894,1.0,0.05
2026-08-02 05:00:00+00:00,2026-08-02 18:00:00+00:00,SHEPD,SHET,780,ups_2n,IT Power 2N + UPS 2N,0.0197924876084678,0.10316982065361896,1.0,9.0
2026-08-02 05:00:00+00:00,2026-08-02 18:00:00+00:00,SHEPD,SHET,780,ups_dr,IT Power 2N + UPS Distributed Redundancy,0.0197924876084678,0.14650468616067244,1.0,6.75
2026-08-03 00:00:00+00:00,2026-08-03 14:00:00+00:00,SHEPD,SHET,840,hvdc_2n,IT Power 2N + HVDC 2N,0.0201200247204869,0.07596342421028124,1.0,8.9
2026-08-03 00:00:00+00:00,2026-08-03 14:00:00+00:00,SHEPD,SHET,840,mains_2n,IT Power 2N + Direct Utility 2N,0.0201200247204869,0.21436708589664497,1.0,0.05
2026-08-03 00:00:00+00:00,2026-08-03 14:00:00+00:00,SHEPD,SHET,840,ups_2n,IT Power 2N + UPS 2N,0.0201200247204869,0.103534055923768,1.0,9.0
2026-08-03 00:00:00+00:00,2026-08-03 14:00:00+00:00,SHEPD,SHET,840,ups_dr,IT Power 2N + UPS Distributed Redundancy,0.0201200247204869,0.14695577165582524,1.0,6.75
2026-08-02 23:00:00+00:00,2026-08-03 14:00:00+00:00,SHEPD,SHET,900,hvdc_2n,IT Power 2N + HVDC 2N,0.0199316026464964,0.0757982653930379,1.0,8.9
2026-08-02 23:00:00+00:00,2026-08-03 14:00:00+00:00,SHEPD,SHET,900,mains_2n,IT Power 2N + Direct Utility 2N,0.0199316026464964,0.21404992783634275,1.0,0.05
2026-08-02 23:00:00+00:00,2026-08-03 14:00:00+00:00,SHEPD,SHET,900,ups_2n,IT Power 2N + UPS 2N,0.0199316026464964,0.10332438378655241,1.0,9.0
2026-08-02 23:00:00+00:00,2026-08-03 14:00:00+00:00,SHEPD,SHET,900,ups_dr,IT Power 2N + UPS Distributed Redundancy,0.0199316026464964,0.14669613570106507,1.0,6.75
2026-08-03 03:00:00+00:00,2026-08-03 19:00:00+00:00,SHEPD,SHET,960,hvdc_2n,IT Power 2N + HVDC 2N,0.018950389988156,0.07494351353784287,1.0,8.9
2026-08-03 03:00:00+00:00,2026-08-03 19:00:00+00:00,SHEPD,SHET,960,mains_2n,IT Power 2N + Direct Utility 2N,0.018950389988156,0.21240384046219865,1.0,0.05
2026-08-03 03:00:00+00:00,2026-08-03 19:00:00+00:00,SHEPD,SHET,960,ups_2n,IT Power 2N + UPS 2N,0.018950389988156,0.10223857375212689,1.0,9.0
2026-08-03 03:00:00+00:00,2026-08-03 19:00:00+00:00,SHEPD,SHET,960,ups_dr,IT Power 2N + UPS Distributed Redundancy,0.018950389988156,0.14535021009503846,1.0,6.75
2026-08-01 22:00:00+00:00,2026-08-02 15:00:00+00:00,SHEPD,SHET,1020,hvdc_2n,IT Power 2N + HVDC 2N,0.0191557998185156,0.07512171347316478,1.0,8.9
2026-08-01 22:00:00+00:00,2026-08-02 15:00:00+00:00,SHEPD,SHET,1020,mains_2n,IT Power 2N + Direct Utility 2N,0.0191557998185156,0.2127476703784384,1.0,0.05
2026-08-01 22:00:00+00:00,2026-08-02 15:00:00+00:00,SHEPD,SHET,1020,ups_2n,IT Power 2N + UPS 2N,0.0191557998185156,0.10246504026147556,1.0,9.0
2026-08-01 22:00:00+00:00,2026-08-02 15:00:00+00:00,SHEPD,SHET,1020,ups_dr,IT Power 2N + UPS Distributed Redundancy,0.0191557998185156,0.14563111914612506,1.0,6.75
2026-08-02 23:00:00+00:00,2026-08-03 17:00:00+00:00,SHEPD,SHET,1080,hvdc_2n,IT Power 2N + HVDC 2N,0.018441653191154,0.07450383862814054,1.0,8.9
2026-08-02 23:00:00+00:00,2026-08-03 17:00:00+00:00,SHEPD,SHET,1080,mains_2n,IT Power 2N + Direct Utility 2N,0.018441653191154,0.2115540277650821,1.0,0.05
2026-08-02 23:00:00+00:00,2026-08-03 17:00:00+00:00,SHEPD,SHET,1080,ups_2n,IT Power 2N + UPS 2N,0.018441653191154,0.10167959478174286,1.0,9.0
2026-08-02 23:00:00+00:00,2026-08-03 17:00:00+00:00,SHEPD,SHET,1080,ups_dr,IT Power 2N + UPS Distributed Redundancy,0.018441653191154,0.14465642097038778,1.0,6.75
2026-07-30 19:00:00+00:00,2026-07-31 14:00:00+00:00,SHEPD,SHET,1140,hvdc_2n,IT Power 2N + HVDC 2N,0.028385354538748,0.08354074989527142,1.0,8.9
2026-07-30 19:00:00+00:00,2026-07-31 14:00:00+00:00,SHEPD,SHET,1140,mains_2n,IT Power 2N + Direct Utility 2N,0.028385354538748,0.22861531386855596,1.0,0.05
2026-07-30 19:00:00+00:00,2026-07-31 14:00:00+00:00,SHEPD,SHET,1140,ups_2n,IT Power 2N + UPS 2N,0.028385354538748,0.1131084369850575,1.0,9.0
2026-07-30 19:00:00+00:00,2026-07-31 14:00:00+00:00,SHEPD,SHET,1140,ups_dr,IT Power 2N + UPS Distributed Redundancy,0.028385354538748,0.15872291065497063,1.0,6.75
2026-08-02 00:00:00+00:00,2026-08-02 20:00:00+00:00,SHEPD,SHET,1200,hvdc_2n,IT Power 2N + HVDC 2N,0.0153739969012715,0.07190254795075715,1.0,8.9
2026-08-02 00:00:00+00:00,2026-08-02 20:00:00+00:00,SHEPD,SHET,1200,mains_2n,IT Power 2N + Direct Utility 2N,0.0153739969012715,0.20648248359543284,1.0,0.05
2026-08-02 00:00:00+00:00,2026-08-02 20:00:00+00:00,SHEPD,SHET,1200,ups_2n,IT Power 2N + UPS 2N,0.0153739969012715,0.09836612591097045,1.0,9.0
2026-08-02 00:00:00+00:00,2026-08-02 20:00:00+00:00,SHEPD,SHET,1200,ups_dr,IT Power 2N + UPS Distributed Redundancy,0.0153739969012715,0.1405310745949676,1.0,6.75
2026-08-02 22:00:00+00:00,2026-08-03 19:00:00+00:00,SHEPD,SHET,1260,hvdc_2n,IT Power 2N + HVDC 2N,0.0152541537047908,0.07180264398001729,1.0,8.9
2026-08-02 22:00:00+00:00,2026-08-03 19:00:00+00:00,SHEPD,SHET,1260,mains_2n,IT Power 2N + Direct Utility 2N,0.0152541537047908,0.2062861926239093,1.0,0.05
2026-08-02 22:00:00+00:00,2026-08-03 19:00:00+00:00,SHEPD,SHET,1260,ups_2n,IT Power 2N + UPS 2N,0.0152541537047908,0.09823865251157864,1.0,9.0
2026-08-02 22:00:00+00:00,2026-08-03 19:00:00+00:00,SHEPD,SHET,1260,ups_dr,IT Power 2N + UPS Distributed Redundancy,0.0152541537047908,0.1403719260038093,1.0,6.75
2026-08-02 07:00:00+00:00,2026-08-03 05:00:00+00:00,SHEPD,SHET,1320,hvdc_2n,IT Power 2N + HVDC 2N,0.0178703432726519,0.07401291317489275,1.0,8.9
2026-08-02 07:00:00+00:00,2026-08-03 05:00:00+00:00,SHEPD,SHET,1320,mains_2n,IT Power 2N + Direct Utility 2N,0.0178703432726519,0.21060265935201847,1.0,0.05
2026-08-02 07:00:00+00:00,2026-08-03 05:00:00+00:00,SHEPD,SHET,1320,ups_2n,IT Power 2N + UPS 2N,0.0178703432726519,0.10105509535811978,1.0,9.0
2026-08-02 07:00:00+00:00,2026-08-03 05:00:00+00:00,SHEPD,SHET,1320,ups_dr,IT Power 2N + UPS Distributed Redundancy,0.0178703432726519,0.1438805802217008,1.0,6.75
2026-08-02 17:00:00+00:00,2026-08-03 16:00:00+00:00,SHEPD,SHET,1380,hvdc_2n,IT Power 2N + HVDC 2N,0.0192691801588768,0.07522024140331486,1.0,8.9
2026-08-02 17:00:00+00:00,2026-08-03 16:00:00+00:00,SHEPD,SHET,1380,mains_2n,IT Power 2N + Direct Utility 2N,0.0192691801588768,0.2129376285343659,1.0,0.05
2026-08-02 17:00:00+00:00,2026-08-03 16:00:00+00:00,SHEPD,SHET,1380,ups_2n,IT Power 2N + UPS 2N,0.0192691801588768,0.1025902335320948,1.0,9.0
2026-08-02 17:00:00+00:00,2026-08-03 16:00:00+00:00,SHEPD,SHET,1380,ups_dr,IT Power 2N + UPS Distributed Redundancy,0.0192691801588768,0.14578636570343728,1.0,6.75
2026-08-02 16:00:00+00:00,2026-08-03 16:00:00+00:00,SHEPD,SHET,1440,hvdc_2n,IT Power 2N + HVDC 2N,0.0195759924946244,0.07548745799439135,1.0,8.9
2026-08-02 16:00:00+00:00,2026-08-03 16:00:00+00:00,SHEPD,SHET,1440,mains_2n,IT Power 2N + Direct Utility 2N,0.0195759924946244,0.21345228414188724,1.0,0.05
2026-08-02 16:00:00+00:00,2026-08-03 16:00:00+00:00,SHEPD,SHET,1440,ups_2n,IT Power 2N + UPS 2N,0.0195759924946244,0.10292969172155687,1.0,9.0
2026-08-02 16:00:00+00:00,2026-08-03 16:00:00+00:00,SHEPD,SHET,1440,ups_dr,IT Power 2N + UPS Distributed Redundancy,0.0195759924946244,0.14620715819819274,1.0,6.75
2026-08-02 03:00:00+00:00,2026-08-03 04:00:00+00:00,SHEPD,SHET,1500,hvdc_2n,IT Power 2N + HVDC 2N,0.0141954883473084,0.07092566495703573,1.0,8.9
2026-08-02 03:00:00+00:00,2026-08-03 04:00:00+00:00,SHEPD,SHET,1500,mains_2n,IT Power 2N + Direct Utility 2N,0.0141954883473084,0.20455820577161937,1.0,0.05
2026-08-02 03:00:00+00:00,2026-08-03 04:00:00+00:00,SHEPD,SHET,1500,ups_2n,IT Power 2N + UPS 2N,0.0141954883473084,0.09711896415684555,1.0,9.0
2026-08-02 03:00:00+00:00,2026-08-03 04:00:00+00:00,SHEPD,SHET,1500,ups_dr,IT Power 2N + UPS Distributed Redundancy,0.0141954883473084,0.1389725889680764,1.0,6.75
2026-07-29 19:00:00+00:00,2026-07-30 21:00:00+00:00,SHEPD,SHET,1560,hvdc_2n,IT Power 2N + HVDC 2N,0.0139137464227796,0.0706939472870993,1.0,8.9
2026-07-29 19:00:00+00:00,2026-07-30 21:00:00+00:00,SHEPD,SHET,1560,mains_2n,IT Power 2N + Direct Utility 2N,0.0139137464227796,0.2041001533827691,1.0,0.05
2026-07-29 19:00:00+00:00,2026-07-30 21:00:00+00:00,SHEPD,SHET,1560,ups_2n,IT Power 2N + UPS 2N,0.0139137464227796,0.09682290688562177,1.0,9.0
2026-07-29 19:00:00+00:00,2026-07-30 21:00:00+00:00,SHEPD,SHET,1560,ups_dr,IT Power 2N + UPS Distributed Redundancy,0.0139137464227796,0.13860216055775398,1.0,6.75
2026-08-02 04:00:00+00:00,2026-08-03 07:00:00+00:00,SHEPD,SHET,1620,hvdc_2n,IT Power 2N + HVDC 2N,0.014971856636549,0.07156782079358735,1.0,8.9
2026-08-02 04:00:00+00:00,2026-08-03 07:00:00+00:00,SHEPD,SHET,1620,mains_2n,IT Power 2N + Direct Utility 2N,0.014971856636549,0.20582436465462356,1.0,0.05
2026-08-02 04:00:00+00:00,2026-08-03 07:00:00+00:00,SHEPD,SHET,1620,ups_2n,IT Power 2N + UPS 2N,0.014971856636549,0.09793896369116176,1.0,9.0
2026-08-02 04:00:00+00:00,2026-08-03 07:00:00+00:00,SHEPD,SHET,1620,ups_dr,IT Power 2N + UPS Distributed Redundancy,0.014971856636549,0.1399976389293593,1.0,6.75
2026-08-01 21:00:00+00:00,2026-08-03 01:00:00+00:00,SHEPD,SHET,1680,hvdc_2n,IT Power 2N + HVDC 2N,0.0121007072733136,0.06921948115922259,1.0,8.9
2026-08-01 21:00:00+00:00,2026-08-03 01:00:00+00:00,SHEPD,SHET,1680,mains_2n,IT Power 2N + Direct Utility 2N,0.0121007072733136,0.20117078874614425,1.0,0.05
2026-08-01 21:00:00+00:00,2026-08-03 01:00:00+00:00,SHEPD,SHET,1680,ups_2n,IT Power 2N + UPS 2N,0.0121007072733136,0.09493695945224094,1.0,9.0
2026-08-01 21:00:00+00:00,2026-08-03 01:00:00+00:00,SHEPD,SHET,1680,ups_dr,IT Power 2N + UPS Distributed Redundancy,0.0121007072733136,0.13623819906647358,1.0,6.75
2026-08-02 21:00:00+00:00,2026-08-04 02:00:00+00:00,SHEPD,SHET,1740,hvdc_2n,IT Power 2N + HVDC 2N,0.0130060624978022,0.06995217477310066,1.0,8.9
2026-08-02 21:00:00+00:00,2026-08-04 02:00:00+00:00,SHEPD,SHET,1740,mains_2n,IT Power 2N + Direct Utility 2N,0.0130060624978022,0.2026296414849768,1.0,0.05
2026-08-02 21:00:00+00:00,2026-08-04 02:00:00+00:00,SHEPD,SHET,1740,ups_2n,IT Power 2N + UPS 2N,0.0130060624978022,0.0958745765939543,1.0,9.0
2026-08-02 21:00:00+00:00,2026-08-04 02:00:00+00:00,SHEPD,SHET,1740,ups_dr,IT Power 2N + UPS Distributed Redundancy,0.0130060624978022,0.13741438815197152,1.0,6.75
2026-08-02 17:00:00+00:00,2026-08-03 23:00:00+00:00,SHEPD,SHET,1800,hvdc_2n,IT Power 2N + HVDC 2N,0.0169762575188819,0.0732505982759228,1.0,8.9
2026-08-02 17:00:00+00:00,2026-08-03 23:00:00+00:00,SHEPD,SHET,1800,mains_2n,IT Power 2N + Direct Utility 2N,0.0169762575188819,0.2091200950773475,1.0,0.05
2026-08-02 17:00:00+00:00,2026-08-03 23:00:00+00:00,SHEPD,SHET,1800,ups_2n,IT Power 2N + UPS 2N,0.0169762575188819,0.10008460187348157,1.0,9.0
2026-08-02 17:00:00+00:00,2026-08-03 23:00:00+00:00,SHEPD,SHET,1800,ups_dr,IT Power 2N + UPS Distributed Redundancy,0.0169762575188819,0.14267336006258236,1.0,6.75
2026-08-01 04:00:00+00:00,2026-08-02 11:00:00+00:00,SHEPD,SHET,1860,hvdc_2n,IT Power 2N + HVDC 2N,0.018200280645417,0.07429606346057364,1.0,8.9
2026-08-01 04:00:00+00:00,2026-08-02 11:00:00+00:00,SHEPD,SHET,1860,mains_2n,IT Power 2N + Direct Utility 2N,0.018200280645417,0.21115170126981833,1.0,0.05
2026-08-01 04:00:00+00:00,2026-08-02 11:00:00+00:00,SHEPD,SHET,1860,ups_2n,IT Power 2N + UPS 2N,0.018200280645417,0.10141533375480923,1.0,9.0
2026-08-01 04:00:00+00:00,2026-08-02 11:00:00+00:00,SHEPD,SHET,1860,ups_dr,IT Power 2N + UPS Distributed Redundancy,0.018200280645417,0.1443282130442416,1.0,6.75
2026-08-01 13:00:00+00:00,2026-08-02 21:00:00+00:00,SHEPD,SHET,1920,hvdc_2n,IT Power 2N + HVDC 2N,0.0158486934239396,0.07229952668901679,1.0,8.9
2026-08-01 13:00:00+00:00,2026-08-02 21:00:00+00:00,SHEPD,SHET,1920,mains_2n,IT Power 2N + Direct Utility 2N,0.0158486934239396,0.20726134556585557,1.0,0.05
2026-08-01 13:00:00+00:00,2026-08-02 21:00:00+00:00,SHEPD,SHET,1920,ups_2n,IT Power 2N + UPS 2N,0.0158486934239396,0.0988724943690835,1.0,9.0
2026-08-01 13:00:00+00:00,2026-08-02 21:00:00+00:00,SHEPD,SHET,1920,ups_dr,IT Power 2N + UPS Distributed Redundancy,0.0158486934239396,0.14116294241913205,1.0,6.75
2026-08-01 22:00:00+00:00,2026-08-03 07:00:00+00:00,SHEPD,SHET,1980,hvdc_2n,IT Power 2N + HVDC 2N,0.0179246993327036,0.07405949281344124,1.0,8.9
2026-08-01 22:00:00+00:00,2026-08-03 07:00:00+00:00,SHEPD,SHET,1980,mains_2n,IT Power 2N + Direct Utility 2N,0.0179246993327036,0.21069304007082693,1.0,0.05
2026-08-01 22:00:00+00:00,2026-08-03 07:00:00+00:00,SHEPD,SHET,1980,ups_2n,IT Power 2N + UPS 2N,0.0179246993327036,0.10111436516592437,1.0,9.0
2026-08-01 22:00:00+00:00,2026-08-03 07:00:00+00:00,SHEPD,SHET,1980,ups_dr,IT Power 2N + UPS Distributed Redundancy,0.0179246993327036,0.1439542466570126,1.0,6.75
2026-08-01 22:00:00+00:00,2026-08-03 08:00:00+00:00,SHEPD,SHET,2040,hvdc_2n,IT Power 2N + HVDC 2N,0.0194980934827282,0.07541952980304208,1.0,8.9
2026-08-01 22:00:00+00:00,2026-08-03 08:00:00+00:00,SHEPD,SHET,2040,mains_2n,IT Power 2N + Direct Utility 2N,0.0194980934827282,0.2133215283677603,1.0,0.05
2026-08-01 22:00:00+00:00,2026-08-03 08:00:00+00:00,SHEPD,SHET,2040,ups_2n,IT Power 2N + UPS 2N,0.0194980934827282,0.10284340993128238,1.0,9.0
2026-08-01 22:00:00+00:00,2026-08-03 08:00:00+00:00,SHEPD,SHET,2040,ups_dr,IT Power 2N + UPS Distributed Redundancy,0.0194980934827282,0.14610022461701525,1.0,6.75
2026-08-02 15:00:00+00:00,2026-08-04 02:00:00+00:00,SHEPD,SHET,2100,hvdc_2n,IT Power 2N + HVDC 2N,0.0144546306069281,0.07113941479558096,1.0,8.9
2026-08-02 15:00:00+00:00,2026-08-04 02:00:00+00:00,SHEPD,SHET,2100,mains_2n,IT Power 2N + Direct Utility 2N,0.0144546306069281,0.2049801897277642,1.0,0.05
2026-08-02 15:00:00+00:00,2026-08-04 02:00:00+00:00,SHEPD,SHET,2100,ups_2n,IT Power 2N + UPS 2N,0.0144546306069281,0.09739198647721342,1.0,9.0
2026-08-02 15:00:00+00:00,2026-08-04 02:00:00+00:00,SHEPD,SHET,2100,ups_dr,IT Power 2N + UPS Distributed Redundancy,0.0144546306069281,0.13931403646580895,1.0,6.75
2026-07-31 09:00:00+00:00,2026-08-01 21:00:00+00:00,SHEPD,SHET,2160,hvdc_2n,IT Power 2N + HVDC 2N,0.0149373187496532,0.07153913985063924,1.0,8.9
2026-07-31 09:00:00+00:00,2026-08-01 21:00:00+00:00,SHEPD,SHET,2160,mains_2n,IT Power 2N + Direct Utility 2N,0.0149373187496532,0.2057679145204792,1.0,0.05
2026-07-31 09:00:00+00:00,2026-08-01 21:00:00+00:00,SHEPD,SHET,2160,ups_2n,IT Power 2N + UPS 2N,0.0149373187496532,0.0979023539997366,1.0,9.0
2026-07-31 09:00:00+00:00,2026-08-01 21:00:00+00:00,SHEPD,SHET,2160,ups_dr,IT Power 2N + UPS Distributed Redundancy,0.0149373187496532,0.13995190385358294,1.0,6.75
2026-07-31 16:00:00+00:00,2026-08-02 05:00:00+00:00,SHEPD,SHET,2220,hvdc_2n,IT Power 2N + HVDC 2N,0.0136453425469145,0.07047385019543559,1.0,8.9
2026-07-31 16:00:00+00:00,2026-08-02 05:00:00+00:00,SHEPD,SHET,2220,mains_2n,IT Power 2N + Direct Utility 2N,0.0136453425469145,0.20366449558496028,1.0,0.05
2026-07-31 16:00:00+00:00,2026-08-02 05:00:00+00:00,SHEPD,SHET,2220,ups_2n,IT Power 2N + UPS 2N,0.0136453425469145,0.09654161507478448,1.0,9.0
2026-07-31 16:00:00+00:00,2026-08-02 05:00:00+00:00,SHEPD,SHET,2220,ups_dr,IT Power 2N + UPS Distributed Redundancy,0.0136453425469145,0.13825003967386665,1.0,6.75
2026-07-31 05:00:00+00:00,2026-08-01 19:00:00+00:00,SHEPD,SHET,2280,hvdc_2n,IT Power 2N + HVDC 2N,0.0193857690268641,0.07532168134629268,1.0,8.9
2026-07-31 05:00:00+00:00,2026-08-01 19:00:00+00:00,SHEPD,SHET,2280,mains_2n,IT Power 2N + Direct Utility 2N,0.0193857690268641,0.21313309127075641,1.0,0.05
2026-07-31 05:00:00+00:00,2026-08-01 19:00:00+00:00,SHEPD,SHET,2280,ups_2n,IT Power 2N + UPS 2N,0.0193857690268641,0.10271911088487502,1.0,9.0
2026-07-31 05:00:00+00:00,2026-08-01 19:00:00+00:00,SHEPD,SHET,2280,ups_dr,IT Power 2N + UPS Distributed Redundancy,0.0193857690268641,0.1459461486596696,1.0,6.75
2026-07-29 10:00:00+00:00,2026-07-31 01:00:00+00:00,SHEPD,SHET,2340,hvdc_2n,IT Power 2N + HVDC 2N,0.0155848450807317,0.07207862703318203,1.0,8.9
2026-07-29 10:00:00+00:00,2026-07-31 01:00:00+00:00,SHEPD,SHET,2340,mains_2n,IT Power 2N + Direct Utility 2N,0.0155848450807317,0.20682816680497515,1.0,0.05
2026-07-29 10:00:00+00:00,2026-07-31 01:00:00+00:00,SHEPD,SHET,2340,ups_2n,IT Power 2N + UPS 2N,0.0155848450807317,0.09859075614693312,1.0,9.0
2026-07-29 10:00:00+00:00,2026-07-31 01:00:00+00:00,SHEPD,SHET,2340,ups_dr,IT Power 2N + UPS Distributed Redundancy,0.0155848450807317,0.14081144174449958,1.0,6.75
2026-07-31 10:00:00+00:00,2026-08-02 02:00:00+00:00,SHEPD,SHET,2400,hvdc_2n,IT Power 2N + HVDC 2N,0.0136391961826311,0.0704688174659338,1.0,8.9
2026-07-31 10:00:00+00:00,2026-08-02 02:00:00+00:00,SHEPD,SHET,2400,mains_2n,IT Power 2N + Direct Utility 2N,0.0136391961826311,0.20365452726908903,1.0,0.05
2026-07-31 10:00:00+00:00,2026-08-02 02:00:00+00:00,SHEPD,SHET,2400,ups_2n,IT Power 2N + UPS 2N,0.0136391961826311,0.09653518213728632,1.0,9.0
2026-07-31 10:00:00+00:00,2026-08-02 02:00:00+00:00,SHEPD,SHET,2400,ups_dr,IT Power 2N + UPS Distributed Redundancy,0.0136391961826311,0.13824198501973678,1.0,6.75
2026-07-31 21:00:00+00:00,2026-08-02 14:00:00+00:00,SHEPD,SHET,2460,hvdc_2n,IT Power 2N + HVDC 2N,0.0196572133806025,0.0755583426973516,1.0,8.9
2026-07-31 21:00:00+00:00,2026-08-02 14:00:00+00:00,SHEPD,SHET,2460,mains_2n,IT Power 2N + Direct Utility 2N,0.0196572133806025,0.2135886779538815,1.0,0.05
2026-07-31 21:00:00+00:00,2026-08-02 14:00:00+00:00,SHEPD,SHET,2460,ups_2n,IT Power 2N + UPS 2N,0.0196572133806025,0.10301972108827799,1.0,9.0
2026-07-31 21:00:00+00:00,2026-08-02 14:00:00+00:00,SHEPD,SHET,2460,ups_dr,IT Power 2N + UPS Distributed Redundancy,0.0196572133806025,0.14631872084814063,1.0,6.75
2026-08-01 16:00:00+00:00,2026-08-03 10:00:00+00:00,SHEPD,SHET,2520,hvdc_2n,IT Power 2N + HVDC 2N,0.0170224830505459,0.07328983317226793,1.0,8.9
2026-08-01 16:00:00+00:00,2026-08-03 10:00:00+00:00,SHEPD,SHET,2520,mains_2n,IT Power 2N + Direct Utility 2N,0.0170224830505459,0.2091965572466639,1.0,0.05
2026-08-01 16:00:00+00:00,2026-08-03 10:00:00+00:00,SHEPD,SHET,2520,ups_2n,IT Power 2N + UPS 2N,0.0170224830505459,0.10013457407139986,1.0,9.0
2026-08-01 16:00:00+00:00,2026-08-03 10:00:00+00:00,SHEPD,SHET,2520,ups_dr,IT Power 2N + UPS Distributed Redundancy,0.0170224830505459,0.14273556755777525,1.0,6.75
2026-08-02 03:00:00+00:00,2026-08-03 22:00:00+00:00,SHEPD,SHET,2580,hvdc_2n,IT Power 2N + HVDC 2N,0.0174159389310019,0.07362457133247338,1.0,8.9
2026-08-02 03:00:00+00:00,2026-08-03 22:00:00+00:00,SHEPD,SHET,2580,mains_2n,IT Power 2N + Direct Utility 2N,0.0174159389310019,0.20984820928938044,1.0,0.05
2026-08-02 03:00:00+00:00,2026-08-03 22:00:00+00:00,SHEPD,SHET,2580,ups_2n,IT Power 2N + UPS 2N,0.0174159389310019,0.10056081858450774,1.0,9.0
2026-08-02 03:00:00+00:00,2026-08-03 22:00:00+00:00,SHEPD,SHET,2580,ups_dr,IT Power 2N + UPS Distributed Redundancy,0.0174159389310019,0.14326597194056748,1.0,6.75
2026-07-31 11:00:00+00:00,2026-08-02 07:00:00+00:00,SHEPD,SHET,2640,hvdc_2n,IT Power 2N + HVDC 2N,0.0166540146190597,0.07297762484424077,1.0,8.9
2026-07-31 11:00:00+00:00,2026-08-02 07:00:00+00:00,SHEPD,SHET,2640,mains_2n,IT Power 2N + Direct Utility 2N,0.0166540146190597,0.20858764070296362,1.0,0.05
2026-07-31 11:00:00+00:00,2026-08-02 07:00:00+00:00,SHEPD,SHET,2640,ups_2n,IT Power 2N + UPS 2N,0.0166540146190597,0.09973685605170399,1.0,9.0
2026-07-31 11:00:00+00:00,2026-08-02 07:00:00+00:00,SHEPD,SHET,2640,ups_dr,IT Power 2N + UPS Distributed Redundancy,0.0166540146190597,0.1422403329746056,1.0,6.75
2026-08-01 22:00:00+00:00,2026-08-03 19:00:00+00:00,SHEPD,SHET,2700,hvdc_2n,IT Power 2N + HVDC 2N,0.0184199118950499,0.07448510169550462,1.0,8.9
2026-08-01 22:00:00+00:00,2026-08-03 19:00:00+00:00,SHEPD,SHET,2700,mains_2n,IT Power 2N + Direct Utility 2N,0.0184199118950499,0.21151776579194675,1.0,0.05
2026-08-01 22:00:00+00:00,2026-08-03 19:00:00+00:00,SHEPD,SHET,2700,ups_2n,IT Power 2N + UPS 2N,0.0184199118950499,0.10165576683523489,1.0,9.0
2026-08-01 22:00:00+00:00,2026-08-03 19:00:00+00:00,SHEPD,SHET,2700,ups_dr,IT Power 2N + UPS Distributed Redundancy,0.0184199118950499,0.14462683270375376,1.0,6.75
2026-08-01 15:00:00+00:00,2026-08-03 13:00:00+00:00,SHEPD,SHET,2760,hvdc_2n,IT Power 2N + HVDC 2N,0.0197008555151512,0.07559645616706216,1.0,8.9
2026-08-01 15:00:00+00:00,2026-08-03 13:00:00+00:00,SHEPD,SHET,2760,mains_2n,IT Power 2N + Direct Utility 2N,0.0197008555151512,0.21366199217930357,1.0,0.05
2026-08-01 15:00:00+00:00,2026-08-03 13:00:00+00:00,SHEPD,SHET,2760,ups_2n,IT Power 2N + UPS 2N,0.0197008555151512,0.10306812503609203,1.0,9.0
2026-08-01 15:00:00+00:00,2026-08-03 13:00:00+00:00,SHEPD,SHET,2760,ups_dr,IT Power 2N + UPS Distributed Redundancy,0.0197008555151512,0.14637869554465652,1.0,6.75
2026-07-31 02:00:00+00:00,2026-08-02 01:00:00+00:00,SHEPD,SHET,2820,hvdc_2n,IT Power 2N + HVDC 2N,0.1325189140509263,0.25095722701515516,1.0,8.9
2026-07-31 02:00:00+00:00,2026-08-02 01:00:00+00:00,SHEPD,SHET,2820,mains_2n,IT Power 2N + Direct Utility 2N,0.1325189140509263,0.4564082380905152,1.0,0.05
2026-07-31 02:00:00+00:00,2026-08-02 01:00:00+00:00,SHEPD,SHET,2820,ups_2n,IT Power 2N + UPS 2N,0.1325189140509263,0.3079388634422006,1.0,9.0
2026-07-31 02:00:00+00:00,2026-08-02 01:00:00+00:00,SHEPD,SHET,2820,ups_dr,IT Power 2N + UPS Distributed Redundancy,0.1325189140509263,0.37231645655609386,0.9415253151658591,6.399151890995155
2026-08-01 06:00:00+00:00,2026-08-03 06:00:00+00:00,SHEPD,SHET,2880,hvdc_2n,IT Power 2N + HVDC 2N,0.012230546444247,0.06932412050607016,1.0,8.9
2026-08-01 06:00:00+00:00,2026-08-03 06:00:00+00:00,SHEPD,SHET,2880,mains_2n,IT Power 2N + Direct Utility 2N,0.012230546444247,0.20137952268420803,1.0,0.05
2026-08-01 06:00:00+00:00,2026-08-03 06:00:00+00:00,SHEPD,SHET,2880,ups_2n,IT Power 2N + UPS 2N,0.012230546444247,0.09507091947650763,1.0,9.0
2026-08-01 06:00:00+00:00,2026-08-03 06:00:00+00:00,SHEPD,SHET,2880,ups_dr,IT Power 2N + UPS Distributed Redundancy,0.012230546444247,0.13640635683016733,1.0,6.75
2026-08-03 19:00:00+00:00,2026-08-03 20:00:00+00:00,SHEPD,TAYCEN,60,hvdc_2n,IT Power 2N + HVDC 2N,0.0540232660201145,0.11157936626238814,1.0,8.9
2026-08-03 19:00:00+00:00,2026-08-03 20:00:00+00:00,SHEPD,TAYCEN,60,mains_2n,IT Power 2N + Direct Utility 2N,0.0540232660201145,0.27692477974209967,1.0,0.05
2026-08-03 19:00:00+00:00,2026-08-03 20:00:00+00:00,SHEPD,TAYCEN,60,ups_2n,IT Power 2N + UPS 2N,0.0540232660201145,0.14783028530762254,1.0,9.0
2026-08-03 19:00:00+00:00,2026-08-03 20:00:00+00:00,SHEPD,TAYCEN,60,ups_dr,IT Power 2N + UPS Distributed Redundancy,0.0540232660201145,0.20008806050993702,1.0,6.75
2026-08-02 13:00:00+00:00,2026-08-02 15:00:00+00:00,SHEPD,TAYCEN,120,hvdc_2n,IT Power 2N + HVDC 2N,0.0091119747222551,0.06685089455703074,1.0,8.9
2026-08-02 13:00:00+00:00,2026-08-02 15:00:00+00:00,SHEPD,TAYCEN,120,mains_2n,IT Power 2N + Direct Utility 2N,0.0091119747222551,0.1964107299732965,1.0,0.05
2026-08-02 13:00:00+00:00,2026-08-02 15:00:00+00:00,SHEPD,TAYCEN,120,ups_2n,IT Power 2N + UPS 2N,0.0091119747222551,0.09189976399135782,1.0,9.0
2026-08-02 13:00:00+00:00,2026-08-02 15:00:00+00:00,SHEPD,TAYCEN,120,ups_dr,IT Power 2N + UPS Distributed Redundancy,0.0091119747222551,0.13241549186924945,1.0,6.75
2026-08-03 12:00:00+00:00,2026-08-03 15:00:00+00:00,SHEPD,TAYCEN,180,hvdc_2n,IT Power 2N + HVDC 2N,0.0442482175616428,0.10002946057378616,1.0,8.9
2026-08-03 12:00:00+00:00,2026-08-03 15:00:00+00:00,SHEPD,TAYCEN,180,mains_2n,IT Power 2N + Direct Utility 2N,0.0442482175616428,0.25778408735779307,1.0,0.05
2026-08-03 12:00:00+00:00,2026-08-03 15:00:00+00:00,SHEPD,TAYCEN,180,ups_2n,IT Power 2N + UPS 2N,0.0442482175616428,0.13365499656177487,1.0,9.0
2026-08-03 12:00:00+00:00,2026-08-03 15:00:00+00:00,SHEPD,TAYCEN,180,ups_dr,IT Power 2N + UPS Distributed Redundancy,0.0442482175616428,0.18343148441385415,1.0,6.75
2026-08-02 23:00:00+00:00,2026-08-03 03:00:00+00:00,SHEPD,TAYCEN,240,hvdc_2n,IT Power 2N + HVDC 2N,0.0386720905480473,0.0939272658487948,1.0,8.9
2026-08-02 23:00:00+00:00,2026-08-03 03:00:00+00:00,SHEPD,TAYCEN,240,mains_2n,IT Power 2N + Direct Utility 2N,0.0386720905480473,0.24726006952648144,1.0,0.05
2026-08-02 23:00:00+00:00,2026-08-03 03:00:00+00:00,SHEPD,TAYCEN,240,ups_2n,IT Power 2N + UPS 2N,0.0386720905480473,0.12609512887955518,1.0,9.0
2026-08-02 23:00:00+00:00,2026-08-03 03:00:00+00:00,SHEPD,TAYCEN,240,ups_dr,IT Power 2N + UPS Distributed Redundancy,0.0386720905480473,0.174421869365029,1.0,6.75
2026-08-03 01:00:00+00:00,2026-08-03 06:00:00+00:00,SHEPD,TAYCEN,300,hvdc_2n,IT Power 2N + HVDC 2N,0.0081413028776526,0.0660979570629585,1.0,8.9
2026-08-03 01:00:00+00:00,2026-08-03 06:00:00+00:00,SHEPD,TAYCEN,300,mains_2n,IT Power 2N + Direct Utility 2N,0.0081413028776526,0.1948831975036346,1.0,0.05
2026-08-03 01:00:00+00:00,2026-08-03 06:00:00+00:00,SHEPD,TAYCEN,300,ups_2n,IT Power 2N + UPS 2N,0.0081413028776526,0.09093229419564867,1.0,9.0
2026-08-03 01:00:00+00:00,2026-08-03 06:00:00+00:00,SHEPD,TAYCEN,300,ups_dr,IT Power 2N + UPS Distributed Redundancy,0.0081413028776526,0.13119366297006013,1.0,6.75
2026-08-03 11:00:00+00:00,2026-08-03 17:00:00+00:00,SHEPD,TAYCEN,360,hvdc_2n,IT Power 2N + HVDC 2N,0.0348676266767607,0.08995744257984471,1.0,8.9
2026-08-03 11:00:00+00:00,2026-08-03 17:00:00+00:00,SHEPD,TAYCEN,360,mains_2n,IT Power 2N + Direct Utility 2N,0.0348676266767607,0.24024738083550518,1.0,0.05
2026-08-03 11:00:00+00:00,2026-08-03 17:00:00+00:00,SHEPD,TAYCEN,360,ups_2n,IT Power 2N + UPS 2N,0.0348676266767607,0.12114960685205166,1.0,9.0
2026-08-03 11:00:00+00:00,2026-08-03 17:00:00+00:00,SHEPD,TAYCEN,360,ups_dr,IT Power 2N + UPS Distributed Redundancy,0.0348676266767607,0.16847750581709545,1.0,6.75
2026-08-02 18:00:00+00:00,2026-08-03 01:00:00+00:00,SHEPD,TAYCEN,420,hvdc_2n,IT Power 2N + HVDC 2N,0.0094150683266784,0.06708762702219809,1.0,8.9
2026-08-02 18:00:00+00:00,2026-08-03 01:00:00+00:00,SHEPD,TAYCEN,420,mains_2n,IT Power 2N + Direct Utility 2N,0.0094150683266784,0.1968895536121482,1.0,0.05
2026-08-02 18:00:00+00:00,2026-08-03 01:00:00+00:00,SHEPD,TAYCEN,420,ups_2n,IT Power 2N + UPS 2N,0.0094150683266784,0.09220374806493069,1.0,9.0
2026-08-02 18:00:00+00:00,2026-08-03 01:00:00+00:00,SHEPD,TAYCEN,420,ups_dr,IT Power 2N + UPS Distributed Redundancy,0.0094150683266784,0.13279898025191644,1.0,6.75
2026-07-31 18:00:00+00:00,2026-08-01 02:00:00+00:00,SHEPD,TAYCEN,480,hvdc_2n,IT Power 2N + HVDC 2N,0.0081324188408447,0.06609110235750539,1.0,8.9
2026-07-31 18:00:00+00:00,2026-08-01 02:00:00+00:00,SHEPD,TAYCEN,480,mains_2n,IT Power 2N + Direct Utility 2N,0.0081324188408447,0.19486925849575074,1.0,0.05
2026-07-31 18:00:00+00:00,2026-08-01 02:00:00+00:00,SHEPD,TAYCEN,480,ups_2n,IT Power 2N + UPS 2N,0.0081324188408447,0.09092348194109262,1.0,9.0
2026-07-31 18:00:00+00:00,2026-08-01 02:00:00+00:00,SHEPD,TAYCEN,480,ups_dr,IT Power 2N + UPS Distributed Redundancy,0.0081324188408447,0.13118252455955826,1.0,6.75
2026-08-03 08:00:00+00:00,2026-08-03 17:00:00+00:00,SHEPD,TAYCEN,540,hvdc_2n,IT Power 2N + HVDC 2N,0.0145077240275236,0.07118328151461152,1.0,8.9
2026-08-03 08:00:00+00:00,2026-08-03 17:00:00+00:00,SHEPD,TAYCEN,540,mains_2n,IT Power 2N + Direct Utility 2N,0.0145077240275236,0.20506672607686433,1.0,0.05
2026-08-03 08:00:00+00:00,2026-08-03 17:00:00+00:00,SHEPD,TAYCEN,540,ups_2n,IT Power 2N + UPS 2N,0.0145077240275236,0.09744800810989919,1.0,9.0
2026-08-03 08:00:00+00:00,2026-08-03 17:00:00+00:00,SHEPD,TAYCEN,540,ups_dr,IT Power 2N + UPS Distributed Redundancy,0.0145077240275236,0.13938407942223996,1.0,6.75
2026-08-02 23:00:00+00:00,2026-08-03 09:00:00+00:00,SHEPD,TAYCEN,600,hvdc_2n,IT Power 2N + HVDC 2N,0.0295074558416828,0.0846209165309398,1.0,8.9
2026-08-02 23:00:00+00:00,2026-08-03 09:00:00+00:00,SHEPD,TAYCEN,600,mains_2n,IT Power 2N + Direct Utility 2N,0.0295074558416828,0.23060016693795654,1.0,0.05
2026-08-02 23:00:00+00:00,2026-08-03 09:00:00+00:00,SHEPD,TAYCEN,600,ups_2n,IT Power 2N + UPS 2N,0.0295074558416828,0.11446625212233968,1.0,9.0
2026-08-02 23:00:00+00:00,2026-08-03 09:00:00+00:00,SHEPD,TAYCEN,600,ups_dr,IT Power 2N + UPS Distributed Redundancy,0.0295074558416828,0.1603780371514642,1.0,6.75
2026-08-02 21:00:00+00:00,2026-08-03 08:00:00+00:00,SHEPD,TAYCEN,660,hvdc_2n,IT Power 2N + HVDC 2N,0.0305693182418765,0.08565475249761129,1.0,8.9
2026-08-02 21:00:00+00:00,2026-08-03 08:00:00+00:00,SHEPD,TAYCEN,660,mains_2n,IT Power 2N + Direct Utility 2N,0.0305693182418765,0.23248954993609508,1.0,0.05
2026-08-02 21:00:00+00:00,2026-08-03 08:00:00+00:00,SHEPD,TAYCEN,660,ups_2n,IT Power 2N + UPS 2N,0.0305693182418765,0.11576422297273646,1.0,9.0
2026-08-02 21:00:00+00:00,2026-08-03 08:00:00+00:00,SHEPD,TAYCEN,660,ups_dr,IT Power 2N + UPS Distributed Redundancy,0.0305693182418765,0.16195714177702933,1.0,6.75
2026-08-01 07:00:00+00:00,2026-08-01 19:00:00+00:00,SHEPD,TAYCEN,720,hvdc_2n,IT Power 2N + HVDC 2N,0.013756129594322,0.07056462115956613,1.0,8.9
2026-08-01 07:00:00+00:00,2026-08-01 19:00:00+00:00,SHEPD,TAYCEN,720,mains_2n,IT Power 2N + Direct Utility 2N,0.013756129594322,0.20384423484587838,1.0,0.05
2026-08-01 07:00:00+00:00,2026-08-01 19:00:00+00:00,SHEPD,TAYCEN,720,ups_2n,IT Power 2N + UPS 2N,0.013756129594322,0.09665763321262176,1.0,9.0
2026-08-01 07:00:00+00:00,2026-08-01 19:00:00+00:00,SHEPD,TAYCEN,720,ups_dr,IT Power 2N + UPS Distributed Redundancy,0.013756129594322,0.13839529084972207,1.0,6.75
2026-07-29 00:00:00+00:00,2026-07-29 13:00:00+00:00,SHEPD,TAYCEN,780,hvdc_2n,IT Power 2N + HVDC 2N,0.0532474986632122,0.11062171379582927,1.0,8.9
2026-07-29 00:00:00+00:00,2026-07-29 13:00:00+00:00,SHEPD,TAYCEN,780,mains_2n,IT Power 2N + Direct Utility 2N,0.0532474986632122,0.2753740943063054,1.0,0.05
2026-07-29 00:00:00+00:00,2026-07-29 13:00:00+00:00,SHEPD,TAYCEN,780,ups_2n,IT Power 2N + UPS 2N,0.0532474986632122,0.14666138449512245,1.0,9.0
2026-07-29 00:00:00+00:00,2026-07-29 13:00:00+00:00,SHEPD,TAYCEN,780,ups_dr,IT Power 2N + UPS Distributed Redundancy,0.0532474986632122,0.19872575394440592,1.0,6.75
2026-08-03 10:00:00+00:00,2026-08-04 00:00:00+00:00,SHEPD,TAYCEN,840,hvdc_2n,IT Power 2N + HVDC 2N,0.033228772391615,0.0882944080819171,1.0,8.9
2026-08-03 10:00:00+00:00,2026-08-04 00:00:00+00:00,SHEPD,TAYCEN,840,mains_2n,IT Power 2N + Direct Utility 2N,0.033228772391615,0.23726875003271733,1.0,0.05
2026-08-03 10:00:00+00:00,2026-08-04 00:00:00+00:00,SHEPD,TAYCEN,840,ups_2n,IT Power 2N + UPS 2N,0.033228772391615,0.11907124621586139,1.0,9.0
2026-08-03 10:00:00+00:00,2026-08-04 00:00:00+00:00,SHEPD,TAYCEN,840,ups_dr,IT Power 2N + UPS Distributed Redundancy,0.033228772391615,0.1659670682165086,1.0,6.75
2026-08-02 14:00:00+00:00,2026-08-03 05:00:00+00:00,SHEPD,TAYCEN,900,hvdc_2n,IT Power 2N + HVDC 2N,0.0097601516872972,0.06735810280989539,1.0,8.9
2026-08-02 14:00:00+00:00,2026-08-03 05:00:00+00:00,SHEPD,TAYCEN,900,mains_2n,IT Power 2N + Direct Utility 2N,0.0097601516872972,0.19743578422926902,1.0,0.05
2026-08-02 14:00:00+00:00,2026-08-03 05:00:00+00:00,SHEPD,TAYCEN,900,ups_2n,IT Power 2N + UPS 2N,0.0097601516872972,0.09255094478209562,1.0,9.0
2026-08-02 14:00:00+00:00,2026-08-03 05:00:00+00:00,SHEPD,TAYCEN,900,ups_dr,IT Power 2N + UPS Distributed Redundancy,0.0097601516872972,0.1332367406511263,1.0,6.75
2026-08-02 20:00:00+00:00,2026-08-03 12:00:00+00:00,SHEPD,TAYCEN,960,hvdc_2n,IT Power 2N + HVDC 2N,0.0157821352086034,0.07224374388023704,1.0,8.9
2026-08-02 20:00:00+00:00,2026-08-03 12:00:00+00:00,SHEPD,TAYCEN,960,mains_2n,IT Power 2N + Direct Utility 2N,0.0157821352086034,0.20715200900969838,1.0,0.05
2026-08-02 20:00:00+00:00,2026-08-03 12:00:00+00:00,SHEPD,TAYCEN,960,ups_2n,IT Power 2N + UPS 2N,0.0157821352086034,0.09880135573677648,1.0,9.0
2026-08-02 20:00:00+00:00,2026-08-03 12:00:00+00:00,SHEPD,TAYCEN,960,ups_dr,IT Power 2N + UPS Distributed Redundancy,0.0157821352086034,0.14107420399145051,1.0,6.75
2026-08-03 06:00:00+00:00,2026-08-03 23:00:00+00:00,SHEPD,TAYCEN,1020,hvdc_2n,IT Power 2N + HVDC 2N,0.0121757230904466,0.06927991969235767,1.0,8.9
2026-08-03 06:00:00+00:00,2026-08-03 23:00:00+00:00,SHEPD,TAYCEN,1020,mains_2n,IT Power 2N + Direct Utility 2N,0.0121757230904466,0.20129136701560407,1.0,0.05
2026-08-03 06:00:00+00:00,2026-08-03 23:00:00+00:00,SHEPD,TAYCEN,1020,ups_2n,IT Power 2N + UPS 2N,0.0121757230904466,0.09501433550963505,1.0,9.0
2026-08-03 06:00:00+00:00,2026-08-03 23:00:00+00:00,SHEPD,TAYCEN,1020,ups_dr,IT Power 2N + UPS Distributed Redundancy,0.0121757230904466,0.13633533250724517,1.0,6.75
2026-08-01 01:00:00+00:00,2026-08-01 19:00:00+00:00,SHEPD,TAYCEN,1080,hvdc_2n,IT Power 2N + HVDC 2N,0.0144861633873982,0.07116546472294946,1.0,8.9
2026-08-01 01:00:00+00:00,2026-08-01 19:00:00+00:00,SHEPD,TAYCEN,1080,mains_2n,IT Power 2N + Direct Utility 2N,0.0144861633873982,0.20503158137147445,1.0,0.05
2026-08-01 01:00:00+00:00,2026-08-01 19:00:00+00:00,SHEPD,TAYCEN,1080,ups_2n,IT Power 2N + UPS 2N,0.0144861633873982,0.09742525489023113,1.0,9.0
2026-08-01 01:00:00+00:00,2026-08-01 19:00:00+00:00,SHEPD,TAYCEN,1080,ups_dr,IT Power 2N + UPS Distributed Redundancy,0.0144861633873982,0.1393556322083089,1.0,6.75
2026-08-03 01:00:00+00:00,2026-08-03 20:00:00+00:00,SHEPD,TAYCEN,1140,hvdc_2n,IT Power 2N + HVDC 2N,0.012250470829999,0.06934019082015337,1.0,8.9
2026-08-03 01:00:00+00:00,2026-08-03 20:00:00+00:00,SHEPD,TAYCEN,1140,mains_2n,IT Power 2N + Direct Utility 2N,0.012250470829999,0.20141156814563063,1.0,0.05
2026-08-03 01:00:00+00:00,2026-08-03 20:00:00+00:00,SHEPD,TAYCEN,1140,ups_2n,IT Power 2N + UPS 2N,0.012250470829999,0.09509149119027188,1.0,9.0
2026-08-03 01:00:00+00:00,2026-08-03 20:00:00+00:00,SHEPD,TAYCEN,1140,ups_dr,IT Power 2N + UPS Distributed Redundancy,0.012250470829999,0.13643217683273326,1.0,6.75
2026-07-31 19:00:00+00:00,2026-08-01 15:00:00+00:00,SHEPD,TAYCEN,1200,hvdc_2n,IT Power 2N + HVDC 2N,0.0681130135916689,0.13026844427127518,1.0,8.9
2026-07-31 19:00:00+00:00,2026-08-01 15:00:00+00:00,SHEPD,TAYCEN,1200,mains_2n,IT Power 2N + Direct Utility 2N,0.0681130135916689,0.306003609025762,1.0,0.05
2026-07-31 19:00:00+00:00,2026-08-01 15:00:00+00:00,SHEPD,TAYCEN,1200,ups_2n,IT Power 2N + UPS 2N,0.0681130135916689,0.1704213760723775,1.0,9.0
2026-07-31 19:00:00+00:00,2026-08-01 15:00:00+00:00,SHEPD,TAYCEN,1200,ups_dr,IT Power 2N + UPS Distributed Redundancy,0.0681130135916689,0.22604898664595927,1.0,6.75
2026-08-02 22:00:00+00:00,2026-08-03 19:00:00+00:00,SHEPD,TAYCEN,1260,hvdc_2n,IT Power 2N + HVDC 2N,0.0275998258800007,0.08279204998797732,1.0,8.9
2026-08-02 22:00:00+00:00,2026-08-03 19:00:00+00:00,SHEPD,TAYCEN,1260,mains_2n,IT Power 2N + Direct Utility 2N,0.0275998258800007,0.22723298527514427,1.0,0.05
2026-08-02 22:00:00+00:00,2026-08-03 19:00:00+00:00,SHEPD,TAYCEN,1260,ups_2n,IT Power 2N + UPS 2N,0.0275998258800007,0.11216627707283995,1.0,9.0
2026-08-02 22:00:00+00:00,2026-08-03 19:00:00+00:00,SHEPD,TAYCEN,1260,ups_dr,IT Power 2N + UPS Distributed Redundancy,0.0275998258800007,0.157572502652058,1.0,6.75
2026-07-31 13:00:00+00:00,2026-08-01 11:00:00+00:00,SHEPD,TAYCEN,1320,hvdc_2n,IT Power 2N + HVDC 2N,0.0143407778512618,0.07104543179118508,1.0,8.9
2026-07-31 13:00:00+00:00,2026-08-01 11:00:00+00:00,SHEPD,TAYCEN,1320,mains_2n,IT Power 2N + Direct Utility 2N,0.0143407778512618,0.20479471382604192,1.0,0.05
2026-07-31 13:00:00+00:00,2026-08-01 11:00:00+00:00,SHEPD,TAYCEN,1320,ups_2n,IT Power 2N + UPS 2N,0.0143407778512618,0.09727195136205424,1.0,9.0
2026-07-31 13:00:00+00:00,2026-08-01 11:00:00+00:00,SHEPD,TAYCEN,1320,ups_dr,IT Power 2N + UPS Distributed Redundancy,0.0143407778512618,0.13916393683033482,1.0,6.75
2026-08-03 02:00:00+00:00,2026-08-04 01:00:00+00:00,SHEPD,TAYCEN,1380,hvdc_2n,IT Power 2N + HVDC 2N,0.010193344631618,0.067699070882475,1.0,8.9
2026-08-03 02:00:00+00:00,2026-08-04 01:00:00+00:00,SHEPD,TAYCEN,1380,mains_2n,IT Power 2N + Direct Utility 2N,0.010193344631618,0.19812309943596015,1.0,0.05
2026-08-03 02:00:00+00:00,2026-08-04 01:00:00+00:00,SHEPD,TAYCEN,1380,ups_2n,IT Power 2N + UPS 2N,0.010193344631618,0.09298845236241873,1.0,9.0
2026-08-03 02:00:00+00:00,2026-08-04 01:00:00+00:00,SHEPD,TAYCEN,1380,ups_dr,IT Power 2N + UPS Distributed Redundancy,0.010193344631618,0.13378800181625675,1.0,6.75
2026-07-31 07:00:00+00:00,2026-08-01 07:00:00+00:00,SHEPD,TAYCEN,1440,hvdc_2n,IT Power 2N + HVDC 2N,0.0146847670237995,0.07132973811576641,1.0,8.9
2026-07-31 07:00:00+00:00,2026-08-01 07:00:00+00:00,SHEPD,TAYCEN,1440,mains_2n,IT Power 2N + Direct Utility 2N,0.0146847670237995,0.20535548229227926,1.0,0.05
2026-07-31 07:00:00+00:00,2026-08-01 07:00:00+00:00,SHEPD,TAYCEN,1440,ups_2n,IT Power 2N + UPS 2N,0.0146847670237995,0.09763502318183893,1.0,9.0
2026-07-31 07:00:00+00:00,2026-08-01 07:00:00+00:00,SHEPD,TAYCEN,1440,ups_dr,IT Power 2N + UPS Distributed Redundancy,0.0146847670237995,0.13961785490011264,1.0,6.75
2026-08-02 07:00:00+00:00,2026-08-03 08:00:00+00:00,SHEPD,TAYCEN,1500,hvdc_2n,IT Power 2N + HVDC 2N,0.0145492353704519,0.07121759631373925,1.0,8.9
2026-08-02 07:00:00+00:00,2026-08-03 08:00:00+00:00,SHEPD,TAYCEN,1500,mains_2n,IT Power 2N + Direct Utility 2N,0.0145492353704519,0.205134403813364,1.0,0.05
2026-08-02 07:00:00+00:00,2026-08-03 08:00:00+00:00,SHEPD,TAYCEN,1500,ups_2n,IT Power 2N + UPS 2N,0.0145492353704519,0.09749182891089854,1.0,9.0
2026-08-02 07:00:00+00:00,2026-08-03 08:00:00+00:00,SHEPD,TAYCEN,1500,ups_dr,IT Power 2N + UPS Distributed Redundancy,0.0145492353704519,0.13943886339559733,1.0,6.75
2026-08-02 06:00:00+00:00,2026-08-03 08:00:00+00:00,SHEPD,TAYCEN,1560,hvdc_2n,IT Power 2N + HVDC 2N,0.0137112916760645,0.07052787117677771,1.0,8.9
2026-08-02 06:00:00+00:00,2026-08-03 08:00:00+00:00,SHEPD,TAYCEN,1560,mains_2n,IT Power 2N + Direct Utility 2N,0.0137112916760645,0.203771476260788,1.0,0.05
2026-08-02 06:00:00+00:00,2026-08-03 08:00:00+00:00,SHEPD,TAYCEN,1560,ups_2n,IT Power 2N + UPS 2N,0.0137112916760645,0.09661066316811075,1.0,9.0
2026-08-02 06:00:00+00:00,2026-08-03 08:00:00+00:00,SHEPD,TAYCEN,1560,ups_dr,IT Power 2N + UPS Distributed Redundancy,0.0137112916760645,0.13833648912771443,1.0,6.75
2026-08-02 02:00:00+00:00,2026-08-03 05:00:00+00:00,SHEPD,TAYCEN,1620,hvdc_2n,IT Power 2N + HVDC 2N,0.0107122501914882,0.06810961054974266,1.0,8.9
2026-08-02 02:00:00+00:00,2026-08-03 05:00:00+00:00,SHEPD,TAYCEN,1620,mains_2n,IT Power 2N + Direct Utility 2N,0.0107122501914882,0.1989487779835767,1.0,0.05
2026-08-02 02:00:00+00:00,2026-08-03 05:00:00+00:00,SHEPD,TAYCEN,1620,ups_2n,IT Power 2N + UPS 2N,0.0107122501914882,0.09351496897094037,1.0,9.0
2026-08-02 02:00:00+00:00,2026-08-03 05:00:00+00:00,SHEPD,TAYCEN,1620,ups_dr,IT Power 2N + UPS Distributed Redundancy,0.0107122501914882,0.1344508742460663,1.0,6.75
2026-08-02 07:00:00+00:00,2026-08-03 11:00:00+00:00,SHEPD,TAYCEN,1680,hvdc_2n,IT Power 2N + HVDC 2N,0.0147786974333755,0.07140755377287261,1.0,8.9
2026-08-02 07:00:00+00:00,2026-08-03 11:00:00+00:00,SHEPD,TAYCEN,1680,mains_2n,IT Power 2N + Direct Utility 2N,0.0147786974333755,0.20550880468546787,1.0,0.05
2026-08-02 07:00:00+00:00,2026-08-03 11:00:00+00:00,SHEPD,TAYCEN,1680,ups_2n,IT Power 2N + UPS 2N,0.0147786974333755,0.09773437419301516,1.0,9.0
2026-08-02 07:00:00+00:00,2026-08-03 11:00:00+00:00,SHEPD,TAYCEN,1680,ups_dr,IT Power 2N + UPS Distributed Redundancy,0.0147786974333755,0.13974201811718293,1.0,6.75
2026-08-01 23:00:00+00:00,2026-08-03 04:00:00+00:00,SHEPD,TAYCEN,1740,hvdc_2n,IT Power 2N + HVDC 2N,0.00987851546342,0.06745110894563915,1.0,8.9
2026-08-01 23:00:00+00:00,2026-08-03 04:00:00+00:00,SHEPD,TAYCEN,1740,mains_2n,IT Power 2N + Direct Utility 2N,0.00987851546342,0.19762340459674696,1.0,0.05
2026-08-01 23:00:00+00:00,2026-08-03 04:00:00+00:00,SHEPD,TAYCEN,1740,ups_2n,IT Power 2N + UPS 2N,0.00987851546342,0.0926703035988005,1.0,9.0
2026-08-01 23:00:00+00:00,2026-08-03 04:00:00+00:00,SHEPD,TAYCEN,1740,ups_dr,IT Power 2N + UPS Distributed Redundancy,0.00987851546342,0.1333871737376674,1.0,6.75
2026-07-30 18:00:00+00:00,2026-08-01 00:00:00+00:00,SHEPD,TAYCEN,1800,hvdc_2n,IT Power 2N + HVDC 2N,0.0129177333064073,0.06988037640679015,1.0,8.9
2026-07-30 18:00:00+00:00,2026-08-01 00:00:00+00:00,SHEPD,TAYCEN,1800,mains_2n,IT Power 2N + Direct Utility 2N,0.0129177333064073,0.20248696472752814,1.0,0.05
2026-07-30 18:00:00+00:00,2026-08-01 00:00:00+00:00,SHEPD,TAYCEN,1800,ups_2n,IT Power 2N + UPS 2N,0.0129177333064073,0.09578273665017929,1.0,9.0
2026-07-30 18:00:00+00:00,2026-08-01 00:00:00+00:00,SHEPD,TAYCEN,1800,ups_dr,IT Power 2N + UPS Distributed Redundancy,0.0129177333064073,0.13729926084371097,1.0,6.75
2026-08-01 20:00:00+00:00,2026-08-03 03:00:00+00:00,SHEPD,TAYCEN,1860,hvdc_2n,IT Power 2N + HVDC 2N,0.0115098070067978,0.06874511009778152,1.0,8.9
2026-08-01 20:00:00+00:00,2026-08-03 03:00:00+00:00,SHEPD,TAYCEN,1860,mains_2n,IT Power 2N + Direct Utility 2N,0.0115098070067978,0.20022288205842628,1.0,0.05
2026-08-01 20:00:00+00:00,2026-08-03 03:00:00+00:00,SHEPD,TAYCEN,1860,ups_2n,IT Power 2N + UPS 2N,0.0115098070067978,0.09432943723637985,1.0,9.0
2026-08-01 20:00:00+00:00,2026-08-03 03:00:00+00:00,SHEPD,TAYCEN,1860,ups_dr,IT Power 2N + UPS Distributed Redundancy,0.0115098070067978,0.13547511463598697,1.0,6.75
2026-08-02 14:00:00+00:00,2026-08-03 22:00:00+00:00,SHEPD,TAYCEN,1920,hvdc_2n,IT Power 2N + HVDC 2N,0.0119219763892451,0.0690756783775268,1.0,8.9
2026-08-02 14:00:00+00:00,2026-08-03 22:00:00+00:00,SHEPD,TAYCEN,1920,mains_2n,IT Power 2N + Direct Utility 2N,0.0119219763892451,0.20088371964498836,1.0,0.05
2026-08-02 14:00:00+00:00,2026-08-03 22:00:00+00:00,SHEPD,TAYCEN,1920,ups_2n,IT Power 2N + UPS 2N,0.0119219763892451,0.0947528323599376,1.0,9.0
2026-08-02 14:00:00+00:00,2026-08-03 22:00:00+00:00,SHEPD,TAYCEN,1920,ups_dr,IT Power 2N + UPS Distributed Redundancy,0.0119219763892451,0.1360070061341345,1.0,6.75
2026-08-02 15:00:00+00:00,2026-08-04 00:00:00+00:00,SHEPD,TAYCEN,1980,hvdc_2n,IT Power 2N + HVDC 2N,0.0108846526258093,0.068246519194223,1.0,8.9
2026-08-02 15:00:00+00:00,2026-08-04 00:00:00+00:00,SHEPD,TAYCEN,1980,mains_2n,IT Power 2N + Direct Utility 2N,0.0108846526258093,0.19922367518287423,1.0,0.05
2026-08-02 15:00:00+00:00,2026-08-04 00:00:00+00:00,SHEPD,TAYCEN,1980,ups_2n,IT Power 2N + UPS 2N,0.0108846526258093,0.09369049099910397,1.0,9.0
2026-08-02 15:00:00+00:00,2026-08-04 00:00:00+00:00,SHEPD,TAYCEN,1980,ups_dr,IT Power 2N + UPS Distributed Redundancy,0.0108846526258093,0.13467172173961198,1.0,6.75
2026-08-02 01:00:00+00:00,2026-08-03 11:00:00+00:00,SHEPD,TAYCEN,2040,hvdc_2n,IT Power 2N + HVDC 2N,0.0155228730598531,0.07202683304024841,1.0,8.9
2026-08-02 01:00:00+00:00,2026-08-03 11:00:00+00:00,SHEPD,TAYCEN,2040,mains_2n,IT Power 2N + Direct Utility 2N,0.0155228730598531,0.20672652000444625,1.0,0.05
2026-08-02 01:00:00+00:00,2026-08-03 11:00:00+00:00,SHEPD,TAYCEN,2040,ups_2n,IT Power 2N + UPS 2N,0.0155228730598531,0.0985246859705949,1.0,9.0
2026-08-02 01:00:00+00:00,2026-08-03 11:00:00+00:00,SHEPD,TAYCEN,2040,ups_dr,IT Power 2N + UPS Distributed Redundancy,0.0155228730598531,0.14072898837075706,1.0,6.75
2026-07-31 08:00:00+00:00,2026-08-01 19:00:00+00:00,SHEPD,TAYCEN,2100,hvdc_2n,IT Power 2N + HVDC 2N,0.0143297886004734,0.07103636647115695,1.0,8.9
2026-07-31 08:00:00+00:00,2026-08-01 19:00:00+00:00,SHEPD,TAYCEN,2100,mains_2n,IT Power 2N + Direct Utility 2N,0.0143297886004734,0.20477681798982816,1.0,0.05
2026-07-31 08:00:00+00:00,2026-08-01 19:00:00+00:00,SHEPD,TAYCEN,2100,ups_2n,IT Power 2N + UPS 2N,0.0143297886004734,0.09726037236799766,1.0,9.0
2026-07-31 08:00:00+00:00,2026-08-01 19:00:00+00:00,SHEPD,TAYCEN,2100,ups_dr,IT Power 2N + UPS Distributed Redundancy,0.0143297886004734,0.1391494561493765,1.0,6.75
2026-07-29 12:00:00+00:00,2026-07-31 00:00:00+00:00,SHEPD,TAYCEN,2160,hvdc_2n,IT Power 2N + HVDC 2N,0.0132263201242295,0.07013150839186183,1.0,8.9
2026-07-29 12:00:00+00:00,2026-07-31 00:00:00+00:00,SHEPD,TAYCEN,2160,mains_2n,IT Power 2N + Direct Utility 2N,0.0132263201242295,0.20298574674614145,1.0,0.05
2026-07-29 12:00:00+00:00,2026-07-31 00:00:00+00:00,SHEPD,TAYCEN,2160,ups_2n,IT Power 2N + UPS 2N,0.0132263201242295,0.09610393159996568,1.0,9.0
2026-07-29 12:00:00+00:00,2026-07-31 00:00:00+00:00,SHEPD,TAYCEN,2160,ups_dr,IT Power 2N + UPS Distributed Redundancy,0.0132263201242295,0.13770182307563453,1.0,6.75
2026-08-01 00:00:00+00:00,2026-08-02 13:00:00+00:00,SHEPD,TAYCEN,2220,hvdc_2n,IT Power 2N + HVDC 2N,0.0166142286496393,0.07294398703766278,1.0,8.9
2026-08-01 00:00:00+00:00,2026-08-02 13:00:00+00:00,SHEPD,TAYCEN,2220,mains_2n,IT Power 2N + Direct Utility 2N,0.0166142286496393,0.20852197010221193,1.0,0.05
2026-08-01 00:00:00+00:00,2026-08-02 13:00:00+00:00,SHEPD,TAYCEN,2220,ups_2n,IT Power 2N + UPS 2N,0.0166142286496393,0.09969399593569443,1.0,9.0
2026-08-01 00:00:00+00:00,2026-08-02 13:00:00+00:00,SHEPD,TAYCEN,2220,ups_dr,IT Power 2N + UPS Distributed Redundancy,0.0166142286496393,0.14218694505334478,1.0,6.75
2026-07-31 07:00:00+00:00,2026-08-01 21:00:00+00:00,SHEPD,TAYCEN,2280,hvdc_2n,IT Power 2N + HVDC 2N,0.0118270770597536,0.06899943700682368,1.0,8.9
2026-07-31 07:00:00+00:00,2026-08-01 21:00:00+00:00,SHEPD,TAYCEN,2280,mains_2n,IT Power 2N + Direct Utility 2N,0.0118270770597536,0.20073142151519463,1.0,0.05
2026-07-31 07:00:00+00:00,2026-08-01 21:00:00+00:00,SHEPD,TAYCEN,2280,ups_2n,IT Power 2N + UPS 2N,0.0118270770597536,0.09465519785212974,1.0,9.0
2026-07-31 07:00:00+00:00,2026-08-01 21:00:00+00:00,SHEPD,TAYCEN,2280,ups_dr,IT Power 2N + UPS Distributed Redundancy,0.0118270770597536,0.13588438585402304,1.0,6.75
2026-08-01 22:00:00+00:00,2026-08-03 13:00:00+00:00,SHEPD,TAYCEN,2340,hvdc_2n,IT Power 2N + HVDC 2N,0.0152461506854427,0.07179597704779501,1.0,8.9
2026-08-01 22:00:00+00:00,2026-08-03 13:00:00+00:00,SHEPD,TAYCEN,2340,mains_2n,IT Power 2N + Direct Utility 2N,0.0152461506854427,0.20627308941232644,1.0,0.05
2026-08-01 22:00:00+00:00,2026-08-03 13:00:00+00:00,SHEPD,TAYCEN,2340,ups_2n,IT Power 2N + UPS 2N,0.0152461506854427,0.09823014519941092,1.0,9.0
2026-08-01 22:00:00+00:00,2026-08-03 13:00:00+00:00,SHEPD,TAYCEN,2340,ups_dr,IT Power 2N + UPS Distributed Redundancy,0.0152461506854427,0.14036130357934112,1.0,6.75
2026-08-01 12:00:00+00:00,2026-08-03 04:00:00+00:00,SHEPD,TAYCEN,2400,hvdc_2n,IT Power 2N + HVDC 2N,0.0116169840568715,0.06883092705562459,1.0,8.9
2026-08-01 12:00:00+00:00,2026-08-03 04:00:00+00:00,SHEPD,TAYCEN,2400,mains_2n,IT Power 2N + Direct Utility 2N,0.0116169840568715,0.20039456375592019,1.0,0.05
2026-08-01 12:00:00+00:00,2026-08-03 04:00:00+00:00,SHEPD,TAYCEN,2400,ups_2n,IT Power 2N + UPS 2N,0.0116169840568715,0.09443936999602558,1.0,9.0
2026-08-01 12:00:00+00:00,2026-08-03 04:00:00+00:00,SHEPD,TAYCEN,2400,ups_dr,IT Power 2N + UPS Distributed Redundancy,0.0116169840568715,0.13561325421910297,1.0,6.75
2026-08-01 22:00:00+00:00,2026-08-03 15:00:00+00:00,SHEPD,TAYCEN,2460,hvdc_2n,IT Power 2N + HVDC 2N,0.0150833782390652,0.07166050300313181,1.0,8.9
2026-08-01 22:00:00+00:00,2026-08-03 15:00:00+00:00,SHEPD,TAYCEN,2460,mains_2n,IT Power 2N + Direct Utility 2N,0.0150833782390652,0.20600671844760313,1.0,0.05
2026-08-01 22:00:00+00:00,2026-08-03 15:00:00+00:00,SHEPD,TAYCEN,2460,ups_2n,IT Power 2N + UPS 2N,0.0150833782390652,0.0980572584086606,1.0,9.0
2026-08-01 22:00:00+00:00,2026-08-03 15:00:00+00:00,SHEPD,TAYCEN,2460,ups_dr,IT Power 2N + UPS Distributed Redundancy,0.0150833782390652,0.14014540129183822,1.0,6.75
2026-08-01 15:00:00+00:00,2026-08-03 09:00:00+00:00,SHEPD,TAYCEN,2520,hvdc_2n,IT Power 2N + HVDC 2N,0.0133534056901596,0.0702351746758793,1.0,8.9
2026-08-01 15:00:00+00:00,2026-08-03 09:00:00+00:00,SHEPD,TAYCEN,2520,mains_2n,IT Power 2N + Direct Utility 2N,0.0133534056901596,0.2031914266029413,1.0,0.05
2026-08-01 15:00:00+00:00,2026-08-03 09:00:00+00:00,SHEPD,TAYCEN,2520,ups_2n,IT Power 2N + UPS 2N,0.0133534056901596,0.0962364891987745,1.0,9.0
2026-08-01 15:00:00+00:00,2026-08-03 09:00:00+00:00,SHEPD,TAYCEN,2520,ups_dr,IT Power 2N + UPS Distributed Redundancy,0.0133534056901596,0.13786789874560812,1.0,6.75
2026-07-31 00:00:00+00:00,2026-08-01 19:00:00+00:00,SHEPD,TAYCEN,2580,hvdc_2n,IT Power 2N + HVDC 2N,0.0162561870007411,0.07264191603517633,1.0,8.9
2026-07-31 00:00:00+00:00,2026-08-01 19:00:00+00:00,SHEPD,TAYCEN,2580,mains_2n,IT Power 2N + Direct Utility 2N,0.0162561870007411,0.20793167283903738,1.0,0.05
2026-07-31 00:00:00+00:00,2026-08-01 19:00:00+00:00,SHEPD,TAYCEN,2580,ups_2n,IT Power 2N + UPS 2N,0.0162561870007411,0.09930902586220249,1.0,9.0
2026-07-31 00:00:00+00:00,2026-08-01 19:00:00+00:00,SHEPD,TAYCEN,2580,ups_dr,IT Power 2N + UPS Distributed Redundancy,0.0162561870007411,0.1417072486556638,1.0,6.75
2026-08-01 03:00:00+00:00,2026-08-02 23:00:00+00:00,SHEPD,TAYCEN,2640,hvdc_2n,IT Power 2N + HVDC 2N,0.0125911540948743,0.06961550803492468,1.0,8.9
2026-08-01 03:00:00+00:00,2026-08-02 23:00:00+00:00,SHEPD,TAYCEN,2640,mains_2n,IT Power 2N + Direct Utility 2N,0.0125911540948743,0.2019600974229283,1.0,0.05
2026-08-01 03:00:00+00:00,2026-08-02 23:00:00+00:00,SHEPD,TAYCEN,2640,ups_2n,IT Power 2N + UPS 2N,0.0125911540948743,0.09544385984963374,1.0,9.0
2026-08-01 03:00:00+00:00,2026-08-02 23:00:00+00:00,SHEPD,TAYCEN,2640,ups_dr,IT Power 2N + UPS Distributed Redundancy,0.0125911540948743,0.13687430517581078,1.0,6.75
2026-07-31 19:00:00+00:00,2026-08-02 16:00:00+00:00,SHEPD,TAYCEN,2700,hvdc_2n,IT Power 2N + HVDC 2N,0.067698939166177,0.12968314013909454,1.0,8.9
2026-07-31 19:00:00+00:00,2026-08-02 16:00:00+00:00,SHEPD,TAYCEN,2700,mains_2n,IT Power 2N + Direct Utility 2N,0.067698939166177,0.3051249652752372,1.0,0.05
2026-07-31 19:00:00+00:00,2026-08-02 16:00:00+00:00,SHEPD,TAYCEN,2700,ups_2n,IT Power 2N + UPS 2N,0.067698939166177,0.16972003423656026,1.0,9.0
2026-07-31 19:00:00+00:00,2026-08-02 16:00:00+00:00,SHEPD,TAYCEN,2700,ups_dr,IT Power 2N + UPS Distributed Redundancy,0.067698939166177,0.22525311174780163,1.0,6.75
2026-08-02 02:00:00+00:00,2026-08-04 00:00:00+00:00,SHEPD,TAYCEN,2760,hvdc_2n,IT Power 2N + HVDC 2N,0.0107274398548022,0.06812166276845649,1.0,8.9
2026-08-02 02:00:00+00:00,2026-08-04 00:00:00+00:00,SHEPD,TAYCEN,2760,mains_2n,IT Power 2N + Direct Utility 2N,0.0107274398548022,0.19897298657775228,1.0,0.05
2026-08-02 02:00:00+00:00,2026-08-04 00:00:00+00:00,SHEPD,TAYCEN,2760,ups_2n,IT Power 2N + UPS 2N,0.0107274398548022,0.09353042163426858,1.0,9.0
2026-08-02 02:00:00+00:00,2026-08-04 00:00:00+00:00,SHEPD,TAYCEN,2760,ups_dr,IT Power 2N + UPS Distributed Redundancy,0.0107274398548022,0.13447031990709976,1.0,6.75
2026-07-31 13:00:00+00:00,2026-08-02 12:00:00+00:00,SHEPD,TAYCEN,2820,hvdc_2n,IT Power 2N + HVDC 2N,0.015431329464355,0.07195038699278308,1.0,8.9
2026-07-31 13:00:00+00:00,2026-08-02 12:00:00+00:00,SHEPD,TAYCEN,2820,mains_2n,IT Power 2N + Direct Utility 2N,0.015431329464355,0.2065764373562046,1.0,0.05
2026-07-31 13:00:00+00:00,2026-08-02 12:00:00+00:00,SHEPD,TAYCEN,2820,ups_2n,IT Power 2N + UPS 2N,0.015431329464355,0.09842716083304776,1.0,9.0
2026-07-31 13:00:00+00:00,2026-08-02 12:00:00+00:00,SHEPD,TAYCEN,2820,ups_dr,IT Power 2N + UPS Distributed Redundancy,0.015431329464355,0.14060726408054203,1.0,6.75
2026-07-30 07:00:00+00:00,2026-08-01 07:00:00+00:00,SHEPD,TAYCEN,2880,hvdc_2n,IT Power 2N + HVDC 2N,0.0131207580394333,0.07004550682797003,1.0,8.9
2026-07-30 07:00:00+00:00,2026-08-01 07:00:00+00:00,SHEPD,TAYCEN,2880,mains_2n,IT Power 2N + Direct Utility 2N,0.0131207580394333,0.2028150192758816,1.0,0.05
2026-07-30 07:00:00+00:00,2026-08-01 07:00:00+00:00,SHEPD,TAYCEN,2880,ups_2n,IT Power 2N + UPS 2N,0.0131207580394333,0.09599394832275511,1.0,9.0
2026-07-30 07:00:00+00:00,2026-08-01 07:00:00+00:00,SHEPD,TAYCEN,2880,ups_dr,IT Power 2N + UPS Distributed Redundancy,0.0131207580394333,0.13756400217418083,1.0,6.75
2026-08-02 18:00:00+00:00,2026-08-02 19:00:00+00:00,SHEPD,WISLES,60,hvdc_2n,IT Power 2N + HVDC 2N,0.0066119084737072,0.06492760075362841,1.0,8.9
2026-08-02 18:00:00+00:00,2026-08-02 19:00:00+00:00,SHEPD,WISLES,60,mains_2n,IT Power 2N + Direct Utility 2N,0.0066119084737072,0.1924947128080722,1.0,0.05
2026-08-02 18:00:00+00:00,2026-08-02 19:00:00+00:00,SHEPD,WISLES,60,ups_2n,IT Power 2N + UPS 2N,0.0066119084737072,0.08942653775338831,1.0,9.0
2026-08-02 18:00:00+00:00,2026-08-02 19:00:00+00:00,SHEPD,WISLES,60,ups_dr,IT Power 2N + UPS Distributed Redundancy,0.0066119084737072,0.12928797601286143,1.0,6.75
2026-08-01 16:00:00+00:00,2026-08-01 18:00:00+00:00,SHEPD,WISLES,120,hvdc_2n,IT Power 2N + HVDC 2N,0.0082049002588663,0.06614704654112932,1.0,8.9
2026-08-01 16:00:00+00:00,2026-08-01 18:00:00+00:00,SHEPD,WISLES,120,mains_2n,IT Power 2N + Direct Utility 2N,0.0082049002588663,0.1949830035349144,1.0,0.05
2026-08-01 16:00:00+00:00,2026-08-01 18:00:00+00:00,SHEPD,WISLES,120,ups_2n,IT Power 2N + UPS 2N,0.0082049002588663,0.09099540016447814,1.0,9.0
2026-08-01 16:00:00+00:00,2026-08-01 18:00:00+00:00,SHEPD,WISLES,120,ups_dr,IT Power 2N + UPS Distributed Redundancy,0.0082049002588663,0.1312734219889819,1.0,6.75
2026-08-03 15:00:00+00:00,2026-08-03 18:00:00+00:00,SHEPD,WISLES,180,hvdc_2n,IT Power 2N + HVDC 2N,0.0117048448745562,0.06890135144255438,1.0,8.9
2026-08-03 15:00:00+00:00,2026-08-03 18:00:00+00:00,SHEPD,WISLES,180,mains_2n,IT Power 2N + Direct Utility 2N,0.0117048448745562,0.2005353859879908,1.0,0.05
2026-08-03 15:00:00+00:00,2026-08-03 18:00:00+00:00,SHEPD,WISLES,180,ups_2n,IT Power 2N + UPS 2N,0.0117048448745562,0.09452957545123304,1.0,9.0
2026-08-03 15:00:00+00:00,2026-08-03 18:00:00+00:00,SHEPD,WISLES,180,ups_dr,IT Power 2N + UPS Distributed Redundancy,0.0117048448745562,0.13572658584004108,1.0,6.75
2026-08-03 13:00:00+00:00,2026-08-03 17:00:00+00:00,SHEPD,WISLES,240,hvdc_2n,IT Power 2N + HVDC 2N,0.0126168879192367,0.06963634540623014,1.0,8.9
2026-08-03 13:00:00+00:00,2026-08-03 17:00:00+00:00,SHEPD,WISLES,240,mains_2n,IT Power 2N + Direct Utility 2N,0.0126168879192367,0.20200157637912147,1.0,0.05
2026-08-03 13:00:00+00:00,2026-08-03 17:00:00+00:00,SHEPD,WISLES,240,ups_2n,IT Power 2N + UPS 2N,0.0126168879192367,0.09547052373017359,1.0,9.0
2026-08-03 13:00:00+00:00,2026-08-03 17:00:00+00:00,SHEPD,WISLES,240,ups_dr,IT Power 2N + UPS Distributed Redundancy,0.0126168879192367,0.13690775067108882,1.0,6.75
2026-08-02 08:00:00+00:00,2026-08-02 13:00:00+00:00,SHEPD,WISLES,300,hvdc_2n,IT Power 2N + HVDC 2N,0.0161469409793304,0.07254997763290294,1.0,8.9
2026-08-02 08:00:00+00:00,2026-08-02 13:00:00+00:00,SHEPD,WISLES,300,mains_2n,IT Power 2N + Direct Utility 2N,0.0161469409793304,0.20775180631925788,1.0,0.05
2026-08-02 08:00:00+00:00,2026-08-02 13:00:00+00:00,SHEPD,WISLES,300,ups_2n,IT Power 2N + UPS 2N,0.0161469409793304,0.09919182703204704,1.0,9.0
2026-08-02 08:00:00+00:00,2026-08-02 13:00:00+00:00,SHEPD,WISLES,300,ups_dr,IT Power 2N + UPS Distributed Redundancy,0.0161469409793304,0.14156115248847448,1.0,6.75
2026-08-03 13:00:00+00:00,2026-08-03 19:00:00+00:00,SHEPD,WISLES,360,hvdc_2n,IT Power 2N + HVDC 2N,0.0129389114189462,0.0698975848173282,1.0,8.9
2026-08-03 13:00:00+00:00,2026-08-03 19:00:00+00:00,SHEPD,WISLES,360,mains_2n,IT Power 2N + Direct Utility 2N,0.0129389114189462,0.20252116656788835,1.0,0.05
2026-08-03 13:00:00+00:00,2026-08-03 19:00:00+00:00,SHEPD,WISLES,360,ups_2n,IT Power 2N + UPS 2N,0.0129389114189462,0.09580474934167531,1.0,9.0
2026-08-03 13:00:00+00:00,2026-08-03 19:00:00+00:00,SHEPD,WISLES,360,ups_dr,IT Power 2N + UPS Distributed Redundancy,0.0129389114189462,0.13732685677159598,1.0,6.75
2026-07-29 20:00:00+00:00,2026-07-30 03:00:00+00:00,SHEPD,WISLES,420,hvdc_2n,IT Power 2N + HVDC 2N,0.0089202870380639,0.06670157669013055,1.0,8.9
2026-07-29 20:00:00+00:00,2026-07-30 03:00:00+00:00,SHEPD,WISLES,420,mains_2n,IT Power 2N + Direct Utility 2N,0.0089202870380639,0.1961083585421986,1.0,0.05
2026-07-29 20:00:00+00:00,2026-07-30 03:00:00+00:00,SHEPD,WISLES,420,ups_2n,IT Power 2N + UPS 2N,0.0089202870380639,0.09170797840950859,1.0,9.0
2026-07-29 20:00:00+00:00,2026-07-30 03:00:00+00:00,SHEPD,WISLES,420,ups_dr,IT Power 2N + UPS Distributed Redundancy,0.0089202870380639,0.13217344423574046,1.0,6.75
2026-08-03 03:00:00+00:00,2026-08-03 11:00:00+00:00,SHEPD,WISLES,480,hvdc_2n,IT Power 2N + HVDC 2N,0.0154363141122474,0.07195454763537036,1.0,8.9
2026-08-03 03:00:00+00:00,2026-08-03 11:00:00+00:00,SHEPD,WISLES,480,mains_2n,IT Power 2N + Direct Utility 2N,0.0154363141122474,0.2065846074438385,1.0,0.05
2026-08-03 03:00:00+00:00,2026-08-03 11:00:00+00:00,SHEPD,WISLES,480,ups_2n,IT Power 2N + UPS 2N,0.0154363141122474,0.09843246896782519,1.0,9.0
2026-08-03 03:00:00+00:00,2026-08-03 11:00:00+00:00,SHEPD,WISLES,480,ups_dr,IT Power 2N + UPS Distributed Redundancy,0.0154363141122474,0.1406138898323766,1.0,6.75
2026-08-02 18:00:00+00:00,2026-08-03 03:00:00+00:00,SHEPD,WISLES,540,hvdc_2n,IT Power 2N + HVDC 2N,0.0101680585533261,0.06767912418618292,1.0,8.9
2026-08-02 18:00:00+00:00,2026-08-03 03:00:00+00:00,SHEPD,WISLES,540,mains_2n,IT Power 2N + Direct Utility 2N,0.0101680585533261,0.19808293042461586,1.0,0.05
2026-08-02 18:00:00+00:00,2026-08-03 03:00:00+00:00,SHEPD,WISLES,540,ups_2n,IT Power 2N + UPS 2N,0.0101680585533261,0.09296286350321976,1.0,9.0
2026-08-02 18:00:00+00:00,2026-08-03 03:00:00+00:00,SHEPD,WISLES,540,ups_dr,IT Power 2N + UPS Distributed Redundancy,0.0101680585533261,0.13375577100122965,1.0,6.75
2026-08-03 10:00:00+00:00,2026-08-03 20:00:00+00:00,SHEPD,WISLES,600,hvdc_2n,IT Power 2N + HVDC 2N,0.0119678575558992,0.06911256690630872,1.0,8.9
2026-08-03 10:00:00+00:00,2026-08-03 20:00:00+00:00,SHEPD,WISLES,600,mains_2n,IT Power 2N + Direct Utility 2N,0.0119678575558992,0.20095738253790976,1.0,0.05
2026-08-03 10:00:00+00:00,2026-08-03 20:00:00+00:00,SHEPD,WISLES,600,ups_2n,IT Power 2N + UPS 2N,0.0119678575558992,0.09480006823584441,1.0,9.0
2026-08-03 10:00:00+00:00,2026-08-03 20:00:00+00:00,SHEPD,WISLES,600,ups_dr,IT Power 2N + UPS Distributed Redundancy,0.0119678575558992,0.1360663230304808,1.0,6.75
2026-07-31 12:00:00+00:00,2026-07-31 23:00:00+00:00,SHEPD,WISLES,660,hvdc_2n,IT Power 2N + HVDC 2N,0.0094524669724247,0.06711689124980325,1.0,8.9
2026-07-31 12:00:00+00:00,2026-07-31 23:00:00+00:00,SHEPD,WISLES,660,mains_2n,IT Power 2N + Direct Utility 2N,0.0094524669724247,0.19694869657188332,1.0,0.05
2026-07-31 12:00:00+00:00,2026-07-31 23:00:00+00:00,SHEPD,WISLES,660,ups_2n,IT Power 2N + UPS 2N,0.0094524669724247,0.09224131913496891,1.0,9.0
2026-07-31 12:00:00+00:00,2026-07-31 23:00:00+00:00,SHEPD,WISLES,660,ups_dr,IT Power 2N + UPS Distributed Redundancy,0.0094524669724247,0.13284636392083365,1.0,6.75
2026-08-03 12:00:00+00:00,2026-08-04 00:00:00+00:00,SHEPD,WISLES,720,hvdc_2n,IT Power 2N + HVDC 2N,0.0110355542995865,0.06836656287574051,1.0,8.9
2026-08-03 12:00:00+00:00,2026-08-04 00:00:00+00:00,SHEPD,WISLES,720,mains_2n,IT Power 2N + Direct Utility 2N,0.0110355542995865,0.19946452332878942,1.0,0.05
2026-08-03 12:00:00+00:00,2026-08-04 00:00:00+00:00,SHEPD,WISLES,720,ups_2n,IT Power 2N + UPS 2N,0.0110355542995865,0.09384436558141103,1.0,9.0
2026-08-03 12:00:00+00:00,2026-08-04 00:00:00+00:00,SHEPD,WISLES,720,ups_dr,IT Power 2N + UPS Distributed Redundancy,0.0110355542995865,0.1348652780762425,1.0,6.75
2026-08-03 12:00:00+00:00,2026-08-04 01:00:00+00:00,SHEPD,WISLES,780,hvdc_2n,IT Power 2N + HVDC 2N,0.0104622907064577,0.06791156419525941,1.0,8.9
2026-08-03 12:00:00+00:00,2026-08-04 01:00:00+00:00,SHEPD,WISLES,780,mains_2n,IT Power 2N + Direct Utility 2N,0.0104622907064577,0.19855072189411566,1.0,0.05
2026-08-03 12:00:00+00:00,2026-08-04 01:00:00+00:00,SHEPD,WISLES,780,ups_2n,IT Power 2N + UPS 2N,0.0104622907064577,0.09326101025716664,1.0,9.0
2026-08-03 12:00:00+00:00,2026-08-04 01:00:00+00:00,SHEPD,WISLES,780,ups_dr,IT Power 2N + UPS Distributed Redundancy,0.0104622907064577,0.1341312195443808,1.0,6.75
2026-07-31 20:00:00+00:00,2026-08-01 10:00:00+00:00,SHEPD,WISLES,840,hvdc_2n,IT Power 2N + HVDC 2N,0.0143214271427232,0.07102946960189971,1.0,8.9
2026-07-31 20:00:00+00:00,2026-08-01 10:00:00+00:00,SHEPD,WISLES,840,mains_2n,IT Power 2N + Direct Utility 2N,0.0143214271427232,0.2047632022544854,1.0,0.05
2026-07-31 20:00:00+00:00,2026-08-01 10:00:00+00:00,SHEPD,WISLES,840,ups_2n,IT Power 2N + UPS 2N,0.0143214271427232,0.09725156301260361,1.0,9.0
2026-07-31 20:00:00+00:00,2026-08-01 10:00:00+00:00,SHEPD,WISLES,840,ups_dr,IT Power 2N + UPS Distributed Redundancy,0.0143214271427232,0.13913843899228157,1.0,6.75
2026-08-03 11:00:00+00:00,2026-08-04 02:00:00+00:00,SHEPD,WISLES,900,hvdc_2n,IT Power 2N + HVDC 2N,0.0103495541461782,0.06782241627577418,1.0,8.9
2026-08-03 11:00:00+00:00,2026-08-04 02:00:00+00:00,SHEPD,WISLES,900,mains_2n,IT Power 2N + Direct Utility 2N,0.0103495541461782,0.1983713870501497,1.0,0.05
2026-08-03 11:00:00+00:00,2026-08-04 02:00:00+00:00,SHEPD,WISLES,900,ups_2n,IT Power 2N + UPS 2N,0.0103495541461782,0.09314667255490025,1.0,9.0
2026-08-03 11:00:00+00:00,2026-08-04 02:00:00+00:00,SHEPD,WISLES,900,ups_dr,IT Power 2N + UPS Distributed Redundancy,0.0103495541461782,0.13398725937044406,1.0,6.75
2026-08-03 00:00:00+00:00,2026-08-03 16:00:00+00:00,SHEPD,WISLES,960,hvdc_2n,IT Power 2N + HVDC 2N,0.0154829573371036,0.07199349108901275,1.0,8.9
2026-08-03 00:00:00+00:00,2026-08-03 16:00:00+00:00,SHEPD,WISLES,960,mains_2n,IT Power 2N + Direct Utility 2N,0.0154829573371036,0.20666106960753644,1.0,0.05
2026-08-03 00:00:00+00:00,2026-08-03 16:00:00+00:00,SHEPD,WISLES,960,ups_2n,IT Power 2N + UPS 2N,0.0154829573371036,0.09848215153981103,1.0,9.0
2026-08-03 00:00:00+00:00,2026-08-03 16:00:00+00:00,SHEPD,WISLES,960,ups_dr,IT Power 2N + UPS Distributed Redundancy,0.0154829573371036,0.1406759021389511,1.0,6.75
2026-08-01 00:00:00+00:00,2026-08-01 17:00:00+00:00,SHEPD,WISLES,1020,hvdc_2n,IT Power 2N + HVDC 2N,0.0131900459377063,0.07010194476192659,1.0,8.9
2026-08-01 00:00:00+00:00,2026-08-01 17:00:00+00:00,SHEPD,WISLES,1020,mains_2n,IT Power 2N + Direct Utility 2N,0.0131900459377063,0.2029270677709141,1.0,0.05
2026-08-01 00:00:00+00:00,2026-08-01 17:00:00+00:00,SHEPD,WISLES,1020,ups_2n,IT Power 2N + UPS 2N,0.0131900459377063,0.09606612546974576,1.0,9.0
2026-08-01 00:00:00+00:00,2026-08-01 17:00:00+00:00,SHEPD,WISLES,1020,ups_dr,IT Power 2N + UPS Distributed Redundancy,0.0131900459377063,0.1376544507461853,1.0,6.75
2026-08-03 03:00:00+00:00,2026-08-03 21:00:00+00:00,SHEPD,WISLES,1080,hvdc_2n,IT Power 2N + HVDC 2N,0.0120645443337479,0.06919036294113096,1.0,8.9
2026-08-03 03:00:00+00:00,2026-08-03 21:00:00+00:00,SHEPD,WISLES,1080,mains_2n,IT Power 2N + Direct Utility 2N,0.0120645443337479,0.20111268078366032,1.0,0.05
2026-08-03 03:00:00+00:00,2026-08-03 21:00:00+00:00,SHEPD,WISLES,1080,ups_2n,IT Power 2N + UPS 2N,0.0120645443337479,0.09489967886194495,1.0,9.0
2026-08-03 03:00:00+00:00,2026-08-03 21:00:00+00:00,SHEPD,WISLES,1080,ups_dr,IT Power 2N + UPS Distributed Redundancy,0.0120645443337479,0.13619139469103428,1.0,6.75
2026-08-02 10:00:00+00:00,2026-08-03 05:00:00+00:00,SHEPD,WISLES,1140,hvdc_2n,IT Power 2N + HVDC 2N,0.011734466852538,0.06892510982282198,1.0,8.9
2026-08-02 10:00:00+00:00,2026-08-03 05:00:00+00:00,SHEPD,WISLES,1140,mains_2n,IT Power 2N + Direct Utility 2N,0.011734466852538,0.20058288043576444,1.0,0.05
2026-08-02 10:00:00+00:00,2026-08-03 05:00:00+00:00,SHEPD,WISLES,1140,ups_2n,IT Power 2N + UPS 2N,0.011734466852538,0.09456000530550579,1.0,9.0
2026-08-02 10:00:00+00:00,2026-08-03 05:00:00+00:00,SHEPD,WISLES,1140,ups_dr,IT Power 2N + UPS Distributed Redundancy,0.011734466852538,0.1357648132053305,1.0,6.75
2026-08-01 06:00:00+00:00,2026-08-02 02:00:00+00:00,SHEPD,WISLES,1200,hvdc_2n,IT Power 2N + HVDC 2N,0.0099009365312128,0.06746874005575397,1.0,8.9
2026-08-01 06:00:00+00:00,2026-08-02 02:00:00+00:00,SHEPD,WISLES,1200,mains_2n,IT Power 2N + Direct Utility 2N,0.0099009365312128,0.19765895973433684,1.0,0.05
2026-08-01 06:00:00+00:00,2026-08-02 02:00:00+00:00,SHEPD,WISLES,1200,ups_2n,IT Power 2N + UPS 2N,0.0099009365312128,0.09269292871637391,1.0,9.0
2026-08-01 06:00:00+00:00,2026-08-02 02:00:00+00:00,SHEPD,WISLES,1200,ups_dr,IT Power 2N + UPS Distributed Redundancy,0.0099009365312128,0.13341568572096127,1.0,6.75
2026-08-02 12:00:00+00:00,2026-08-03 09:00:00+00:00,SHEPD,WISLES,1260,hvdc_2n,IT Power 2N + HVDC 2N,0.0150232876640068,0.07161054980178459,1.0,8.9
2026-08-02 12:00:00+00:00,2026-08-03 09:00:00+00:00,SHEPD,WISLES,1260,mains_2n,IT Power 2N + Direct Utility 2N,0.0150232876640068,0.20590844688942728,1.0,0.05
2026-08-02 12:00:00+00:00,2026-08-03 09:00:00+00:00,SHEPD,WISLES,1260,ups_2n,IT Power 2N + UPS 2N,0.0150232876640068,0.09799350249906424,1.0,9.0
2026-08-02 12:00:00+00:00,2026-08-03 09:00:00+00:00,SHEPD,WISLES,1260,ups_dr,IT Power 2N + UPS Distributed Redundancy,0.0150232876640068,0.14006576709410137,1.0,6.75
2026-08-01 14:00:00+00:00,2026-08-02 12:00:00+00:00,SHEPD,WISLES,1320,hvdc_2n,IT Power 2N + HVDC 2N,0.0142605014790122,0.0709792343120133,1.0,8.9
2026-08-01 14:00:00+00:00,2026-08-02 12:00:00+00:00,SHEPD,WISLES,1320,mains_2n,IT Power 2N + Direct Utility 2N,0.0142605014790122,0.20466401165284387,1.0,0.05
2026-08-01 14:00:00+00:00,2026-08-02 12:00:00+00:00,SHEPD,WISLES,1320,ups_2n,IT Power 2N + UPS 2N,0.0142605014790122,0.09718739523907902,1.0,9.0
2026-08-01 14:00:00+00:00,2026-08-02 12:00:00+00:00,SHEPD,WISLES,1320,ups_dr,IT Power 2N + UPS Distributed Redundancy,0.0142605014790122,0.13905818468279557,1.0,6.75
2026-07-31 12:00:00+00:00,2026-08-01 11:00:00+00:00,SHEPD,WISLES,1380,hvdc_2n,IT Power 2N + HVDC 2N,0.0133732685690435,0.07025139002590355,1.0,8.9
2026-07-31 12:00:00+00:00,2026-08-01 11:00:00+00:00,SHEPD,WISLES,1380,mains_2n,IT Power 2N + Direct Utility 2N,0.0133732685690435,0.2032235874275282,1.0,0.05
2026-07-31 12:00:00+00:00,2026-08-01 11:00:00+00:00,SHEPD,WISLES,1380,ups_2n,IT Power 2N + UPS 2N,0.0133732685690435,0.0962572220871951,1.0,9.0
2026-07-31 12:00:00+00:00,2026-08-01 11:00:00+00:00,SHEPD,WISLES,1380,ups_dr,IT Power 2N + UPS Distributed Redundancy,0.0133732685690435,0.1378938707946711,1.0,6.75
2026-08-01 13:00:00+00:00,2026-08-02 13:00:00+00:00,SHEPD,WISLES,1440,hvdc_2n,IT Power 2N + HVDC 2N,0.0139887925151465,0.07075560025633827,1.0,8.9
2026-08-01 13:00:00+00:00,2026-08-02 13:00:00+00:00,SHEPD,WISLES,1440,mains_2n,IT Power 2N + Direct Utility 2N,0.0139887925151465,0.20422208778848755,1.0,0.05
2026-08-01 13:00:00+00:00,2026-08-02 13:00:00+00:00,SHEPD,WISLES,1440,ups_2n,IT Power 2N + UPS 2N,0.0139887925151465,0.0969016872608448,1.0,9.0
2026-08-01 13:00:00+00:00,2026-08-02 13:00:00+00:00,SHEPD,WISLES,1440,ups_dr,IT Power 2N + UPS Distributed Redundancy,0.0139887925151465,0.13870074856936784,1.0,6.75
2026-08-02 14:00:00+00:00,2026-08-03 15:00:00+00:00,SHEPD,WISLES,1500,hvdc_2n,IT Power 2N + HVDC 2N,0.0153812491284367,0.07190859768263491,1.0,8.9
2026-08-02 14:00:00+00:00,2026-08-03 15:00:00+00:00,SHEPD,WISLES,1500,mains_2n,IT Power 2N + Direct Utility 2N,0.0153812491284367,0.2064943664389246,1.0,0.05
2026-08-02 14:00:00+00:00,2026-08-03 15:00:00+00:00,SHEPD,WISLES,1500,ups_2n,IT Power 2N + UPS 2N,0.0153812491284367,0.0983738446012026,1.0,9.0
2026-08-02 14:00:00+00:00,2026-08-03 15:00:00+00:00,SHEPD,WISLES,1500,ups_dr,IT Power 2N + UPS Distributed Redundancy,0.0153812491284367,0.14054071020210643,1.0,6.75
2026-08-01 17:00:00+00:00,2026-08-02 19:00:00+00:00,SHEPD,WISLES,1560,hvdc_2n,IT Power 2N + HVDC 2N,0.0133010253912068,0.07019242984923003,1.0,8.9
2026-08-01 17:00:00+00:00,2026-08-02 19:00:00+00:00,SHEPD,WISLES,1560,mains_2n,IT Power 2N + Direct Utility 2N,0.0133010253912068,0.2031066336370145,1.0,0.05
2026-08-01 17:00:00+00:00,2026-08-02 19:00:00+00:00,SHEPD,WISLES,1560,ups_2n,IT Power 2N + UPS 2N,0.0133010253912068,0.09618183373643528,1.0,9.0
2026-08-01 17:00:00+00:00,2026-08-02 19:00:00+00:00,SHEPD,WISLES,1560,ups_dr,IT Power 2N + UPS Distributed Redundancy,0.0133010253912068,0.13779942769200723,1.0,6.75
2026-08-02 03:00:00+00:00,2026-08-03 06:00:00+00:00,SHEPD,WISLES,1620,hvdc_2n,IT Power 2N + HVDC 2N,0.0124196222921908,0.06947676142753165,1.0,8.9
2026-08-02 03:00:00+00:00,2026-08-03 06:00:00+00:00,SHEPD,WISLES,1620,mains_2n,IT Power 2N + Direct Utility 2N,0.0124196222921908,0.201683777146445,1.0,0.05
2026-08-02 03:00:00+00:00,2026-08-03 06:00:00+00:00,SHEPD,WISLES,1620,ups_2n,IT Power 2N + UPS 2N,0.0124196222921908,0.09526629877492254,1.0,9.0
2026-08-02 03:00:00+00:00,2026-08-03 06:00:00+00:00,SHEPD,WISLES,1620,ups_dr,IT Power 2N + UPS Distributed Redundancy,0.0124196222921908,0.1366515459394783,1.0,6.75
2026-08-01 21:00:00+00:00,2026-08-03 01:00:00+00:00,SHEPD,WISLES,1680,hvdc_2n,IT Power 2N + HVDC 2N,0.0097456782108531,0.06734673822319648,1.0,8.9
2026-08-01 21:00:00+00:00,2026-08-03 01:00:00+00:00,SHEPD,WISLES,1680,mains_2n,IT Power 2N + Direct Utility 2N,0.0097456782108531,0.1974128513016269,1.0,0.05
2026-08-01 21:00:00+00:00,2026-08-03 01:00:00+00:00,SHEPD,WISLES,1680,ups_2n,IT Power 2N + UPS 2N,0.0097456782108531,0.09253635910883587,1.0,9.0
2026-08-01 21:00:00+00:00,2026-08-03 01:00:00+00:00,SHEPD,WISLES,1680,ups_dr,IT Power 2N + UPS Distributed Redundancy,0.0097456782108531,0.13321835560691805,1.0,6.75
2026-07-29 04:00:00+00:00,2026-07-30 09:00:00+00:00,SHEPD,WISLES,1740,hvdc_2n,IT Power 2N + HVDC 2N,0.0141761822268416,0.07090976434158511,1.0,8.9
2026-07-29 04:00:00+00:00,2026-07-30 09:00:00+00:00,SHEPD,WISLES,1740,mains_2n,IT Power 2N + Direct Utility 2N,0.0141761822268416,0.2045267937743191,1.0,0.05
2026-07-29 04:00:00+00:00,2026-07-30 09:00:00+00:00,SHEPD,WISLES,1740,ups_2n,IT Power 2N + UPS 2N,0.0141761822268416,0.09709865133334224,1.0,9.0
2026-07-29 04:00:00+00:00,2026-07-30 09:00:00+00:00,SHEPD,WISLES,1740,ups_dr,IT Power 2N + UPS Distributed Redundancy,0.0141761822268416,0.13894717921031546,1.0,6.75
2026-08-02 08:00:00+00:00,2026-08-03 14:00:00+00:00,SHEPD,WISLES,1800,hvdc_2n,IT Power 2N + HVDC 2N,0.015572064648249,0.07206794279509064,1.0,8.9
2026-08-02 08:00:00+00:00,2026-08-03 14:00:00+00:00,SHEPD,WISLES,1800,mains_2n,IT Power 2N + Direct Utility 2N,0.015572064648249,0.20680720125576393,1.0,0.05
2026-08-02 08:00:00+00:00,2026-08-03 14:00:00+00:00,SHEPD,WISLES,1800,ups_2n,IT Power 2N + UPS 2N,0.015572064648249,0.09857712732663795,1.0,9.0
2026-08-02 08:00:00+00:00,2026-08-03 14:00:00+00:00,SHEPD,WISLES,1800,ups_dr,IT Power 2N + UPS Distributed Redundancy,0.015572064648249,0.14079443415617107,1.0,6.75
2026-08-01 15:00:00+00:00,2026-08-02 22:00:00+00:00,SHEPD,WISLES,1860,hvdc_2n,IT Power 2N + HVDC 2N,0.0129336199302847,0.06989328481718828,1.0,8.9
2026-08-01 15:00:00+00:00,2026-08-02 22:00:00+00:00,SHEPD,WISLES,1860,mains_2n,IT Power 2N + Direct Utility 2N,0.0129336199302847,0.20251262061255038,1.0,0.05
2026-08-01 15:00:00+00:00,2026-08-02 22:00:00+00:00,SHEPD,WISLES,1860,ups_2n,IT Power 2N + UPS 2N,0.0129336199302847,0.09579924890422932,1.0,9.0
2026-08-01 15:00:00+00:00,2026-08-02 22:00:00+00:00,SHEPD,WISLES,1860,ups_dr,IT Power 2N + UPS Distributed Redundancy,0.0129336199302847,0.13731996131316607,1.0,6.75
2026-08-02 06:00:00+00:00,2026-08-03 14:00:00+00:00,SHEPD,WISLES,1920,hvdc_2n,IT Power 2N + HVDC 2N,0.0158696855938939,0.07231712857972375,1.0,8.9
2026-08-02 06:00:00+00:00,2026-08-03 14:00:00+00:00,SHEPD,WISLES,1920,mains_2n,IT Power 2N + Direct Utility 2N,0.0158696855938939,0.20729583867716378,1.0,0.05
2026-08-02 06:00:00+00:00,2026-08-03 14:00:00+00:00,SHEPD,WISLES,1920,ups_2n,IT Power 2N + UPS 2N,0.0158696855938939,0.0988949406400086,1.0,9.0
2026-08-02 06:00:00+00:00,2026-08-03 14:00:00+00:00,SHEPD,WISLES,1920,ups_dr,IT Power 2N + UPS Distributed Redundancy,0.0158696855938939,0.14119093980493969,1.0,6.75
2026-07-29 02:00:00+00:00,2026-07-30 11:00:00+00:00,SHEPD,WISLES,1980,hvdc_2n,IT Power 2N + HVDC 2N,0.0174313005614415,0.07363766896161861,1.0,8.9
2026-07-29 02:00:00+00:00,2026-07-30 11:00:00+00:00,SHEPD,WISLES,1980,mains_2n,IT Power 2N + Direct Utility 2N,0.0174313005614415,0.20987368184188782,1.0,0.05
2026-07-29 02:00:00+00:00,2026-07-30 11:00:00+00:00,SHEPD,WISLES,1980,ups_2n,IT Power 2N + UPS 2N,0.0174313005614415,0.10057749301997991,1.0,9.0
2026-07-29 02:00:00+00:00,2026-07-30 11:00:00+00:00,SHEPD,WISLES,1980,ups_dr,IT Power 2N + UPS Distributed Redundancy,0.0174313005614415,0.14328671368335233,1.0,6.75
2026-08-01 09:00:00+00:00,2026-08-02 19:00:00+00:00,SHEPD,WISLES,2040,hvdc_2n,IT Power 2N + HVDC 2N,0.0110955192462457,0.0684143198485997,1.0,8.9
2026-08-01 09:00:00+00:00,2026-08-02 19:00:00+00:00,SHEPD,WISLES,2040,mains_2n,IT Power 2N + Direct Utility 2N,0.0110955192462457,0.19956029166863487,1.0,0.05
2026-08-01 09:00:00+00:00,2026-08-02 19:00:00+00:00,SHEPD,WISLES,2040,ups_2n,IT Power 2N + UPS 2N,0.0110955192462457,0.09390557477007119,1.0,9.0
2026-08-01 09:00:00+00:00,2026-08-02 19:00:00+00:00,SHEPD,WISLES,2040,ups_dr,IT Power 2N + UPS Distributed Redundancy,0.0110955192462457,0.13494225820400468,1.0,6.75
2026-08-02 00:00:00+00:00,2026-08-03 11:00:00+00:00,SHEPD,WISLES,2100,hvdc_2n,IT Power 2N + HVDC 2N,0.0169094776104813,0.0731939515756632,1.0,8.9
2026-08-02 00:00:00+00:00,2026-08-03 11:00:00+00:00,SHEPD,WISLES,2100,mains_2n,IT Power 2N + Direct Utility 2N,0.0169094776104813,0.20900966998827328,1.0,0.05
2026-08-02 00:00:00+00:00,2026-08-03 11:00:00+00:00,SHEPD,WISLES,2100,ups_2n,IT Power 2N + UPS 2N,0.0169094776104813,0.10001244846825211,1.0,9.0
2026-08-02 00:00:00+00:00,2026-08-03 11:00:00+00:00,SHEPD,WISLES,2100,ups_dr,IT Power 2N + UPS Distributed Redundancy,0.0169094776104813,0.14258353165266127,1.0,6.75
2026-07-31 15:00:00+00:00,2026-08-02 03:00:00+00:00,SHEPD,WISLES,2160,hvdc_2n,IT Power 2N + HVDC 2N,0.0102197893422641,0.06771993738774547,1.0,8.9
2026-07-31 15:00:00+00:00,2026-08-02 03:00:00+00:00,SHEPD,WISLES,2160,mains_2n,IT Power 2N + Direct Utility 2N,0.0102197893422641,0.19816511559078206,1.0,0.05
2026-07-31 15:00:00+00:00,2026-08-02 03:00:00+00:00,SHEPD,WISLES,2160,ups_2n,IT Power 2N + UPS 2N,0.0102197893422641,0.0930152204900732,1.0,9.0
2026-07-31 15:00:00+00:00,2026-08-02 03:00:00+00:00,SHEPD,WISLES,2160,ups_dr,IT Power 2N + UPS Distributed Redundancy,0.0102197893422641,0.1338217165031614,1.0,6.75
2026-08-02 04:00:00+00:00,2026-08-03 17:00:00+00:00,SHEPD,WISLES,2220,hvdc_2n,IT Power 2N + HVDC 2N,0.0154664454228624,0.07197970270634109,1.0,8.9
2026-08-02 04:00:00+00:00,2026-08-03 17:00:00+00:00,SHEPD,WISLES,2220,mains_2n,IT Power 2N + Direct Utility 2N,0.0154664454228624,0.20663399926023854,1.0,0.05
2026-08-02 04:00:00+00:00,2026-08-03 17:00:00+00:00,SHEPD,WISLES,2220,ups_2n,IT Power 2N + UPS 2N,0.0154664454228624,0.09846456112924201,1.0,9.0
2026-08-02 04:00:00+00:00,2026-08-03 17:00:00+00:00,SHEPD,WISLES,2220,ups_dr,IT Power 2N + UPS Distributed Redundancy,0.0154664454228624,0.1406539468849941,1.0,6.75
2026-07-31 17:00:00+00:00,2026-08-02 07:00:00+00:00,SHEPD,WISLES,2280,hvdc_2n,IT Power 2N + HVDC 2N,0.0106578191007589,0.06806643850056132,1.0,8.9
2026-07-31 17:00:00+00:00,2026-08-02 07:00:00+00:00,SHEPD,WISLES,2280,mains_2n,IT Power 2N + Direct Utility 2N,0.0106578191007589,0.19886204636933352,1.0,0.05
2026-07-31 17:00:00+00:00,2026-08-02 07:00:00+00:00,SHEPD,WISLES,2280,ups_2n,IT Power 2N + UPS 2N,0.0106578191007589,0.09345961423968568,1.0,9.0
2026-07-31 17:00:00+00:00,2026-08-02 07:00:00+00:00,SHEPD,WISLES,2280,ups_dr,IT Power 2N + UPS Distributed Redundancy,0.0106578191007589,0.13438121159170607,1.0,6.75
2026-08-01 23:00:00+00:00,2026-08-03 14:00:00+00:00,SHEPD,WISLES,2340,hvdc_2n,IT Power 2N + HVDC 2N,0.0132181643420865,0.07012486038730019,1.0,8.9
2026-08-01 23:00:00+00:00,2026-08-03 14:00:00+00:00,SHEPD,WISLES,2340,mains_2n,IT Power 2N + Direct Utility 2N,0.0132181643420865,0.20297255243479898,1.0,0.05
2026-08-01 23:00:00+00:00,2026-08-03 14:00:00+00:00,SHEPD,WISLES,2340,ups_2n,IT Power 2N + UPS 2N,0.0132181643420865,0.09609543022155989,1.0,9.0
2026-08-01 23:00:00+00:00,2026-08-03 14:00:00+00:00,SHEPD,WISLES,2340,ups_dr,IT Power 2N + UPS Distributed Redundancy,0.0132181643420865,0.13769117082580343,1.0,6.75
2026-07-31 13:00:00+00:00,2026-08-02 05:00:00+00:00,SHEPD,WISLES,2400,hvdc_2n,IT Power 2N + HVDC 2N,0.0106538127937911,0.06806326189844669,1.0,8.9
2026-07-31 13:00:00+00:00,2026-08-02 05:00:00+00:00,SHEPD,WISLES,2400,mains_2n,IT Power 2N + Direct Utility 2N,0.0106538127937911,0.19885566376101751,1.0,0.05
2026-07-31 13:00:00+00:00,2026-08-02 05:00:00+00:00,SHEPD,WISLES,2400,ups_2n,IT Power 2N + UPS 2N,0.0106538127937911,0.09345554111109906,1.0,9.0
2026-07-31 13:00:00+00:00,2026-08-02 05:00:00+00:00,SHEPD,WISLES,2400,ups_dr,IT Power 2N + UPS Distributed Redundancy,0.0106538127937911,0.13437608539654167,1.0,6.75
2026-08-02 06:00:00+00:00,2026-08-03 23:00:00+00:00,SHEPD,WISLES,2460,hvdc_2n,IT Power 2N + HVDC 2N,0.0127378255203083,0.06973434914092977,1.0,8.9
2026-08-02 06:00:00+00:00,2026-08-03 23:00:00+00:00,SHEPD,WISLES,2460,mains_2n,IT Power 2N + Direct Utility 2N,0.0127378255203083,0.20219659434995263,1.0,0.05
2026-08-02 06:00:00+00:00,2026-08-03 23:00:00+00:00,SHEPD,WISLES,2460,ups_2n,IT Power 2N + UPS 2N,0.0127378255203083,0.0955959214346014,1.0,9.0
2026-08-02 06:00:00+00:00,2026-08-03 23:00:00+00:00,SHEPD,WISLES,2460,ups_dr,IT Power 2N + UPS Distributed Redundancy,0.0127378255203083,0.1370650218162391,1.0,6.75
2026-07-31 12:00:00+00:00,2026-08-02 06:00:00+00:00,SHEPD,WISLES,2520,hvdc_2n,IT Power 2N + HVDC 2N,0.0103461697609605,0.06781974170696559,1.0,8.9
2026-07-31 12:00:00+00:00,2026-08-02 06:00:00+00:00,SHEPD,WISLES,2520,mains_2n,IT Power 2N + Direct Utility 2N,0.0103461697609605,0.1983660052496291,1.0,0.05
2026-07-31 12:00:00+00:00,2026-08-02 06:00:00+00:00,SHEPD,WISLES,2520,ups_2n,IT Power 2N + UPS 2N,0.0103461697609605,0.0931432420483277,1.0,9.0
2026-07-31 12:00:00+00:00,2026-08-02 06:00:00+00:00,SHEPD,WISLES,2520,ups_dr,IT Power 2N + UPS Distributed Redundancy,0.0103461697609605,0.13398293966292654,1.0,6.75
2026-07-30 16:00:00+00:00,2026-08-01 11:00:00+00:00,SHEPD,WISLES,2580,hvdc_2n,IT Power 2N + HVDC 2N,0.0149686381617207,0.07156514766024963,1.0,8.9
2026-07-30 16:00:00+00:00,2026-08-01 11:00:00+00:00,SHEPD,WISLES,2580,mains_2n,IT Power 2N + Direct Utility 2N,0.0149686381617207,0.20581910376309295,1.0,0.05
2026-07-30 16:00:00+00:00,2026-08-01 11:00:00+00:00,SHEPD,WISLES,2580,ups_2n,IT Power 2N + UPS 2N,0.0149686381617207,0.09793555163596833,1.0,9.0
2026-07-30 16:00:00+00:00,2026-08-01 11:00:00+00:00,SHEPD,WISLES,2580,ups_dr,IT Power 2N + UPS Distributed Redundancy,0.0149686381617207,0.13999337649580756,1.0,6.75
2026-07-30 04:00:00+00:00,2026-08-01 00:00:00+00:00,SHEPD,WISLES,2640,hvdc_2n,IT Power 2N + HVDC 2N,0.0122949369716807,0.06937606809200723,1.0,8.9
2026-07-30 04:00:00+00:00,2026-08-01 00:00:00+00:00,SHEPD,WISLES,2640,mains_2n,IT Power 2N + Direct Utility 2N,0.0122949369716807,0.20148309918430887,1.0,0.05
2026-07-30 04:00:00+00:00,2026-08-01 00:00:00+00:00,SHEPD,WISLES,2640,ups_2n,IT Power 2N + UPS 2N,0.0122949369716807,0.09513741636901746,1.0,9.0
2026-07-30 04:00:00+00:00,2026-08-01 00:00:00+00:00,SHEPD,WISLES,2640,ups_dr,IT Power 2N + UPS Distributed Redundancy,0.0122949369716807,0.13648981532640173,1.0,6.75
2026-08-01 22:00:00+00:00,2026-08-03 19:00:00+00:00,SHEPD,WISLES,2700,hvdc_2n,IT Power 2N + HVDC 2N,0.012357082252107,0.06942623846674344,1.0,8.9
2026-08-01 22:00:00+00:00,2026-08-03 19:00:00+00:00,SHEPD,WISLES,2700,mains_2n,IT Power 2N + Direct Utility 2N,0.012357082252107,0.20158310182042916,1.0,0.05
2026-08-01 22:00:00+00:00,2026-08-03 19:00:00+00:00,SHEPD,WISLES,2700,ups_2n,IT Power 2N + UPS 2N,0.012357082252107,0.09520163403325232,1.0,9.0
2026-08-01 22:00:00+00:00,2026-08-03 19:00:00+00:00,SHEPD,WISLES,2700,ups_dr,IT Power 2N + UPS Distributed Redundancy,0.012357082252107,0.13657040445578764,1.0,6.75
2026-08-02 03:00:00+00:00,2026-08-04 01:00:00+00:00,SHEPD,WISLES,2760,hvdc_2n,IT Power 2N + HVDC 2N,0.011328584367188,0.06860023004486064,1.0,8.9
2026-08-02 03:00:00+00:00,2026-08-04 01:00:00+00:00,SHEPD,WISLES,2760,mains_2n,IT Power 2N + Direct Utility 2N,0.011328584367188,0.19993284122554913,1.0,0.05
2026-08-02 03:00:00+00:00,2026-08-04 01:00:00+00:00,SHEPD,WISLES,2760,ups_2n,IT Power 2N + UPS 2N,0.011328584367188,0.0941438158309721,1.0,9.0
2026-08-02 03:00:00+00:00,2026-08-04 01:00:00+00:00,SHEPD,WISLES,2760,ups_dr,IT Power 2N + UPS Distributed Redundancy,0.011328584367188,0.13524180829162175,1.0,6.75
2026-07-27 11:00:00+00:00,2026-07-29 10:00:00+00:00,SHEPD,WISLES,2820,hvdc_2n,IT Power 2N + HVDC 2N,0.0169359936161584,0.07321643920156597,1.0,8.9
2026-07-27 11:00:00+00:00,2026-07-29 10:00:00+00:00,SHEPD,WISLES,2820,mains_2n,IT Power 2N + Direct Utility 2N,0.0169359936161584,0.20905351085843832,1.0,0.05
2026-07-27 11:00:00+00:00,2026-07-29 10:00:00+00:00,SHEPD,WISLES,2820,ups_2n,IT Power 2N + UPS 2N,0.0169359936161584,0.10004109256851217,1.0,9.0
2026-07-27 11:00:00+00:00,2026-07-29 10:00:00+00:00,SHEPD,WISLES,2820,ups_dr,IT Power 2N + UPS Distributed Redundancy,0.0169359936161584,0.14261919378039092,1.0,6.75
2026-08-01 12:00:00+00:00,2026-08-03 12:00:00+00:00,SHEPD,WISLES,2880,hvdc_2n,IT Power 2N + HVDC 2N,0.0148773846655928,0.07148939458011318,1.0,8.9
2026-08-01 12:00:00+00:00,2026-08-03 12:00:00+00:00,SHEPD,WISLES,2880,mains_2n,IT Power 2N + Direct Utility 2N,0.0148773846655928,0.20566998303000356,1.0,0.05
2026-08-01 12:00:00+00:00,2026-08-03 12:00:00+00:00,SHEPD,WISLES,2880,ups_2n,IT Power 2N + UPS 2N,0.0148773846655928,0.09783885363682675,1.0,9.0
2026-08-01 12:00:00+00:00,2026-08-03 12:00:00+00:00,SHEPD,WISLES,2880,ups_dr,IT Power 2N + UPS Distributed Redundancy,0.0148773846655928,0.13987256881904314,1.0,6.75
